filename,lbp_R_0,lbp_G_0,lbp_B_0,lbp_R_1,lbp_G_1,lbp_B_1,lbp_R_2,lbp_G_2,lbp_B_2,lbp_R_3,lbp_G_3,lbp_B_3,lbp_R_4,lbp_G_4,lbp_B_4,lbp_R_5,lbp_G_5,lbp_B_5,lbp_R_6,lbp_G_6,lbp_B_6,lbp_R_7,lbp_G_7,lbp_B_7,lbp_R_8,lbp_G_8,lbp_B_8,lbp_R_9,lbp_G_9,lbp_B_9
tag.txt,0.009124999999994297,0.007106249999995559,0.007674999999995203,0.021749999999986405,0.018131249999988667,0.022581249999985887,0.03223749999997985,0.026212499999983617,0.032068749999979954,0.1731187499998918,0.17171874999989267,0.17690624999988944,0.38855624999975713,0.42793124999973253,0.40577499999974637,0.20779999999987012,0.2100624999998687,0.21189374999986757,0.0652749999999592,0.05945624999996284,0.060293749999962315,0.03255624999997965,0.02633124999998354,0.028262499999982336,0.034393749999978504,0.02696249999998315,0.025837499999983853,0.03518749999997801,0.026087499999983697,0.02870624999998206
tag.txt,0.007137499999995539,0.005587499999996508,0.006262499999996086,0.018281249999988574,0.016181249999989888,0.020531249999987167,0.029924999999981296,0.02513124999998429,0.02945624999998159,0.17416249999989114,0.16761249999989525,0.17328749999989168,0.42264999999973585,0.462343749999711,0.44253124999972343,0.2020999999998737,0.20234999999987352,0.20324999999987298,0.057906249999963806,0.05254999999996716,0.05378749999996638,0.0292812499999817,0.023756249999985154,0.025906249999983807,0.029606249999981495,0.022999999999985626,0.021643749999986472,0.028949999999981907,0.02148749999998657,0.02334374999998541
tag.txt,0.00889374999999444,0.006962499999995648,0.00788749999999507,0.02113749999998679,0.01773124999998892,0.02163124999998648,0.032087499999979945,0.027156249999983027,0.0324749999999797,0.17511874999989055,0.1715312499998928,0.1766499999998896,0.39623749999975233,0.4342687499997286,0.41058749999974337,0.20516874999987178,0.20664999999987085,0.20851874999986966,0.06343749999996035,0.05813749999996366,0.060312499999962306,0.032068749999979954,0.026649999999983343,0.028074999999982454,0.03179374999998013,0.02465624999998459,0.025062499999984337,0.034056249999978715,0.02625624999998359,0.028799999999982
tag.txt,0.008712499999994554,0.0071812499999955115,0.007431249999995356,0.021724999999986422,0.01846249999998846,0.021943749999986287,0.0315187499999803,0.026618749999983364,0.032087499999979945,0.17011874999989368,0.1667312499998958,0.17286249999989195,0.40153124999974904,0.4377624999997264,0.4179624999997388,0.2041624999998724,0.2067187499998708,0.20914999999986927,0.0625499999999609,0.05684999999996447,0.05756874999996402,0.031656249999980214,0.026049999999983718,0.027581249999982762,0.03374374999997891,0.026906249999983183,0.025768749999983895,0.03428124999997857,0.0267187499999833,0.027643749999982724
tag.txt,0.025162499999984274,0.023243749999985474,0.021693749999986443,0.04145624999997409,0.03672499999997705,0.042012499999973744,0.05451249999996593,0.04903749999996935,0.054224999999966106,0.1659499999998963,0.16851249999989468,0.17031874999989355,0.2441749999998474,0.2811187499998243,0.27192499999983005,0.18940624999988162,0.20324999999987298,0.20218124999987364,0.09322499999994173,0.08705624999994559,0.0873624999999454,0.052606249999967124,0.043956249999972524,0.04573124999997142,0.06083749999996198,0.047893749999970064,0.04409374999997244,0.07266874999995458,0.059206249999963,0.060456249999962214
tag.txt,0.02281874999998574,0.021081249999986826,0.02036874999998727,0.037831249999976356,0.03386249999997883,0.03846874999997596,0.052356249999967276,0.047912499999970055,0.053524999999966544,0.17212499999989242,0.1729687499998919,0.17187499999989259,0.27703749999982685,0.3051187499998093,0.29811249999981365,0.19203124999987997,0.20408749999987244,0.19915624999987552,0.08578124999994638,0.08030624999994981,0.0808124999999495,0.04794374999997004,0.04006249999997496,0.04376874999997264,0.04923124999996923,0.04027499999997483,0.03876874999997577,0.06284374999996072,0.054324999999966046,0.05514374999996553
tag.txt,0.023243749999985474,0.021637499999986477,0.02034999999998728,0.03881874999997574,0.03502499999997811,0.038506249999975935,0.054399999999965996,0.0494374999999691,0.054899999999965685,0.17390624999989132,0.1737562499998914,0.1756812499998902,0.26183124999983637,0.29479999999981576,0.28626249999982106,0.19239374999987977,0.20374999999987264,0.20326874999987296,0.08804374999994498,0.08268749999994832,0.08105624999994934,0.04918124999996926,0.0411187499999743,0.04342499999997286,0.05266249999996708,0.04243124999997348,0.04051874999997467,0.06551874999995905,0.055356249999965405,0.05603124999996498
tag.txt,0.023649999999985218,0.022218749999986114,0.02097499999998689,0.03837499999997602,0.03641874999997724,0.0398312499999751,0.05335624999996665,0.049687499999968944,0.055862499999965086,0.172799999999892,0.171206249999893,0.1703999999998935,0.27308749999982934,0.30097499999981187,0.2931187499998168,0.1913437499998804,0.2009624999998744,0.20034999999987477,0.08586874999994633,0.08183124999994885,0.08033749999994978,0.04724999999997047,0.04101874999997436,0.04289999999997319,0.05036874999996852,0.041418749999974115,0.040293749999974815,0.06389999999996006,0.05426249999996609,0.055931249999965044
tag.txt,0.028799999999982,0.026593749999983377,0.025524999999984047,0.04374999999997266,0.040199999999974874,0.04278749999997326,0.058593749999963377,0.05364999999996647,0.058774999999963266,0.171199999999893,0.16904999999989434,0.17427499999989107,0.24166874999984897,0.2772687499998267,0.26173124999983644,0.17990624999988755,0.19221874999987987,0.19515624999987802,0.09139374999994287,0.08506874999994683,0.08623124999994611,0.05264999999996709,0.04505624999997184,0.04513124999997179,0.05698749999996438,0.046449999999970966,0.04504374999997185,0.0750499999999531,0.06444374999995972,0.06534374999995916
tag.txt,0.030231249999981107,0.02782499999998261,0.02674999999998328,0.04489374999997194,0.043468749999972835,0.04453749999997216,0.0598437499999626,0.054749999999965784,0.061243749999961725,0.1706937499998933,0.17046874999989345,0.1732624999998917,0.24183749999984885,0.2708062499998307,0.25797499999983875,0.18135624999988664,0.19090624999988068,0.19235624999987977,0.08916874999994427,0.08392499999994754,0.0857562499999464,0.05274999999996703,0.047131249999970544,0.04774999999997016,0.053374999999966644,0.04455624999997215,0.04388749999997257,0.0758499999999526,0.06616249999995864,0.06648124999995846
tag.txt,0.02871874999998205,0.026581249999983386,0.025399999999984126,0.043362499999972895,0.039781249999975135,0.0422312499999736,0.06018749999996238,0.05526249999996546,0.060299999999962314,0.17288749999989195,0.17292499999989192,0.1757124999998902,0.24499374999984688,0.27536249999982787,0.26243124999983597,0.18103124999988685,0.1926437499998796,0.19542499999987786,0.08909374999994432,0.08349374999994781,0.08563749999994648,0.0513624999999679,0.044737499999972036,0.04561874999997149,0.05486249999996571,0.045787499999971386,0.043449999999972844,0.07349999999995406,0.06342499999996036,0.06379374999996013
tag.txt,0.02937499999998164,0.027643749999982724,0.02614374999998366,0.04420624999997237,0.04163749999997397,0.04298749999997313,0.06083749999996198,0.05537499999996539,0.06124999999996172,0.17079374999989325,0.1713437499998929,0.17503124999989061,0.24636249999984602,0.27452499999982843,0.2606937499998371,0.18150624999988657,0.1911874999998805,0.195193749999878,0.08877499999994451,0.0828937499999482,0.08389999999994756,0.052268749999967334,0.045937499999971286,0.045937499999971286,0.05323124999996673,0.04514374999997178,0.043793749999972625,0.0726437499999546,0.0643124999999598,0.06506874999995933
tag.txt,0.024231249999984855,0.020993749999986877,0.019962499999987525,0.04435624999997228,0.036024999999977485,0.04251249999997343,0.05178749999996763,0.04556249999997152,0.05238749999996726,0.16293124999989816,0.1710312499998931,0.17564999999989023,0.20519999999987176,0.24821874999984486,0.23857499999985088,0.17858749999988838,0.1942687499998786,0.1929687499998794,0.10135624999993666,0.09672499999993954,0.09574374999994016,0.06269999999996081,0.051931249999967545,0.05291249999996693,0.08449374999994719,0.06982499999995635,0.06314999999996053,0.08435624999994727,0.06541874999995911,0.06613749999995866
tag.txt,0.021812499999986367,0.01961874999998774,0.018806249999988246,0.04104999999997434,0.033624999999978984,0.039349999999975405,0.048231249999969854,0.04394374999997253,0.05002499999996873,0.1705624999998934,0.17476874999989078,0.1818937499998863,0.23299999999985438,0.26887499999983194,0.25764999999983895,0.17998124999988752,0.1942374999998786,0.19385624999987883,0.09382499999994136,0.0899187499999438,0.08909999999994431,0.05659374999996463,0.047718749999970174,0.04924374999996922,0.08008749999994995,0.0681687499999574,0.060906249999961935,0.07485624999995322,0.05912499999996305,0.05916874999996302
tag.txt,0.024243749999984847,0.02134374999998666,0.02026874999998733,0.043562499999972776,0.034837499999978226,0.03972499999997517,0.051062499999968085,0.04561874999997149,0.05058749999996838,0.16753749999989528,0.17401874999989123,0.18102499999988686,0.21652499999986466,0.25562499999984023,0.24426874999984732,0.18166874999988647,0.1929374999998794,0.19362499999987898,0.09780624999993887,0.09284999999994197,0.09341874999994161,0.05912499999996305,0.05020624999996862,0.05006249999996871,0.07978124999995014,0.0681624999999574,0.06238124999996101,0.07868749999995082,0.06439999999995975,0.0646374999999596
tag.txt,0.02310624999998556,0.020799999999987,0.020456249999987214,0.043193749999973004,0.035781249999977637,0.0412749999999742,0.05051874999996842,0.04554999999997153,0.05188749999996757,0.16539999999989663,0.17099999999989313,0.17335624999989166,0.2331187499998543,0.26665624999983334,0.2554187499998404,0.180824999999887,0.1923062499998798,0.19009374999988118,0.09436874999994102,0.08946249999994409,0.08806249999994496,0.05701249999996437,0.0486374999999696,0.05111249999996805,0.07659999999995212,0.06731874999995792,0.06371249999996018,0.0758562499999526,0.06248749999996094,0.0646249999999596
tag.txt,0.022456249999985963,0.01964999999998772,0.019656249999987715,0.04444374999997222,0.03594999999997753,0.04280624999997325,0.04734999999997041,0.04382499999997261,0.04878124999996951,0.15703749999990185,0.16519374999989675,0.16786249999989508,0.22168124999986144,0.26032499999983727,0.25234374999984227,0.18258749999988588,0.19454374999987842,0.19239999999987975,0.09473749999994079,0.09179999999994262,0.09099999999994313,0.06145624999996159,0.05258749999996713,0.053893749999966316,0.08743124999994535,0.0731187499999543,0.06625624999995859,0.0808187499999495,0.06300624999996061,0.06499999999995937
tag.txt,0.021574999999986515,0.01874999999998828,0.018631249999988355,0.042606249999973374,0.034643749999978345,0.04263124999997336,0.04839374999996975,0.04324999999997297,0.04830624999996981,0.15795624999990127,0.16612499999989616,0.16394374999989753,0.24018124999984988,0.2775937499998265,0.2743999999998285,0.1847999999998845,0.19844999999987598,0.19413124999987866,0.0899312499999438,0.08814374999994491,0.08632499999994604,0.05971249999996268,0.04921874999996924,0.051237499999967975,0.07836874999995101,0.0652812499999592,0.0598437499999626,0.0764749999999522,0.05854374999996341,0.060549999999962155
tag.txt,0.0220812499999862,0.01971249999998768,0.01900624999998812,0.0441624999999724,0.03605624999997747,0.04173124999997392,0.047481249999970325,0.042862499999973214,0.04861874999996961,0.16169374999989894,0.16812499999989491,0.16994999999989377,0.22729999999985795,0.26343749999983535,0.25548749999984033,0.1785249999998884,0.18855624999988216,0.18838749999988225,0.0929562499999419,0.08984374999994385,0.08839374999994476,0.06067499999996208,0.052681249999967074,0.052693749999967066,0.08488124999994695,0.07554374999995278,0.0705749999999559,0.08024374999994985,0.06318124999996051,0.06515624999995928
tag.txt,0.021593749999986502,0.019412499999987867,0.01894374999998816,0.04081874999997449,0.03400624999997875,0.04162499999997398,0.04802499999996999,0.0435187499999728,0.048249999999969845,0.16024374999989985,0.16573749999989643,0.16179374999989887,0.2600124999998375,0.2913249999998179,0.2871874999998205,0.1873562499998829,0.19752499999987655,0.19338749999987914,0.0891062499999443,0.0857624999999464,0.08349374999994781,0.054837499999965726,0.047224999999970485,0.04922499999996923,0.0699187499999563,0.059543749999962786,0.05719999999996425,0.06808749999995745,0.055943749999965035,0.05889374999996319
tag.txt,0.028999999999981874,0.026006249999983747,0.026849999999983217,0.0572749999999642,0.046712499999970805,0.054231249999966105,0.05028749999996857,0.046018749999971235,0.051074999999968076,0.14035624999991228,0.15011249999990617,0.1485062499999072,0.1538874999999038,0.18724999999988295,0.17198749999989252,0.166368749999896,0.1803374999998873,0.1758499999998901,0.10618124999993364,0.10694374999993315,0.10659999999993337,0.07583124999995261,0.06618749999995863,0.06908124999995682,0.1158437499999276,0.10390624999993506,0.1027312499999358,0.1049687499999344,0.08652499999994592,0.09308749999994181
tag.txt,0.029468749999981583,0.02691249999998318,0.027187499999983007,0.05717499999996427,0.04724374999997047,0.055193749999965507,0.052324999999967294,0.048343749999969786,0.05384374999996635,0.14229999999991105,0.1523187499999048,0.14966249999990647,0.1627062499998983,0.1933062499998792,0.1832062499998855,0.16649374999989594,0.17930624999988792,0.1731437499998918,0.10531249999993418,0.10618124999993364,0.10475624999993453,0.0740749999999537,0.0651312499999593,0.06711249999995805,0.10863749999993211,0.09513749999994053,0.09436249999994102,0.10150624999993656,0.08611874999994618,0.09153124999994279
tag.txt,0.029099999999981814,0.026818749999983238,0.026168749999983646,0.05299374999996688,0.04577499999997139,0.05206249999996746,0.052281249999967326,0.04869374999996957,0.054249999999966096,0.14733749999990792,0.15099999999990563,0.15276874999990453,0.1737499999998914,0.19898124999987563,0.18835624999988226,0.17166249999989272,0.17964374999988772,0.17765624999988897,0.1031999999999355,0.10385624999993509,0.10275624999993578,0.07013749999995617,0.06365624999996021,0.06532499999995917,0.1032124999999355,0.09673124999993954,0.09338749999994163,0.09632499999993979,0.08484374999994697,0.08726874999994545
tag.txt,0.02910624999998181,0.028856249999981966,0.027706249999982682,0.05313749999996679,0.045931249999971294,0.051331249999967916,0.055862499999965086,0.04977499999996889,0.05494374999996566,0.15028124999990608,0.15579374999990261,0.15368124999990396,0.1758374999998901,0.19841249999987598,0.19156249999988026,0.16718749999989552,0.17658124999988964,0.1755499999998903,0.10445624999993472,0.10629374999993356,0.10245624999993597,0.07048124999995595,0.06371249999996018,0.06658124999995839,0.09842499999993848,0.09193749999994254,0.08888124999994444,0.09522499999994048,0.08270624999994831,0.08730624999994543
tag.txt,0.02759999999998275,0.02611249999998368,0.026212499999983617,0.055762499999965146,0.04674999999997078,0.055093749999965566,0.04950624999996906,0.04582499999997136,0.05076249999996827,0.14084999999991196,0.14681249999990825,0.14866249999990708,0.1601374999998999,0.19108749999988056,0.17299999999989188,0.17063749999989336,0.18019999999988737,0.1737499999998914,0.10364999999993522,0.10407499999993496,0.10433749999993479,0.07353124999995404,0.06523749999995923,0.06778749999995763,0.11641249999992724,0.10630624999993356,0.10634999999993353,0.1019124999999363,0.08759374999994525,0.09404374999994122
tag.txt,0.02828749999998232,0.02678749999998326,0.02709999999998306,0.054724999999965794,0.04699999999997063,0.05521249999996549,0.052612499999967116,0.048324999999969795,0.05276874999996702,0.14400624999991,0.15063749999990586,0.14813124999990743,0.16924374999989422,0.19339374999987913,0.180768749999887,0.1719812499998925,0.17847499999988845,0.1732687499998917,0.10653124999993342,0.1043062499999348,0.10313124999993555,0.07053749999995591,0.06568749999995895,0.0683374999999573,0.10461249999993462,0.09799374999993875,0.09815624999993865,0.09746249999993908,0.08739374999994538,0.0931249999999418
tag.txt,0.027749999999982657,0.026537499999983415,0.026374999999983516,0.05154374999996778,0.04478749999997201,0.05145624999996784,0.051812499999967614,0.04803749999996998,0.053956249999966274,0.1494124999999066,0.15273124999990453,0.15428124999990359,0.18327499999988545,0.2041937499998724,0.19209999999987995,0.1765124999998897,0.18073749999988703,0.17883124999988823,0.10220624999993612,0.10311249999993555,0.10196874999993627,0.06629374999995856,0.06186874999996133,0.06394374999996004,0.10066249999993708,0.09474999999994078,0.0932937499999417,0.09053124999994341,0.08324374999994798,0.08379374999994763
tag.txt,0.028999999999981874,0.028599999999982126,0.027699999999982686,0.051149999999968034,0.044924999999971925,0.05148749999996782,0.05497499999996564,0.051199999999968,0.056537499999964665,0.15006874999990621,0.1560249999999025,0.15642499999990223,0.1830687499998856,0.20178124999987387,0.19035624999988102,0.17321249999989174,0.17765624999988897,0.17595624999989,0.10420624999993487,0.10392499999993504,0.1028812499999357,0.06776249999995765,0.06246249999996096,0.06534374999995916,0.094387499999941,0.09046874999994346,0.08780624999994512,0.0921687499999424,0.08295624999994815,0.08550624999994656
tag.txt,0.0267187499999833,0.023018749999985613,0.024518749999984674,0.05819999999996363,0.04632499999997105,0.05594999999996503,0.046406249999971,0.044212499999972364,0.04711874999997055,0.1372812499999142,0.15033749999990603,0.14231249999991105,0.1524687499999047,0.18426249999988484,0.1747124999998908,0.1686562499998946,0.1828749999998857,0.17543749999989036,0.10293124999993566,0.10490624999993443,0.102406249999936,0.07671874999995205,0.06773749999995766,0.07144374999995534,0.12464999999992209,0.10896874999993189,0.10994374999993128,0.10596874999993378,0.0873562499999454,0.09615624999993991
tag.txt,0.026506249999983432,0.02388749999998507,0.024837499999984476,0.05703749999996435,0.04489374999997194,0.053293749999966694,0.048756249999969525,0.045674999999971454,0.04796249999997002,0.13740624999991413,0.1499374999999063,0.14314374999991053,0.17555624999989028,0.20732499999987042,0.2004749999998747,0.17252499999989218,0.18981874999988135,0.18376874999988516,0.100818749999937,0.10253124999993592,0.09806249999993871,0.07269374999995457,0.06257499999996088,0.06641874999995849,0.10902499999993186,0.09358124999994151,0.09338749999994163,0.0996749999999377,0.07977499999995014,0.08864999999994459
tag.txt,0.02548749999998407,0.02363124999998523,0.02406249999998496,0.05558124999996526,0.04393749999997254,0.05078124999996826,0.05001874999996874,0.04639374999997101,0.049862499999968835,0.1444937499999097,0.1532749999999042,0.1489374999999069,0.17494374999989065,0.2009749999998744,0.1961312499998774,0.17253749999989215,0.18423749999988484,0.1815687499998865,0.10342499999993536,0.10301874999993561,0.1003312499999373,0.07266249999995458,0.0652874999999592,0.06743124999995785,0.10614374999993366,0.09814374999993866,0.09564999999994021,0.0947062499999408,0.08109999999994931,0.08524374999994672
tag.txt,0.024806249999984497,0.02366249999998521,0.02345624999998534,0.052106249999967436,0.04300624999997312,0.0483124999999698,0.04908749999996932,0.045274999999971706,0.048324999999969795,0.14123749999991173,0.14980624999990638,0.14630624999990854,0.20050624999987468,0.2212749999998617,0.21794999999986378,0.17944999999988784,0.18871874999988206,0.1884874999998822,0.09612499999993993,0.09853124999993841,0.0932749999999417,0.06790624999995756,0.06069999999996206,0.06294374999996066,0.0996687499999377,0.09253124999994217,0.09067499999994333,0.0891062499999443,0.07649374999995219,0.08026874999994983
tag.txt,0.021993749999986253,0.020787499999987007,0.019418749999987862,0.035093749999978066,0.0321562499999799,0.03538124999997789,0.05134374999996791,0.049443749999969096,0.05160624999996775,0.1732499999998917,0.17148749999989282,0.1733062499998917,0.30711874999980804,0.33193124999979257,0.3273062499997954,0.18913749999988178,0.195174999999878,0.19316874999987926,0.07655624999995216,0.07160624999995524,0.07211249999995493,0.043624999999972734,0.037899999999976314,0.03959999999997525,0.04345624999997284,0.037299999999976685,0.03603124999997748,0.058424999999963485,0.05221249999996737,0.052068749999967454
tag.txt,0.01916874999998802,0.017931249999988793,0.016649999999989593,0.03255624999997965,0.03009374999998119,0.03331249999997918,0.04973749999996891,0.04536874999997165,0.0497624999999689,0.17530624999989045,0.17448749999989094,0.174387499999891,0.331231249999793,0.3595187499997753,0.34965624999978145,0.18484999999988447,0.18884999999988197,0.18969999999988144,0.07374999999995391,0.06804374999995748,0.06916874999995677,0.04110624999997431,0.03590624999997756,0.03774999999997641,0.03939374999997538,0.03386249999997883,0.03306249999997934,0.05289999999996694,0.045937499999971286,0.046549999999970906
tag.txt,0.021449999999986594,0.019724999999987673,0.019131249999988043,0.033537499999979035,0.03062499999998086,0.03309999999997931,0.05194374999996754,0.04849374999996969,0.05233124999996729,0.1747312499998908,0.17459999999989087,0.17469374999989082,0.31449999999980344,0.3402937499997873,0.33026249999979357,0.187218749999883,0.19321874999987923,0.19509999999987807,0.07493749999995317,0.07123124999995548,0.07141249999995537,0.04188124999997382,0.03717499999997677,0.038249999999976095,0.04201874999997374,0.035193749999978007,0.035074999999978075,0.05778124999996389,0.049443749999969096,0.050643749999968346
tag.txt,0.02286249999998571,0.021306249999986683,0.020318749999987302,0.03461874999997836,0.03366874999997896,0.03634999999997728,0.05204374999996747,0.049868749999968834,0.0535937499999665,0.17587499999989006,0.17161874999989274,0.17197499999989252,0.3137812499998039,0.3379562499997888,0.329543749999794,0.18708124999988307,0.19015624999988115,0.19081249999988073,0.0745499999999534,0.07069374999995581,0.07282499999995448,0.04186249999997384,0.03758749999997651,0.03871249999997581,0.04049999999997469,0.03588749999997757,0.03434999999997853,0.05682499999996449,0.051256249999967966,0.0515187499999678
tag.txt,0.02029999999998731,0.01806874999998871,0.017331249999989168,0.03244999999997972,0.02921874999998174,0.031218749999980488,0.05113124999996804,0.04621249999997112,0.052068749999967454,0.1876812499998827,0.18405624999988496,0.18824999999988234,0.29225624999981736,0.33007499999979373,0.31379999999980385,0.19374374999987892,0.20220624999987363,0.20436249999987227,0.07932499999995042,0.07203749999995497,0.07404374999995372,0.04289374999997319,0.03613124999997742,0.036968749999976895,0.04412499999997242,0.0355187499999778,0.03399999999997875,0.05609374999996494,0.046474999999970956,0.04795624999997003
tag.txt,0.02028749999998732,0.018093749999988692,0.017793749999988877,0.03254374999997966,0.029931249999981292,0.033012499999979364,0.050999999999968126,0.04666249999997084,0.05299999999996687,0.18936874999988165,0.18874374999988203,0.19161874999988024,0.29768124999981393,0.3310437499997931,0.3105874999998059,0.1966624999998771,0.2001562499998749,0.2033499999998729,0.07528124999995295,0.07041874999995598,0.07315624999995428,0.04126874999997421,0.034924999999978175,0.0364874999999772,0.04049374999997469,0.03349999999997906,0.033462499999979085,0.055412499999965364,0.04652499999997092,0.04753124999997029
tag.txt,0.020218749999987365,0.018312499999988553,0.017337499999989164,0.031749999999980155,0.029337499999981663,0.031337499999980416,0.052774999999967015,0.04751249999997031,0.053893749999966316,0.1908812499998807,0.18921249999988174,0.1931062499998793,0.2957187499998152,0.3282749999997948,0.31068124999980584,0.19627499999987733,0.20106249999987433,0.20425624999987235,0.07795624999995128,0.0702374999999561,0.07227499999995483,0.041068749999974334,0.03511874999997805,0.036556249999977156,0.03971249999997518,0.033724999999978925,0.033212499999979245,0.053643749999966475,0.047206249999970494,0.04734374999997041
tag.txt,0.021012499999986868,0.019124999999988047,0.018568749999988393,0.03333749999997916,0.03116874999998052,0.032956249999979405,0.051062499999968085,0.04733124999997042,0.05262499999996711,0.18958124999988152,0.18707499999988308,0.19018124999988115,0.2997187499998127,0.3278999999997951,0.311912499999805,0.1941187499998787,0.20068749999987456,0.20396874999987252,0.07548749999995281,0.06953124999995654,0.07181874999995512,0.04113124999997429,0.03605624999997747,0.03684999999997697,0.04068749999997457,0.033818749999978866,0.033131249999979295,0.05386249999996633,0.047306249999970434,0.047987499999970006
tag.txt,0.023624999999985234,0.021331249999986666,0.021774999999986392,0.03767499999997645,0.03340624999997912,0.03718749999997676,0.053118749999966804,0.04862499999996961,0.05478749999996576,0.17754999999988902,0.17513749999989053,0.17848749999988844,0.2635187499998353,0.29799999999981375,0.2744062499998285,0.18380624999988512,0.19428749999987857,0.1942374999998786,0.08884999999994447,0.08369999999994769,0.08526249999994671,0.04921874999996924,0.042087499999973695,0.0451249999999718,0.055449999999965346,0.045237499999971724,0.04658124999997089,0.067187499999958,0.05818749999996363,0.06214999999996115
tag.txt,0.02276874999998577,0.021399999999986624,0.021668749999986456,0.03573124999997767,0.03374374999997891,0.036537499999977165,0.052537499999967166,0.04812499999996992,0.054662499999965836,0.1804812499998872,0.17827499999988858,0.17882499999988824,0.28258749999982335,0.31032499999980606,0.2882249999998199,0.1865999999998834,0.19386249999987884,0.19511249999987806,0.0830374999999481,0.07736874999995165,0.0806499999999496,0.04613124999997117,0.04043124999997473,0.0435124999999728,0.047574999999970266,0.04081874999997449,0.04147499999997408,0.0625499999999609,0.05564999999996522,0.05933124999996292
tag.txt,0.0219187499999863,0.02149999999998656,0.020968749999986894,0.03641874999997724,0.03351874999997905,0.03607499999997745,0.05419999999996612,0.04865624999996959,0.05563749999996523,0.1816249999998865,0.1788499999998882,0.1817874999998864,0.27604374999982745,0.3009874999998119,0.28149374999982407,0.18796874999988253,0.19732499999987668,0.19671874999987704,0.08434999999994729,0.08028749999994982,0.08405624999994746,0.04685624999997071,0.04030624999997481,0.0427249999999733,0.04956249999996902,0.04229999999997356,0.04281874999997324,0.06105624999996184,0.05626874999996483,0.057718749999963924
tag.txt,0.02225624999998609,0.021518749999986552,0.021556249999986527,0.03715624999997678,0.03418124999997864,0.03717499999997677,0.0519999999999675,0.04896874999996939,0.054218749999966113,0.17708124999988933,0.17656249999988965,0.17763124999988897,0.27961249999982524,0.30213124999981117,0.28439374999982225,0.18844374999988223,0.19576249999987766,0.19769999999987645,0.08379374999994763,0.07997499999995002,0.0819062499999488,0.04694374999997066,0.04171874999997392,0.04401874999997249,0.04939999999996912,0.04283749999997322,0.04228749999997357,0.06331249999996043,0.05634374999996478,0.059112499999963056
tag.txt,0.021962499999986274,0.020074999999987454,0.019256249999987964,0.03728749999997669,0.03238749999997976,0.03666874999997708,0.05237499999996727,0.04759374999997026,0.05290624999996693,0.17723124999988923,0.1798624999998876,0.17961249999988774,0.26484374999983445,0.2951687499998155,0.28093124999982444,0.18253749999988592,0.1974562499998766,0.1942437499998786,0.08862499999994461,0.08300624999994811,0.0851312499999468,0.051193749999968,0.043199999999973,0.04518749999997176,0.05787499999996383,0.04639374999997101,0.04724374999997047,0.06606874999995871,0.05485624999996572,0.05881874999996324
tag.txt,0.02278124999998576,0.02137499999998664,0.022218749999986114,0.039031249999975606,0.03540624999997787,0.039443749999975346,0.05276874999996702,0.04846874999996971,0.05351874999996655,0.17788124999988883,0.17702499999988935,0.17498124999989065,0.2748812499998282,0.2986812499998133,0.28057499999982466,0.18035624999988728,0.1934562499998791,0.19080624999988074,0.08508749999994682,0.08004999999994997,0.08484999999994697,0.04976874999996889,0.04316874999997302,0.04642499999997098,0.05169999999996769,0.044068749999972456,0.04538749999997163,0.06574374999995891,0.05829999999996356,0.06179374999996138
tag.txt,0.02307499999998558,0.022449999999985967,0.022149999999986156,0.039012499999975615,0.03641249999997724,0.03883124999997573,0.05419999999996612,0.04993124999996879,0.054749999999965784,0.17959374999988775,0.1794874999998878,0.17843749999988848,0.2743187499998285,0.2919999999998175,0.2797312499998252,0.18428124999988482,0.1943999999998785,0.19513124999987805,0.08369999999994769,0.08038124999994976,0.08355624999994778,0.04813749999996991,0.042681249999973324,0.04411249999997243,0.04964999999996897,0.04369374999997269,0.04284999999997322,0.06403124999995997,0.0585624999999634,0.06044999999996222
tag.txt,0.02102499999998686,0.02078124999998701,0.020968749999986894,0.03683124999997698,0.034999999999978125,0.03691249999997693,0.053562499999966526,0.04983749999996885,0.05463749999996585,0.1810937499998868,0.17916249999988804,0.17906249999988808,0.2873562499998204,0.3043187499998098,0.2905624999998184,0.18645624999988347,0.19641874999987724,0.19528124999987795,0.0820749999999487,0.07904999999995059,0.08165624999994897,0.045593749999971504,0.04022499999997486,0.04250624999997343,0.0459187499999713,0.04010624999997493,0.04097499999997439,0.06008749999996244,0.055099999999965565,0.0574374999999641
tag.txt,0.028199999999982375,0.02584374999998385,0.02491249999998443,0.04918124999996926,0.04227499999997358,0.045412499999971614,0.05347499999996658,0.04701249999997062,0.053974999999966265,0.15786249999990135,0.1658937499998963,0.16795624999989503,0.19494999999987817,0.2252874999998592,0.21973749999986267,0.16651874999989594,0.17857499999988838,0.17526249999989046,0.09991874999993755,0.09787499999993883,0.09798124999993876,0.06553749999995905,0.05874999999996328,0.05826874999996358,0.09331249999994168,0.08214999999994865,0.07851874999995093,0.0910437499999431,0.07633749999995229,0.07797499999995126
tag.txt,0.02396874999998502,0.022874999999985702,0.021012499999986868,0.0460812499999712,0.03868749999997582,0.042012499999973744,0.05060624999996837,0.04715624999997053,0.05121249999996799,0.16365624999989772,0.16822499999989485,0.17349999999989157,0.22166874999986147,0.24508749999984683,0.24115624999984928,0.16988749999989383,0.17700624999988937,0.17883749999988824,0.09238749999994225,0.09155624999994277,0.0926499999999421,0.059431249999962854,0.05437499999996601,0.05384999999996634,0.09351874999994154,0.08454999999994715,0.07689999999995194,0.07879374999995076,0.07048124999995595,0.06886874999995696
tag.txt,0.028199999999982375,0.02673749999998329,0.024756249999984527,0.04634374999997103,0.04100624999997437,0.04428749999997232,0.05444999999996597,0.04933124999996917,0.054143749999966156,0.1599999999999,0.16375624999989766,0.16884999999989447,0.20743124999987037,0.23162499999985522,0.22909374999985682,0.17114999999989303,0.17816874999988863,0.1801749999998874,0.10011249999993743,0.09809999999993868,0.09633749999993979,0.06241249999996099,0.05754374999996403,0.056531249999964665,0.08609374999994619,0.0788749999999507,0.07309999999995431,0.08380624999994762,0.07485624999995322,0.07272499999995455
tag.txt,0.025624999999983984,0.024806249999984497,0.023581249999985263,0.04461249999997212,0.04020624999997487,0.04224999999997359,0.053699999999966434,0.04984374999996885,0.053968749999966266,0.16769999999989518,0.16868124999989456,0.17092499999989316,0.22519999999985926,0.24394999999984754,0.2427312499998483,0.17013124999989368,0.17658749999988962,0.1804812499998872,0.0932749999999417,0.0926437499999421,0.09113749999994304,0.058499999999963435,0.053981249999966265,0.05301874999996686,0.08286874999994821,0.07886874999995071,0.07221249999995487,0.07838749999995101,0.07043124999995598,0.06969374999995644
tag.txt,0.024712499999984556,0.022931249999985668,0.021799999999986375,0.048168749999969895,0.04081874999997449,0.04659999999997087,0.04759999999997025,0.045174999999971766,0.048756249999969525,0.15417499999990364,0.1602999999998998,0.16060624999989961,0.20984999999986884,0.2321562499998549,0.23063749999985586,0.16907499999989434,0.17742499999988912,0.17755624999988903,0.09106874999994308,0.09195624999994252,0.08938749999994414,0.06587499999995883,0.05873124999996329,0.05977499999996264,0.10359999999993524,0.09518124999994051,0.08948749999994407,0.08587499999994633,0.07532499999995292,0.07539374999995288
tag.txt,0.025737499999983916,0.024693749999984565,0.02297499999998564,0.046518749999970924,0.04024374999997485,0.04513749999997179,0.04883124999996948,0.04667499999997083,0.05018749999996863,0.1531249999999043,0.15769999999990145,0.15813749999990118,0.2270187499998581,0.2510562499998431,0.2515187499998428,0.17453124999989092,0.18265624999988583,0.18359374999988526,0.09032499999994355,0.08941249999994412,0.08629999999994606,0.0625687499999609,0.05703749999996435,0.05741874999996411,0.08764999999994522,0.07849999999995094,0.0731312499999543,0.08369374999994769,0.07202499999995499,0.07159999999995525
tag.txt,0.025512499999984055,0.02444999999998472,0.02294374999998566,0.046293749999971066,0.04041249999997474,0.04411874999997242,0.050731249999968295,0.047062499999970586,0.05156249999996777,0.15991249999990007,0.16476874999989702,0.1644812499998972,0.21958749999986277,0.23827499999985108,0.23876874999985076,0.16983749999989384,0.1758499999998901,0.179212499999888,0.09379374999994138,0.09271249999994205,0.09159999999994275,0.06314374999996053,0.05804999999996372,0.057049999999964345,0.09037499999994351,0.08556874999994651,0.07854999999995091,0.0808124999999495,0.07284999999995447,0.07171249999995517
tag.txt,0.02531249999998418,0.02513124999998429,0.02348749999998532,0.045174999999971766,0.040712499999974554,0.044249999999972346,0.04869374999996957,0.046874999999970704,0.0492812499999692,0.15731874999990167,0.15841249999990098,0.15833749999990104,0.23703124999985187,0.25261874999984213,0.25827499999983855,0.17793749999988878,0.18252499999988592,0.1830249999998856,0.08836249999994478,0.08946874999994409,0.08459374999994713,0.05904999999996309,0.056018749999964985,0.05638124999996476,0.0835312499999478,0.07891874999995067,0.07346874999995408,0.0775874999999515,0.06931874999995667,0.06889999999995694
tag.txt,0.026056249999983714,0.022618749999985862,0.021381249999986637,0.044999999999971875,0.037731249999976416,0.03998749999997501,0.05230624999996731,0.046612499999970865,0.052106249999967436,0.16348124999989783,0.16822499999989485,0.1755374999998903,0.2161749999998649,0.2564874999998397,0.24931249999984417,0.17545624999989035,0.19046874999988095,0.1915062499998803,0.09762499999993898,0.09195624999994252,0.09253749999994217,0.05996874999996252,0.05203749999996748,0.05034374999996853,0.08313124999994805,0.06864999999995709,0.06215624999996115,0.0807999999999495,0.06521249999995925,0.0651312499999593
tag.txt,0.025106249999984308,0.023043749999985597,0.021562499999986523,0.04186249999997384,0.03624374999997735,0.03873124999997579,0.053374999999966644,0.0494374999999691,0.05412499999996617,0.17211249999989242,0.17523749999989047,0.1769687499998894,0.23896249999985064,0.2701562499998312,0.2644687499998347,0.17468749999989083,0.18954999999988154,0.19196874999988,0.09258124999994213,0.08973124999994392,0.08921249999994424,0.055606249999965246,0.04724374999997047,0.04734999999997041,0.07025624999995608,0.05796874999996377,0.052793749999967006,0.07544999999995285,0.06138749999996163,0.06281874999996073
tag.txt,0.025849999999983844,0.023962499999985024,0.02196874999998627,0.04556874999997152,0.03895624999997565,0.04163124999997398,0.05411249999996618,0.048837499999969475,0.05334374999996666,0.163174999999898,0.16648749999989595,0.17223124999989237,0.21980624999986262,0.2509812499998431,0.24949999999984407,0.17799374999988876,0.18901249999988187,0.1894499999998816,0.09683124999993949,0.09384999999994134,0.09299999999994188,0.05904999999996309,0.05233749999996729,0.050899999999968186,0.07763124999995148,0.06836249999995728,0.06219999999996113,0.07998124999995002,0.06721249999995799,0.0657749999999589
tag.txt,0.026349999999983532,0.024906249999984434,0.023031249999985605,0.04434374999997229,0.04033749999997479,0.04259374999997338,0.055937499999965036,0.050124999999968674,0.05573749999996516,0.16549999999989656,0.16854374999989466,0.17219374999989237,0.22628749999985856,0.25286249999984195,0.24759374999984526,0.17752499999988905,0.18777499999988265,0.19066249999988083,0.09594374999994003,0.0939124999999413,0.09318749999994176,0.057718749999963924,0.051324999999967924,0.051156249999968026,0.07267499999995458,0.06379999999996012,0.0577687499999639,0.07771874999995143,0.06641249999995849,0.06607499999995871
tag.txt,0.025924999999983798,0.024212499999984868,0.022824999999985735,0.04408124999997245,0.03761249999997649,0.041912499999973804,0.05341249999996662,0.04913749999996929,0.053637499999966476,0.1675312499998953,0.1733062499998917,0.17491874999989068,0.22648749999985845,0.25475624999984076,0.24935624999984415,0.17635624999988977,0.1905499999998809,0.19227499999987982,0.09576874999994014,0.0918249999999426,0.09239374999994225,0.05879999999996325,0.050118749999968674,0.05081874999996824,0.07426249999995359,0.06333749999996041,0.05698124999996439,0.07737499999995164,0.06514374999995928,0.06488124999995945
tag.txt,0.024643749999984598,0.023568749999985268,0.021637499999986477,0.04156874999997402,0.03693124999997692,0.04008749999997494,0.053712499999966426,0.04794374999997004,0.053118749999966804,0.1713999999998929,0.17393749999989128,0.1767999999998895,0.23961249999985024,0.26986874999983135,0.2658062499998339,0.17940624999988786,0.18999374999988125,0.19249999999987968,0.09003749999994373,0.08711249999994555,0.08602499999994623,0.055081249999965574,0.0487937499999695,0.04864999999996959,0.07048124999995595,0.0587249999999633,0.05390624999996631,0.07405624999995371,0.06312499999996055,0.06146874999996158
tag.txt,0.026424999999983483,0.025049999999984345,0.02350624999998531,0.04299999999997312,0.038924999999975674,0.0420812499999737,0.056299999999964816,0.05144374999996785,0.055687499999965195,0.16882499999989448,0.17208124999989244,0.1755062499998903,0.23544999999985283,0.25989999999983754,0.25339999999984164,0.17653124999988967,0.18534999999988416,0.18971249999988143,0.09418124999994114,0.09146249999994284,0.08936249999994415,0.0563187499999648,0.0491187499999693,0.050124999999968674,0.06811249999995743,0.0611124999999618,0.055687499999965195,0.07485624999995322,0.06555624999995903,0.06493124999995942
tag.txt,0.02666874999998333,0.02568124999998395,0.024387499999984758,0.045849999999971344,0.041418749999974115,0.04327499999997295,0.056449999999964716,0.05211874999996743,0.056612499999964615,0.16790624999989506,0.16788749999989508,0.17179999999989262,0.2305437499998559,0.25469999999984083,0.2507312499998433,0.1766187499998896,0.1867374999998833,0.18996249999988127,0.0932874999999417,0.09003749999994373,0.08933749999994417,0.0572812499999642,0.05144999999996784,0.051399999999967874,0.06920624999995674,0.06169374999996144,0.056537499999964665,0.07618749999995238,0.06827499999995733,0.06595624999995878
tag.txt,0.027931249999982543,0.02465624999998459,0.023162499999985525,0.04937499999996914,0.04054374999997466,0.04549999999997156,0.05186874999996758,0.04796874999997002,0.053981249999966265,0.15636874999990227,0.16533124999989668,0.1707187499998933,0.19112499999988056,0.22786874999985757,0.22072499999986206,0.16852499999989468,0.17950624999988782,0.18151249999988656,0.09949999999993782,0.0977624999999389,0.09626249999993984,0.0665499999999584,0.05766874999996396,0.058262499999963586,0.09784999999993885,0.0844749999999472,0.07653749999995216,0.09090624999994318,0.0742187499999536,0.07333749999995416
tag.txt,0.028631249999982105,0.02596874999998377,0.02404999999998497,0.051243749999967975,0.04236874999997352,0.04728124999997045,0.05391249999996631,0.048931249999969416,0.055493749999965314,0.15354999999990404,0.1637999999998976,0.16806874999989496,0.18999999999988124,0.22485624999985945,0.2187249999998633,0.16744374999989534,0.1806437499998871,0.18202499999988622,0.10197499999993627,0.09886249999993821,0.09819374999993863,0.06664999999995834,0.0583999999999635,0.058587499999963384,0.09465624999994084,0.0803187499999498,0.0728062499999545,0.09193749999994254,0.0758499999999526,0.07476874999995327
tag.txt,0.02713749999998304,0.025668749999983958,0.0230374999999856,0.04766249999997021,0.03948749999997532,0.045181249999971765,0.05394374999996628,0.0502437499999686,0.05506249999996558,0.16280624999989823,0.16730624999989543,0.17339374999989163,0.20438124999987226,0.23158124999985527,0.2270499999998581,0.17004374999989372,0.18150624999988657,0.18316874999988553,0.1001687499999374,0.09729999999993919,0.0966374999999396,0.06280624999996075,0.055999999999965,0.055512499999965305,0.08643749999994597,0.07829999999995106,0.07016249999995615,0.08461249999994712,0.07260624999995462,0.07079374999995576
tag.txt,0.02886249999998196,0.027106249999983057,0.02478749999998451,0.04869374999996957,0.04129374999997419,0.04604999999997122,0.05486249999996571,0.050293749999968565,0.054818749999965735,0.15811874999990116,0.16443124999989722,0.16818749999989488,0.20337499999987288,0.23075624999985578,0.228806249999857,0.1726437499998921,0.18267499999988582,0.18418749999988487,0.09943124999993785,0.09594374999994003,0.09405624999994121,0.0643249999999598,0.0569562499999644,0.05787499999996383,0.08475624999994703,0.07685624999995197,0.0699187499999563,0.08493124999994692,0.07368749999995394,0.07131249999995543
tag.txt,0.02353749999998529,0.02279999999998575,0.02166249999998646,0.03777499999997639,0.036018749999977485,0.03683749999997698,0.054331249999966046,0.05097499999996814,0.05529999999996544,0.17961874999988775,0.17996874999988752,0.184006249999885,0.27836249999982604,0.2980874999998137,0.2880874999998199,0.18430624999988482,0.18938749999988164,0.1924937499998797,0.08297499999994815,0.0793562499999504,0.08028124999994983,0.04626874999997108,0.04240624999997349,0.04276874999997327,0.049943749999968784,0.044049999999972465,0.0425562499999734,0.0628812499999607,0.056949999999964404,0.056006249999964994
tag.txt,0.021306249999986683,0.020587499999987133,0.01916874999998802,0.03361249999997899,0.03128124999998045,0.032599999999979624,0.05073749999996829,0.04849374999996969,0.053112499999966804,0.1868874999998832,0.18614374999988367,0.19219999999987988,0.29556874999981525,0.31417499999980364,0.3017124999998114,0.18773749999988265,0.19362499999987898,0.19427499999987857,0.07703124999995185,0.07509999999995307,0.07574374999995266,0.043387499999972885,0.038843749999975724,0.040568749999974646,0.04623124999997111,0.04034374999997478,0.03931874999997543,0.05749999999996406,0.051406249999967873,0.05129999999996794
tag.txt,0.023699999999985188,0.022881249999985698,0.02145624999998659,0.037399999999976626,0.036193749999977376,0.035931249999977544,0.054056249999966215,0.051331249999967916,0.056368749999964766,0.18232499999988605,0.18040624999988725,0.18644374999988347,0.2843124999998223,0.3010874999998118,0.29206874999981747,0.18613749999988366,0.19113124999988054,0.19047499999988096,0.08099999999994938,0.07708749999995182,0.07944374999995035,0.0457562499999714,0.042024999999973736,0.04198124999997376,0.04545624999997159,0.04179999999997387,0.04052499999997467,0.05985624999996259,0.05605624999996497,0.05530624999996543
tag.txt,0.024893749999984442,0.0244812499999847,0.023481249999985323,0.03774999999997641,0.036712499999977055,0.03672499999997705,0.055337499999965414,0.053462499999966585,0.057131249999964294,0.1820749999998862,0.17983124999988762,0.1846124999998846,0.2838749999998226,0.29733124999981414,0.2881124999998199,0.1883437499998823,0.19004999999988123,0.1929437499998794,0.07923749999995047,0.07886874999995071,0.07926874999995046,0.04473124999997204,0.04128749999997419,0.04204374999997372,0.043524999999972794,0.04020624999997487,0.0388812499999757,0.06023124999996236,0.0577687499999639,0.0567999999999645
tag.txt,0.019593749999987753,0.017018749999989362,0.016631249999989606,0.03419999999997862,0.02934374999998166,0.03150624999998031,0.04855624999996965,0.043299999999972937,0.04766249999997021,0.18006249999988747,0.1796749999998877,0.187218749999883,0.2798437499998251,0.3217312499997989,0.30841874999980723,0.19021249999988113,0.19700624999987687,0.19781874999987636,0.0855937499999465,0.07994999999995003,0.08001874999994998,0.04727499999997045,0.03923749999997548,0.04033749999997479,0.05443749999996598,0.04393749999997254,0.04142499999997411,0.06022499999996236,0.0487999999999695,0.0489624999999694
tag.txt,0.018268749999988582,0.01628749999998982,0.015418749999990364,0.03189999999998006,0.026862499999983212,0.031256249999980466,0.047643749999970224,0.043199999999973,0.04886249999996946,0.18377499999988514,0.18471249999988457,0.19021874999988111,0.29239999999981725,0.3291249999997943,0.3131187499998043,0.19276249999987952,0.1994999999998753,0.19603749999987746,0.08317499999994801,0.07614999999995241,0.07819374999995113,0.04551874999997155,0.037987499999976256,0.03929374999997544,0.04958749999996901,0.040631249999974604,0.039868749999975084,0.05496874999996564,0.04554374999997154,0.047731249999970166
tag.txt,0.018968749999988144,0.017618749999988987,0.01689374999998944,0.033524999999979044,0.02951874999998155,0.03178749999998013,0.04836874999996977,0.043212499999972995,0.04855624999996965,0.18136249999988666,0.1820562499998862,0.1868687499998832,0.28391874999982253,0.3170749999998018,0.3063374999998085,0.19309374999987933,0.19831249999987605,0.19746874999987657,0.0851312499999468,0.07917499999995052,0.08069374999994956,0.04412499999997242,0.039962499999975025,0.0396749999999752,0.05308124999996682,0.044324999999972296,0.04199999999997375,0.058424999999963485,0.048743749999969534,0.04971874999996893
tag.txt,0.01979374999998763,0.018937499999988165,0.01799999999998875,0.0339249999999788,0.03021874999998111,0.032931249999979414,0.048762499999969525,0.045412499999971614,0.05066874999996833,0.18115624999988678,0.18034374999988728,0.18632499999988356,0.2884562499998197,0.31640624999980227,0.3030937499998106,0.19361249999987898,0.1979124999998763,0.19803749999987622,0.08374999999994766,0.08009999999994993,0.07959374999995025,0.04394374999997253,0.03882499999997573,0.04004999999997497,0.04969374999996894,0.0422374999999736,0.0409562499999744,0.05690624999996444,0.049606249999968995,0.05034374999996853
tag.txt,0.024262499999984834,0.02180624999998637,0.019162499999988022,0.04119999999997425,0.03514374999997803,0.0379249999999763,0.05304374999996685,0.04837499999996977,0.05204999999996747,0.16571874999989641,0.17092499999989316,0.17416249999989114,0.24764999999984522,0.283249999999823,0.286437499999821,0.1780812499998887,0.18740624999988287,0.1928187499998795,0.0878374999999451,0.08613749999994616,0.0843062499999473,0.05564374999996522,0.048162499999969896,0.04634374999997103,0.07288749999995445,0.05965624999996271,0.05086874999996821,0.07367499999995396,0.05913749999996304,0.055924999999965044
tag.txt,0.02387499999998508,0.021493749999986565,0.01897499999998814,0.04066249999997459,0.035162499999978024,0.03658749999997713,0.05331249999996668,0.047137499999970536,0.04989999999996881,0.1644812499998972,0.16809999999989494,0.17382499999989137,0.26116874999983675,0.2977187499998139,0.3032124999998105,0.17811249999988868,0.1886312499998821,0.19308124999987933,0.08756874999994527,0.08477499999994702,0.07938749999995039,0.05468124999996583,0.046399999999971,0.0451187499999718,0.06699374999995814,0.05438124999996601,0.04774999999997016,0.06914374999995679,0.056199999999964875,0.0521624999999674
tag.txt,0.02425624999998484,0.02209374999998619,0.01987499999998758,0.04028124999997482,0.03532499999997792,0.03659999999997712,0.052693749999967066,0.04802499999996999,0.05161249999996774,0.16647499999989596,0.17113749999989303,0.1745749999998909,0.2616187499998365,0.2919562499998175,0.29531874999981544,0.1780687499998887,0.18856874999988216,0.19252499999987968,0.0876937499999452,0.08569374999994644,0.08214999999994865,0.05342499999996661,0.04606874999997121,0.04483124999997198,0.06547499999995908,0.05426249999996609,0.04775624999997015,0.07001249999995625,0.056868749999964455,0.05475624999996578
tag.txt,0.02481874999998449,0.022812499999985743,0.020362499999987273,0.03886249999997571,0.03512499999997805,0.036549999999977156,0.05398749999996626,0.049799999999968876,0.05204999999996747,0.16748749999989532,0.16779374999989513,0.17126874999989294,0.27160624999983024,0.3032874999998104,0.30873124999980706,0.179206249999888,0.1859374999998838,0.18873124999988206,0.08499999999994687,0.0825562499999484,0.07911249999995056,0.051837499999967604,0.044656249999972086,0.04426249999997234,0.06035624999996228,0.05186874999996758,0.04573749999997141,0.06683749999995822,0.0561624999999649,0.053193749999966754
tag.txt,0.025868749999983832,0.022931249999985668,0.020318749999987302,0.04368749999997269,0.03674374999997704,0.03750624999997656,0.05557499999996526,0.049706249999968935,0.0537624999999664,0.17016874999989365,0.17593124999989004,0.183962499999885,0.2328187499998545,0.2734812499998291,0.2729999999998294,0.1736062499998915,0.18553749999988403,0.19141874999988037,0.09384999999994134,0.08793124999994505,0.08499374999994688,0.057474999999964076,0.04861249999996962,0.0454437499999716,0.07097499999995564,0.05774999999996391,0.05092499999996817,0.07597499999995251,0.06137499999996164,0.058668749999963334
tag.txt,0.023831249999985104,0.021524999999986548,0.019812499999987618,0.04011249999997493,0.03371249999997893,0.03453749999997841,0.053224999999966736,0.04796874999997002,0.0524812499999672,0.17773749999988891,0.18154374999988654,0.187199999999883,0.2473312499998454,0.2844937499998222,0.28250624999982343,0.17594999999989003,0.1891249999998818,0.19276874999987953,0.08763124999994523,0.08405624999994746,0.08346874999994783,0.053799999999966375,0.04538749999997163,0.04323124999997298,0.06807499999995745,0.05500624999996562,0.04813124999996992,0.0723062499999548,0.05718124999996426,0.055862499999965086
tag.txt,0.026443749999983474,0.023162499999985525,0.02093124999998692,0.040637499999974604,0.03634374999997728,0.0363249999999773,0.054981249999965634,0.04861874999996961,0.05386874999996633,0.17563749999989023,0.17961874999988775,0.1861124999998837,0.2439999999998475,0.28086249999982443,0.2770874999998268,0.17595624999989,0.18453749999988467,0.19082499999988073,0.09045624999994346,0.08568124999994645,0.0843187499999473,0.05373124999996642,0.046712499999970805,0.045256249999971715,0.06482499999995948,0.05436249999996602,0.04810624999996993,0.07333124999995416,0.06009999999996244,0.05716874999996427
tag.txt,0.025781249999983887,0.024074999999984952,0.02214374999998616,0.0414374999999741,0.03617499999997739,0.036793749999977005,0.0561624999999649,0.05223124999996735,0.05573749999996516,0.17748124999988907,0.17898749999988814,0.1847874999998845,0.2500374999998437,0.2810749999998243,0.2778374999998264,0.17594374999989004,0.187206249999883,0.19109999999988056,0.0891187499999443,0.08379999999994762,0.08411874999994742,0.05219374999996738,0.045074999999971825,0.04371249999997268,0.060906249999961935,0.05161874999996774,0.04614999999997116,0.07093749999995566,0.05975624999996265,0.05761874999996399
tag.txt,0.029512499999981553,0.02476874999998452,0.022287499999986072,0.051224999999967984,0.041987499999973754,0.04546874999997158,0.054149999999966156,0.048849999999969466,0.055849999999965094,0.1524562499999047,0.16314999999989804,0.1715374999998928,0.17783749999988885,0.2247749999998595,0.22181874999986137,0.1662374999998961,0.18184999999988635,0.18760624999988273,0.10358749999993526,0.10035624999993728,0.10030624999993731,0.06938749999995664,0.058918749999963174,0.055356249999965405,0.09874999999993828,0.08051874999994968,0.0683312499999573,0.09685624999993947,0.07482499999995323,0.07143749999995536
tag.txt,0.029043749999981848,0.02533124999998417,0.02342499999998536,0.04941874999996911,0.03959374999997525,0.04326249999997296,0.055674999999965204,0.05025624999996859,0.05606874999996496,0.16146874999989907,0.16751249999989531,0.17356874999989153,0.19218749999987988,0.23720624999985174,0.23351249999985405,0.16437499999989727,0.1857874999998839,0.19192499999988005,0.10011874999993743,0.09861874999993836,0.09849999999993844,0.06630624999995856,0.05546874999996533,0.05180624999996762,0.08947499999994407,0.07027499999995608,0.06040624999996225,0.09193124999994254,0.06994999999995628,0.0675249999999578
tag.txt,0.03110624999998056,0.026337499999983537,0.024437499999984725,0.051987499999967504,0.04290624999997318,0.04630624999997106,0.05774999999996391,0.05060624999996837,0.05579374999996513,0.15284374999990447,0.16426874999989732,0.1697749999998939,0.17737499999988915,0.22180624999986137,0.22034999999986227,0.16229999999989855,0.18165624999988647,0.18533124999988418,0.10245624999993597,0.10180624999993637,0.10025624999993733,0.06970624999995644,0.058774999999963266,0.056618749999964614,0.09542499999994036,0.07576249999995265,0.06739999999995787,0.09904999999993809,0.07607499999995246,0.07373124999995392
tag.txt,0.03062499999998086,0.02755624999998278,0.025618749999983988,0.0500749999999687,0.04247499999997345,0.04508749999997182,0.05805624999996371,0.0521499999999674,0.057562499999964024,0.15979999999990013,0.16726249999989545,0.17141249999989286,0.19429374999987856,0.2327874999998545,0.23027499999985607,0.16194999999989879,0.18073749999988703,0.18214999999988615,0.10204999999993622,0.0980874999999387,0.09821874999993861,0.06531874999995918,0.05573124999996517,0.05393124999996629,0.08644999999994597,0.07032499999995605,0.06470624999995955,0.09138124999994289,0.07288749999995445,0.0710374999999556
tag.txt,0.028818749999981987,0.025543749999984034,0.02340624999998537,0.04913124999996929,0.041668749999973956,0.04771249999997018,0.054056249999966215,0.04940624999996912,0.05410624999996618,0.15114999999990553,0.16087499999989946,0.16245624999989847,0.19652499999987716,0.2332937499998542,0.2393812499998504,0.17161249999989275,0.1889374999998819,0.18760624999988273,0.10153749999993654,0.09861874999993836,0.09527499999994045,0.06623124999995861,0.05563749999996523,0.05496874999996564,0.09083124999994323,0.07499374999995313,0.06563749999995898,0.09010624999994368,0.07102499999995561,0.06944999999995659
tag.txt,0.02982499999998136,0.02625624999998359,0.023999999999985,0.05148749999996782,0.042874999999973205,0.0478437499999701,0.05566249999996521,0.050124999999968674,0.055781249999965136,0.15196249999990502,0.16206249999989872,0.16213124999989867,0.19634374999987728,0.23348124999985406,0.2376062499998515,0.1668562499998957,0.18178124999988637,0.18408749999988494,0.09914999999993804,0.09961874999993774,0.09509999999994057,0.06741874999995787,0.05733124999996417,0.05705624999996434,0.08838749999994476,0.07321249999995424,0.06486249999995947,0.09290624999994193,0.07325624999995421,0.07153124999995529
tag.txt,0.029293749999981692,0.026549999999983406,0.024324999999984796,0.04980624999996887,0.042281249999973576,0.04751249999997031,0.05521249999996549,0.05051249999996843,0.05514999999996553,0.1534687499999041,0.16316874999989803,0.16535624999989665,0.1966187499998771,0.2313687499998554,0.2344187499998535,0.1675437499998953,0.18081874999988698,0.18279374999988576,0.0999999999999375,0.09904374999993809,0.09544999999994035,0.06598124999995876,0.0569562499999644,0.05723124999996423,0.0904062499999435,0.07609374999995244,0.06684999999995822,0.0916687499999427,0.07320624999995425,0.07091249999995568
tag.txt,0.030318749999981052,0.027256249999982964,0.025406249999984122,0.04918124999996926,0.04214374999997366,0.045349999999971656,0.05685624999996446,0.051243749999967975,0.05588749999996507,0.15436249999990354,0.16186249999989882,0.16279374999989826,0.2092937499998692,0.24759999999984525,0.2501187499998437,0.17008124999989369,0.18434999999988477,0.1860562499998837,0.0972874999999392,0.09363124999994148,0.09022499999994361,0.06326874999996046,0.0548749999999657,0.0542437499999661,0.08219374999994863,0.06691249999995819,0.06085624999996196,0.08715624999994552,0.07012499999995617,0.06906249999995684
tag.txt,0.020968749999986894,0.018187499999988633,0.01620624999998987,0.04318124999997301,0.0328062499999795,0.037031249999976854,0.04684999999997072,0.04010624999997493,0.046181249999971134,0.15893124999990066,0.16181874999989887,0.17419999999989114,0.22234999999986102,0.27676249999982705,0.2643187499998348,0.1922937499998798,0.2043124999998723,0.20838124999986976,0.09464374999994085,0.0865562499999459,0.08871874999994456,0.058743749999963284,0.0483187499999698,0.04478749999997201,0.08499999999994687,0.07234999999995478,0.06413749999995991,0.07703749999995185,0.05878124999996326,0.056037499999964976
tag.txt,0.01971249999998768,0.017324999999989172,0.01649374999998969,0.03838124999997601,0.031131249999980543,0.035493749999977814,0.046218749999971116,0.041081249999974326,0.047474999999970326,0.17031249999989356,0.17304999999989185,0.18005624999988745,0.24323749999984798,0.2806187499998246,0.2690187499998319,0.19285624999987946,0.20221249999987362,0.20461874999987212,0.09362499999994148,0.08789374999994506,0.09091249999994318,0.053524999999966544,0.04689999999997069,0.045256249999971715,0.0732749999999542,0.06422499999995986,0.05676249999996452,0.06885624999995696,0.05556249999996527,0.05391249999996631
tag.txt,0.019349999999987905,0.017468749999989083,0.01625624999998984,0.043112499999973054,0.03537499999997789,0.039012499999975615,0.04520624999997175,0.038506249999975935,0.044649999999972094,0.15970624999990018,0.16026874999989982,0.17459374999989088,0.22039374999986225,0.25849374999983843,0.25018749999984363,0.19313749999987928,0.20054374999987465,0.20259374999987337,0.09382499999994136,0.08773749999994516,0.08931874999994417,0.059093749999963065,0.05305624999996684,0.04963749999996898,0.09036249999994353,0.08438749999994725,0.07319374999995425,0.07581249999995261,0.0641624999999599,0.060556249999962154
tag.txt,0.020099999999987437,0.018562499999988397,0.017449999999989092,0.043718749999972675,0.03418124999997864,0.0407999999999745,0.0471999999999705,0.04128749999997419,0.047637499999970224,0.1641937499998974,0.171199999999893,0.1763499999998898,0.21260624999986713,0.2505562499998434,0.24054374999984965,0.18646249999988346,0.19172499999988016,0.19603749999987746,0.09566249999994021,0.09271874999994205,0.09387499999994132,0.0615999999999615,0.05467499999996583,0.053037499999966854,0.08979374999994388,0.08177499999994889,0.07228124999995482,0.07866249999995084,0.06331874999996043,0.061987499999961254
tag.txt,0.022087499999986195,0.018549999999988406,0.01874999999998828,0.04823749999996985,0.03752499999997655,0.04418124999997239,0.044481249999972196,0.03996874999997502,0.04626874999997108,0.15428749999990357,0.1606499999998996,0.1665499999998959,0.19704999999987685,0.2406374999998496,0.22610624999985868,0.18293124999988566,0.19773749999987641,0.19513124999987805,0.09849999999993844,0.09483749999994072,0.09690624999993944,0.06580624999995888,0.05559999999996525,0.055868749999965085,0.09861874999993836,0.08424999999994734,0.08020624999994987,0.087999999999945,0.0702437499999561,0.07003124999995623
tag.txt,0.02043124999998723,0.01709999999998931,0.017187499999989257,0.04298124999997314,0.033699999999978934,0.04023749999997485,0.04408749999997245,0.0398312499999751,0.045337499999971664,0.16306249999989808,0.1685062499998947,0.17381249999989137,0.2289687499998569,0.2684562499998322,0.25428749999984107,0.18373124999988516,0.1915499999998803,0.19094374999988065,0.09253749999994217,0.08928749999994419,0.08899999999994437,0.058762499999963275,0.05179374999996763,0.052181249999967386,0.0892812499999442,0.07676874999995202,0.07245624999995472,0.07615624999995241,0.06300624999996061,0.06455624999995965
tag.txt,0.020437499999987226,0.018106249999988683,0.01763124999998898,0.04049374999997469,0.03324999999997922,0.03784374999997635,0.04625624999997109,0.04034999999997478,0.047718749999970174,0.16467499999989707,0.168018749999895,0.17655624999988964,0.2372812499998517,0.2729624999998294,0.259118749999838,0.19162499999988022,0.20037499999987476,0.19938749999987537,0.09276249999994202,0.08763124999994523,0.08961249999994399,0.056199999999964875,0.049881249999968826,0.048668749999969584,0.07764999999995147,0.06875624999995703,0.06372499999996017,0.07261874999995462,0.06066874999996208,0.05973749999996266
tag.txt,0.020387499999987256,0.018843749999988224,0.018681249999988325,0.04262499999997336,0.034993749999978126,0.04119999999997425,0.04631874999997105,0.04236874999997352,0.04861874999996961,0.16516249999989677,0.16828124999989483,0.17284374999989197,0.2318312499998551,0.2615749999998365,0.24886249999984447,0.18598749999988376,0.1955374999998778,0.1921624999998799,0.09554999999994028,0.09130624999994294,0.09278749999994201,0.05673749999996454,0.05124999999996797,0.05108749999996807,0.0804937499999497,0.07223749999995485,0.06885624999995696,0.07490624999995318,0.06360624999996024,0.06489999999995943
tag.txt,0.023499999999985314,0.021331249999986666,0.020874999999986953,0.04599999999997125,0.03921874999997549,0.044549999999972154,0.04811874999996993,0.043968749999972516,0.049862499999968835,0.16115624999989928,0.16763124999989523,0.1683312499998948,0.211193749999868,0.24122499999984923,0.23491249999985317,0.17177499999989265,0.18181874999988637,0.18072499999988706,0.09445624999994097,0.09099999999994313,0.09234999999994228,0.06201874999996124,0.056118749999964926,0.05601249999996499,0.09822499999993861,0.08682499999994574,0.08177499999994889,0.08355624999994778,0.07086249999995571,0.07060624999995586
tag.txt,0.025431249999984105,0.023499999999985314,0.02183749999998635,0.047137499999970536,0.04025624999997484,0.04724999999997047,0.05051249999996843,0.046374999999971016,0.05323749999996673,0.15864374999990086,0.16531874999989668,0.16793749999989505,0.21259999999986712,0.24166249999984896,0.23324374999985423,0.17468749999989083,0.18411874999988492,0.17979999999988763,0.09736249999993915,0.09607499999993996,0.09434999999994104,0.06438749999995975,0.056787499999964505,0.05963124999996273,0.08558124999994651,0.07601874999995249,0.07176249999995515,0.08365624999994771,0.06988749999995632,0.07094999999995566
tag.txt,0.024468749999984708,0.02326249999998546,0.021943749999986287,0.04475624999997203,0.03963124999997523,0.044549999999972154,0.048856249999969466,0.046218749999971116,0.05244999999996722,0.16313124999989803,0.16746249999989535,0.16988749999989383,0.2257624999998589,0.24538124999984665,0.24039999999984976,0.17707499999988932,0.18365624999988522,0.1825437499998859,0.09361249999994149,0.092799999999942,0.09294374999994191,0.05838124999996351,0.054668749999965835,0.05588749999996507,0.0852749999999467,0.07859999999995088,0.07153749999995529,0.07868124999995083,0.0683187499999573,0.0678562499999576
tag.txt,0.025687499999983945,0.0247999999999845,0.02326249999998546,0.04546874999997158,0.040806249999974495,0.0454437499999716,0.053187499999966754,0.048249999999969845,0.054487499999965945,0.1628624999998982,0.16478124999989702,0.16839999999989474,0.2286374999998571,0.2504374999998435,0.24530624999984668,0.17831249999988855,0.18635624999988354,0.1842999999998848,0.09399374999994126,0.09476249999994077,0.092793749999942,0.059531249999962794,0.05366874999996646,0.055593749999965254,0.0755312499999528,0.06856874999995714,0.06338124999996039,0.076787499999952,0.06756874999995777,0.0670312499999581
tag.txt,0.0262374999999836,0.023924999999985045,0.02222499999998611,0.04780624999997012,0.040043749999974974,0.044643749999972095,0.0504062499999685,0.04695624999997065,0.05124999999996797,0.15628749999990232,0.16411249999989744,0.16504374999989685,0.2100624999998687,0.2413124999998492,0.24124999999984922,0.1689937499998944,0.18148124999988657,0.1814374999998866,0.09484999999994072,0.09442499999994099,0.091199999999943,0.06428749999995982,0.0555249999999653,0.056281249999964825,0.09435624999994102,0.08168124999994895,0.07483124999995323,0.0867124999999458,0.07053749999995591,0.0718374999999551
tag.txt,0.026199999999983625,0.024137499999984914,0.022381249999986013,0.046106249999971184,0.039012499999975615,0.04426874999997233,0.05163124999996773,0.0470374999999706,0.050299999999968564,0.15467499999990333,0.1598124999999001,0.15945624999990035,0.22171249999986142,0.2580999999998387,0.2604687499998372,0.1748999999998907,0.18796249999988252,0.1878437499998826,0.09357499999994151,0.09178124999994264,0.08574374999994641,0.062281249999961076,0.05401874999996624,0.05409999999996619,0.08579999999994638,0.07196874999995502,0.0673562499999579,0.08311874999994805,0.06616874999995864,0.06808124999995745
tag.txt,0.0257624999999839,0.024587499999984632,0.02283124999998573,0.04615624999997115,0.038837499999975725,0.04347499999997283,0.05262499999996711,0.048518749999969676,0.052968749999966896,0.16116249999989926,0.1665312499998959,0.1684874999998947,0.21988124999986258,0.24690624999984567,0.2468937499998457,0.169618749999894,0.18021874999988735,0.18218749999988612,0.09493124999994067,0.0924874999999422,0.0900812499999437,0.06213749999996116,0.05530624999996543,0.054324999999966046,0.08618124999994614,0.07686874999995195,0.07085624999995571,0.08154374999994904,0.06973749999995642,0.06789374999995756
tag.txt,0.02635624999998353,0.02470624999998456,0.023018749999985613,0.04453749999997216,0.0401562499999749,0.043543749999972785,0.051331249999967916,0.048156249999969904,0.05178124999996764,0.15656874999990214,0.15803124999990123,0.15989374999990005,0.2312062499998555,0.25608749999983993,0.2617999999998364,0.17981874999988762,0.18761874999988273,0.18755624999988277,0.09285624999994196,0.09142499999994286,0.08741249999994537,0.05889999999996319,0.053524999999966544,0.05390624999996631,0.08092499999994943,0.07306874999995433,0.06609999999995869,0.07749999999995157,0.06722499999995799,0.06498749999995938
tag.txt,0.0279999999999825,0.024812499999984493,0.022924999999985672,0.04934374999996916,0.04016874999997489,0.04531249999997168,0.05205624999996746,0.046787499999970755,0.05272499999996705,0.15543749999990286,0.16498124999989688,0.17048749999989343,0.18740624999988287,0.22426874999985982,0.2180624999998637,0.1683312499998948,0.18283124999988573,0.18200624999988624,0.10133124999993667,0.09971874999993767,0.09801249999993875,0.06685624999995822,0.05769374999996394,0.057643749999963974,0.09900624999993812,0.08443749999994722,0.07881249999995074,0.09223124999994235,0.07429999999995356,0.07401249999995374
tag.txt,0.026887499999983196,0.024462499999984712,0.02281874999998574,0.04621249999997112,0.039012499999975615,0.04442499999997224,0.051574999999967765,0.04753749999997029,0.05250624999996718,0.16016874999989988,0.16756249999989528,0.17361249999989148,0.2067374999998708,0.23925624999985046,0.23271249999985455,0.17221249999989235,0.17961874999988775,0.18122499999988673,0.09620624999993987,0.09526249999994046,0.09233749999994229,0.06334999999996041,0.05685624999996446,0.05564999999996522,0.09228124999994232,0.07989374999995007,0.07442499999995349,0.08436874999994727,0.07053749999995591,0.07028749999995607
tag.txt,0.027849999999982594,0.02529374999998419,0.023593749999985255,0.04860624999996962,0.040824999999974486,0.0444749999999722,0.05382499999996636,0.049256249999969214,0.05360624999996649,0.1577437499999014,0.16426874999989732,0.16913749999989428,0.19243749999987972,0.22764999999985772,0.2243437499998598,0.17030624999989355,0.1803124999998873,0.18597499999988376,0.10104999999993684,0.09837499999993851,0.09588124999994008,0.06558124999995901,0.05723124999996423,0.05649374999996469,0.09229374999994232,0.08226874999994858,0.0743999999999535,0.09030624999994356,0.07451874999995342,0.07209374999995494
tag.txt,0.02646249999998346,0.025287499999984194,0.023493749999985315,0.043737499999972666,0.03868749999997582,0.04169374999997394,0.05434999999996603,0.048243749999969845,0.05243124999996723,0.16698124999989564,0.171187499999893,0.174399999999891,0.22198749999986125,0.2475062499998453,0.24516249999984677,0.17259374999989213,0.1836374999998852,0.18776249999988265,0.09516249999994052,0.09239374999994225,0.09129999999994294,0.058587499999963384,0.05274999999996703,0.051987499999967504,0.08025624999994983,0.07171249999995517,0.0646249999999596,0.07988124999995007,0.06859374999995713,0.06714374999995804
tag.txt,0.03143749999998035,0.029124999999981797,0.026968749999983145,0.050487499999968447,0.043212499999972995,0.04741249999997037,0.056474999999964706,0.051324999999967924,0.058162499999963646,0.15333124999990416,0.16092499999989943,0.16713124999989554,0.1889687499998819,0.22387499999986007,0.21804999999986371,0.16666249999989582,0.180787499999887,0.18004999999988747,0.10253749999993592,0.10110624999993681,0.09802499999993873,0.06593749999995879,0.05710624999996431,0.05617499999996489,0.09087499999994321,0.07674374999995204,0.07087499999995571,0.0932874999999417,0.07579374999995263,0.07714999999995178
tag.txt,0.027499999999982812,0.0260812499999837,0.023999999999985,0.04668124999997082,0.0396749999999752,0.043481249999972826,0.054587499999965886,0.04903749999996935,0.05510624999996556,0.16277499999989825,0.16711874999989554,0.17377499999989138,0.2071999999998705,0.2419124999998488,0.2342687499998536,0.1683437499998948,0.1796999999998877,0.18135624999988664,0.09689374999993944,0.09379374999994138,0.09378749999994138,0.06110624999996181,0.05445624999996596,0.05364999999996647,0.09059999999994338,0.07761874999995148,0.06937499999995664,0.0843124999999473,0.07060624999995586,0.0711999999999555
tag.txt,0.030087499999981195,0.028281249999982324,0.025912499999983806,0.04801874999996999,0.04233124999997354,0.044212499999972364,0.05793749999996379,0.05069999999996831,0.05611249999996493,0.1601749999998999,0.16606249999989622,0.17336249999989164,0.20018749999987487,0.23313749999985428,0.22801249999985748,0.16771874999989517,0.17831874999988856,0.1835062499998853,0.09975624999993765,0.09653124999993967,0.09650624999993969,0.0632187499999605,0.05689999999996444,0.05461874999996586,0.08424374999994735,0.07376249999995389,0.06571874999995893,0.08865624999994459,0.07397499999995377,0.07203749999995497
tag.txt,0.030712499999980804,0.029062499999981836,0.027193749999983002,0.0484749999999697,0.04300624999997312,0.04642499999997098,0.05811874999996368,0.05233749999996729,0.058593749999963377,0.16037499999989976,0.16523749999989673,0.16751249999989531,0.20948124999986908,0.23819999999985111,0.2310187499998556,0.1668749999998957,0.1790499999998881,0.17864374999988836,0.09603749999993998,0.09291874999994193,0.0931249999999418,0.060731249999962045,0.05494374999996566,0.05562499999996524,0.08224999999994859,0.07124999999995547,0.0670249999999581,0.08694374999994565,0.07399374999995376,0.07483749999995323
tag.txt,0.029756249999981402,0.026699999999983313,0.02529374999998419,0.051756249999967655,0.04353124999997279,0.04904999999996934,0.05403124999996623,0.0499187499999688,0.05569374999996519,0.1513437499999054,0.1600124999999,0.1633937499998979,0.1905749999998809,0.22484999999985947,0.22212499999986118,0.16630624999989604,0.18074374999988704,0.18039999999988726,0.09955624999993777,0.10021249999993737,0.09685624999993947,0.06700624999995812,0.05786249999996384,0.0585624999999634,0.0958499999999401,0.07909999999995056,0.07276874999995452,0.09381874999994136,0.07706874999995184,0.0758562499999526
tag.txt,0.02829999999998231,0.026337499999983537,0.024406249999984746,0.04829374999996982,0.04144999999997409,0.04723124999997048,0.052956249999966905,0.04844999999996972,0.05401249999996624,0.15554374999990278,0.16206249999989872,0.16242499999989848,0.2106937499998683,0.24392499999984754,0.2438687499998476,0.1685999999998946,0.1815937499998865,0.18059999999988713,0.09405624999994121,0.09321874999994174,0.091199999999943,0.06426249999995984,0.05571249999996518,0.0564812499999647,0.08947499999994407,0.07564999999995271,0.06916874999995677,0.08781874999994511,0.07159999999995525,0.07060624999995586
tag.txt,0.028774999999982016,0.02674999999998328,0.02454374999998466,0.04853124999996967,0.042524999999973424,0.047218749999970486,0.05399999999996625,0.05019374999996863,0.055337499999965414,0.15494374999990315,0.1630312499998981,0.166399999999896,0.20279999999987325,0.22734999999985792,0.22758124999985777,0.17173124999989267,0.17963124999988772,0.180793749999887,0.09959999999993775,0.09714374999993929,0.09604374999993998,0.06419374999995987,0.058168749999963645,0.0567999999999645,0.08968749999994395,0.08061249999994961,0.07194999999995504,0.08573749999994641,0.07459374999995338,0.07333124999995416
tag.txt,0.029387499999981633,0.028268749999982332,0.0262374999999836,0.046774999999970764,0.04188749999997382,0.04601249999997124,0.054549999999965904,0.0507187499999683,0.05556249999996527,0.15758749999990151,0.1617562499998989,0.1609624999998994,0.22858749999985714,0.25166874999984273,0.25256874999984213,0.17204999999989246,0.17999374999988751,0.17808749999988868,0.09251874999994218,0.09181249999994262,0.08993749999994378,0.060374999999962264,0.05368124999996645,0.05530624999996543,0.07734374999995167,0.06953749999995654,0.06409374999995994,0.08082499999994948,0.07067499999995583,0.07123124999995548
tag.txt,0.0270437499999831,0.024081249999984948,0.022624999999985858,0.046356249999971025,0.03852499999997592,0.04494999999997191,0.052781249999967014,0.04708749999997057,0.055506249999965306,0.15824999999990108,0.16533124999989668,0.1707062499998933,0.20636249999987102,0.24600624999984624,0.23387499999985384,0.1763062499998898,0.1883187499998823,0.18836874999988226,0.099199999999938,0.09554374999994028,0.0966312499999396,0.06265624999996083,0.05411249999996618,0.05445624999996596,0.08668124999994582,0.07224999999995485,0.06486249999995947,0.08436249999994727,0.06874374999995704,0.06801874999995748
tag.txt,0.02508749999998432,0.022437499999985976,0.021493749999986565,0.04436874999997227,0.03767499999997645,0.0435124999999728,0.05236874999996727,0.048068749999969955,0.05451874999996593,0.1641687499998974,0.17004374999989372,0.17305624999989183,0.21816249999986365,0.2541437499998412,0.24322499999984798,0.17479374999989075,0.18683749999988322,0.18778749999988265,0.0974312499999391,0.09459999999994087,0.09463749999994085,0.06109374999996182,0.05305624999996684,0.052437499999967226,0.0825499999999484,0.06861249999995711,0.06263124999996085,0.07997499999995002,0.06452499999995967,0.0666999999999583
tag.txt,0.02537499999998414,0.023431249999985356,0.02234999999998603,0.04556249999997152,0.038681249999975825,0.04283124999997323,0.052868749999966956,0.04769374999997019,0.054568749999965895,0.1617874999998989,0.16593124999989628,0.1719937499998925,0.21748124999986407,0.24840624999984476,0.24099999999984936,0.1790687499998881,0.18756874999988277,0.1886124999998821,0.09769999999993893,0.09421249999994112,0.09372499999994142,0.06024999999996234,0.053793749999966375,0.052618749999967115,0.08148124999994907,0.07259374999995463,0.06473124999995954,0.07842499999995098,0.0676874999999577,0.06756874999995777
tag.txt,0.026581249999983386,0.024987499999984383,0.02340624999998537,0.04506874999997183,0.03864374999997585,0.04445624999997221,0.053543749999966535,0.04888124999996945,0.05539999999996537,0.16553124999989655,0.16731874999989543,0.16974374999989392,0.21491249999986567,0.24905624999984433,0.23940624999985036,0.17463124999989085,0.18580624999988388,0.1850999999998843,0.09627499999993983,0.09403749999994122,0.09428749999994107,0.060468749999962206,0.05186249999996759,0.05469374999996582,0.08083124999994948,0.07122499999995549,0.06491874999995942,0.08215624999994865,0.06818124999995738,0.06858749999995713
tag.txt,0.027706249999982682,0.02393749999998504,0.022424999999985984,0.04583124999997135,0.03861874999997586,0.044049999999972465,0.054762499999965776,0.04999374999996875,0.0545562499999659,0.15653124999990217,0.1593749999999004,0.1641624999998974,0.22184374999986134,0.2651562499998343,0.2622124999998361,0.179212499999888,0.19993124999987505,0.19788124999987633,0.09829999999993856,0.09172499999994267,0.09037499999994351,0.059699999999962686,0.04949999999996906,0.05032499999996855,0.07469999999995332,0.05782499999996386,0.05074999999996828,0.08141249999994912,0.06393749999996004,0.06326249999996046
tag.txt,0.025162499999984274,0.021943749999986287,0.020074999999987454,0.04374999999997266,0.03756874999997652,0.0423999999999735,0.053524999999966544,0.04860624999996962,0.05193749999996754,0.16012499999989993,0.1628812499998982,0.16598124999989627,0.24216874999984864,0.2849749999998219,0.28694374999982064,0.1844874999998847,0.19715624999987677,0.1955062499998778,0.09224999999994234,0.08844999999994471,0.08315624999994803,0.05656874999996465,0.04628749999997107,0.0476874999999702,0.06679999999995825,0.052931249999966914,0.04844999999996972,0.07516249999995302,0.059199999999963,0.05786249999996384
tag.txt,0.027074999999983078,0.023568749999985268,0.0219187499999863,0.045531249999971546,0.03900624999997562,0.04386249999997258,0.05582499999996511,0.05044374999996847,0.05512499999996555,0.15928124999990045,0.16485624999989695,0.16696249999989565,0.22436249999985977,0.26267499999983585,0.26210624999983617,0.1790312499998881,0.19558124999987775,0.19592499999987756,0.09721874999993924,0.09368749999994144,0.0915124999999428,0.06008124999996245,0.04950624999996906,0.04964999999996897,0.07178749999995514,0.05736249999996415,0.050968749999968144,0.07980624999995012,0.06331249999996043,0.06196874999996127
tag.txt,0.02673749999998329,0.02449374999998469,0.02196874999998627,0.0446312499999721,0.03880624999997575,0.04280624999997325,0.055924999999965044,0.05003124999996873,0.05453124999996592,0.1587124999999008,0.16139374999989914,0.16504374999989685,0.24486249999984697,0.2822249999998236,0.28148124999982405,0.1864249999998835,0.19963124999987522,0.20004374999987498,0.09334374999994166,0.08749999999994532,0.08438124999994726,0.05444374999996597,0.045156249999971775,0.04633749999997104,0.061556249999961524,0.04989999999996881,0.045349999999971656,0.07336249999995414,0.06086249999996196,0.05805624999996371
tag.txt,0.029049999999981844,0.02396874999998502,0.021906249999986308,0.0504062499999685,0.03880624999997575,0.041849999999973846,0.05475624999996578,0.049031249999969356,0.05461874999996586,0.1529437499999044,0.16169999999989892,0.17304999999989185,0.1932499999998792,0.2530624999998418,0.24487499999984697,0.17721874999988924,0.1966749999998771,0.2014374999998741,0.10246874999993595,0.09517499999994052,0.09594999999994003,0.06444374999995972,0.050568749999968396,0.047031249999970604,0.08388749999994757,0.06344999999996034,0.05530624999996543,0.09157499999994277,0.06756249999995777,0.06397499999996002
tag.txt,0.0281624999999824,0.0238437499999851,0.022868749999985706,0.04702499999997061,0.03852499999997592,0.04120624999997424,0.05724999999996422,0.04990624999996881,0.054737499999965786,0.15907499999990057,0.1668749999998957,0.17367499999989144,0.20648749999987095,0.25781249999983885,0.24906249999984434,0.17656874999988964,0.195212499999878,0.19874999999987578,0.100818749999937,0.09433749999994104,0.09409374999994119,0.060799999999962,0.04964999999996897,0.048918749999969424,0.07594374999995253,0.05861249999996337,0.052324999999967294,0.08786874999994508,0.06522499999995923,0.06436249999995977
tag.txt,0.029193749999981755,0.025149999999984282,0.022931249999985668,0.04801874999996999,0.03809374999997619,0.0398312499999751,0.056881249999964446,0.04998749999996876,0.0548812499999657,0.15761249999990148,0.16349374999989782,0.17518124999989051,0.20554374999987154,0.26070624999983705,0.2529312499998419,0.17939374999988789,0.1963374999998773,0.20104374999987434,0.0996749999999377,0.09318749999994176,0.09278124999994201,0.06109374999996182,0.04905624999996934,0.04634999999997103,0.07654999999995216,0.05898124999996314,0.05179374999996763,0.08603749999994623,0.06500624999995937,0.06227499999996108
tag.txt,0.0300812499999812,0.02705624999998309,0.025893749999983815,0.04786249999997009,0.04066874999997458,0.044131249999972415,0.05865624999996334,0.052068749999967454,0.05783749999996385,0.15804374999990123,0.16170624999989894,0.16769999999989518,0.21099999999986813,0.2553374999998404,0.24499374999984688,0.17661249999988962,0.19336874999987913,0.19529374999987795,0.09993124999993755,0.0950499999999406,0.09545624999994035,0.06056249999996215,0.04908749999996932,0.04886249999996946,0.07121249999995549,0.057031249999964354,0.05268749999996707,0.08603749999994623,0.06862499999995711,0.06714374999995804
tag.txt,0.02931249999998168,0.0267187499999833,0.025974999999983765,0.05053749999996841,0.042168749999973644,0.04606874999997121,0.053624999999966484,0.04782499999997011,0.05404374999996622,0.15362499999990398,0.1603249999998998,0.1633374999998979,0.18981874999988135,0.22404374999985996,0.21624999999986486,0.1646562499998971,0.17909999999988807,0.17735624999988917,0.0998499999999376,0.0993624999999379,0.09940624999993787,0.06661249999995837,0.058762499999963275,0.05959999999996275,0.09736249999993915,0.08297499999994815,0.07928124999995045,0.09459999999994087,0.07871874999995081,0.07868124999995083
tag.txt,0.02649374999998344,0.024537499999984665,0.023556249999985276,0.04788124999997007,0.04121874999997424,0.04437499999997226,0.052181249999967386,0.04668124999997082,0.051812499999967614,0.15944999999990034,0.16489999999989693,0.16923124999989422,0.2105874999998684,0.23979999999985013,0.23378749999985388,0.16495624999989691,0.17662499999988962,0.17627499999988983,0.09400624999994124,0.09396249999994127,0.09368749999994144,0.06353749999996029,0.05581249999996512,0.05656249999996465,0.09405624999994121,0.08289999999994818,0.07725624999995172,0.08684999999994572,0.07356249999995403,0.07345624999995409
tag.txt,0.02798749999998251,0.02679999999998325,0.024731249999984543,0.04778124999997014,0.04128749999997419,0.04435624999997228,0.05468124999996583,0.0487999999999695,0.05274999999996703,0.15836874999990103,0.16234374999989853,0.16779999999989512,0.20883749999986947,0.2374437499998516,0.23323749999985421,0.16971249999989393,0.17834999999988854,0.18006249999988747,0.09809999999993868,0.09457499999994089,0.09495624999994065,0.062349999999961034,0.05616874999996489,0.055868749999965085,0.08632499999994604,0.07911249999995056,0.07284374999995447,0.08585624999994634,0.07511874999995305,0.07339374999995413
tag.txt,0.02622499999998361,0.02550624999998406,0.023849999999985095,0.04589374999997132,0.040037499999974975,0.04433749999997229,0.053537499999966535,0.04886249999996946,0.053793749999966375,0.16424374999989735,0.16744374999989534,0.1708749999998932,0.21788124999986383,0.24089999999984943,0.23386874999985383,0.16840624999989476,0.17398124999989126,0.17593124999989004,0.0947062499999408,0.09333124999994166,0.09467499999994083,0.0615999999999615,0.05657499999996464,0.056181249999964884,0.08638749999994601,0.0820874999999487,0.07510624999995306,0.0811187499999493,0.07127499999995546,0.07138124999995539
tag.txt,0.02456249999998465,0.022568749999985895,0.02196874999998627,0.04506249999997183,0.03886874999997571,0.045787499999971386,0.0467187499999708,0.04434374999997229,0.049624999999968986,0.15816874999990113,0.1640312499998975,0.16260624999989837,0.22504999999985933,0.25066874999984334,0.24231249999984855,0.17264999999989208,0.17883124999988823,0.17716249999988928,0.09177499999994264,0.0926437499999421,0.08859999999994463,0.06146874999996158,0.05705624999996434,0.05788124999996382,0.09385624999994134,0.08294999999994816,0.08110624999994931,0.08068749999994956,0.06803749999995748,0.07294999999995441
tag.txt,0.025193749999984253,0.023593749999985255,0.02273749999998579,0.04531874999997167,0.03976874999997514,0.04556874999997152,0.04988749999996882,0.045612499999971495,0.050218749999968615,0.1544124999999035,0.15999374999990001,0.15811249999990118,0.23164999999985522,0.2598499999998376,0.25608749999983993,0.17470624999989082,0.18548749999988406,0.1836749999998852,0.0891187499999443,0.08853749999994466,0.08519999999994675,0.06131249999996168,0.05483124999996573,0.057731249999963916,0.08635624999994602,0.07426249999995359,0.07045624999995596,0.08204374999994872,0.06806249999995746,0.07021249999995612
tag.txt,0.023624999999985234,0.022724999999985798,0.022162499999986148,0.044906249999971934,0.039356249999975404,0.044549999999972154,0.04836874999996977,0.0454437499999716,0.04968124999996895,0.16156249999989902,0.16418749999989737,0.16349374999989782,0.22909374999985682,0.25186249999984256,0.2465687499998459,0.17276249999989202,0.1774562499998891,0.17977499999988764,0.09169374999994269,0.0905562499999434,0.08782499999994511,0.06016874999996239,0.05496249999996565,0.057043749999964345,0.08843124999994473,0.08300624999994811,0.0780749999999512,0.07938749999995039,0.07044374999995598,0.07082499999995573
tag.txt,0.024981249999984387,0.024712499999984556,0.023474999999985327,0.043549999999972784,0.039174999999975514,0.044074999999972456,0.04945624999996909,0.0465624999999709,0.0510312499999681,0.15513124999990305,0.15913124999990055,0.15738749999990162,0.24836249999984478,0.2643124999998348,0.26231874999983607,0.1820937499998862,0.1864249999998835,0.1865437499998834,0.08840624999994474,0.08806249999994496,0.08384999999994759,0.056706249999964556,0.05233749999996729,0.05479374999996575,0.07739374999995163,0.07226249999995484,0.06908749999995682,0.0739187499999538,0.06701874999995812,0.06743749999995785
tag.txt,0.01726249999998921,0.014649999999990844,0.014662499999990836,0.038762499999975775,0.030949999999980656,0.0372749999999767,0.03889999999997569,0.03566249999997771,0.04102499999997436,0.16436874999989726,0.16984374999989385,0.17233749999989229,0.2595124999998378,0.2907312499998183,0.2810812499998243,0.18614999999988366,0.1979062499998763,0.1924937499998797,0.08574999999994641,0.08407499999994746,0.08279374999994825,0.05530624999996543,0.0489624999999694,0.0508749999999682,0.08365624999994771,0.07137499999995539,0.06924999999995672,0.07033124999995605,0.055843749999965095,0.05820624999996362
tag.txt,0.01639999999998975,0.014762499999990773,0.015018749999990613,0.03766874999997646,0.030762499999980774,0.03880624999997575,0.040649999999974595,0.036024999999977485,0.04147499999997408,0.16233124999989854,0.1665874999998959,0.16561874999989648,0.2716874999998302,0.3004437499998122,0.29147499999981785,0.19643124999987724,0.20533749999987166,0.2004687499998747,0.08535624999994665,0.08423749999994735,0.08265624999994833,0.05272499999996705,0.04620624999997112,0.048837499999969475,0.07099374999995563,0.06203124999996123,0.05955624999996278,0.0657562499999589,0.05360624999996649,0.05608749999996494
tag.txt,0.017618749999988987,0.01581874999999011,0.015349999999990406,0.04024999999997484,0.03263124999997961,0.03921249999997549,0.04084374999997447,0.036518749999977174,0.041337499999974166,0.161568749999899,0.168018749999895,0.16953124999989405,0.251187499999843,0.27974999999982514,0.2724562499998297,0.18714374999988304,0.1953374999998779,0.19203124999987997,0.08746249999994533,0.08593749999994629,0.0849687499999469,0.05574374999996516,0.05083749999996823,0.05161874999996774,0.08484999999994697,0.07508124999995307,0.07173124999995517,0.07333124999995416,0.06006874999996246,0.0617624999999614
tag.txt,0.01623749999998985,0.01476874999999077,0.01505624999999059,0.037399999999976626,0.030899999999980686,0.038412499999975994,0.03906874999997558,0.03641249999997724,0.040637499999974604,0.16276249999989828,0.1665499999998959,0.16376249999989764,0.27639999999982723,0.30121874999981174,0.2940812499998162,0.19656874999987714,0.20393749999987254,0.19930624999987542,0.08227499999994858,0.08099374999994938,0.08069374999994956,0.05245624999996722,0.046399999999971,0.0488062499999695,0.0728062499999545,0.06486249999995947,0.06274374999996078,0.06402499999995999,0.053956249999966274,0.05649999999996469
tag.txt,0.025412499999984118,0.022599999999985874,0.022112499999986178,0.04374999999997266,0.0375999999999765,0.04327499999997295,0.052849999999966965,0.0483124999999698,0.05495624999996565,0.16680624999989574,0.17145624999989284,0.1733999999998916,0.22732499999985792,0.26199374999983627,0.24978749999984387,0.1774562499998891,0.1932937499998792,0.1899374999998813,0.09571874999994018,0.0913562499999429,0.09191249999994255,0.05825624999996359,0.049349999999969155,0.05233749999996729,0.07402499999995374,0.060312499999962306,0.05754374999996403,0.078399999999951,0.06372499999996017,0.06473749999995954
tag.txt,0.02551874999998405,0.022893749999985693,0.021906249999986308,0.04477499999997202,0.03926249999997546,0.04471249999997205,0.05404374999996622,0.04837499999996977,0.05459374999996588,0.16333124999989793,0.17076874999989328,0.17111874999989304,0.2329812499998544,0.26503124999983435,0.25609999999983996,0.17623124999988984,0.19344999999987908,0.18888749999988194,0.092793749999942,0.09047499999994345,0.08973749999994392,0.05912499999996305,0.04937499999996914,0.05321874999996674,0.07206249999995495,0.056868749999964455,0.05493749999996567,0.07913749999995054,0.06349999999996031,0.0647874999999595
tag.txt,0.02641249999998349,0.025106249999984308,0.02422499999998486,0.04483124999997198,0.03934374999997541,0.045168749999971766,0.05506874999996558,0.05026249999996858,0.05723124999996423,0.1670312499998956,0.17045624999989348,0.16931874999989419,0.23124999999985546,0.26038124999983725,0.2472062499998455,0.1766062499998896,0.19011874999988118,0.18910624999988182,0.09463749999994085,0.09173124999994267,0.0921562499999424,0.057062499999964336,0.04958124999996901,0.052849999999966965,0.06808124999995745,0.05718749999996426,0.054468749999965954,0.07901874999995061,0.06583124999995886,0.06826874999995733
tag.txt,0.02563124999998398,0.023999999999985,0.023312499999985428,0.044899999999971935,0.04109374999997432,0.045418749999971614,0.055081249999965574,0.04971874999996893,0.05574374999996516,0.16754999999989528,0.17012499999989367,0.17037499999989353,0.24071249999984956,0.26876249999983204,0.25941249999983784,0.18051874999988718,0.1908749999998807,0.18946249999988157,0.0931187499999418,0.08935624999994415,0.08949374999994407,0.05538124999996539,0.04795624999997003,0.051406249999967873,0.06373124999996017,0.054468749999965954,0.05111249999996805,0.07337499999995414,0.06364374999996023,0.06426249999995984
tag.txt,0.026337499999983537,0.023624999999985234,0.023399999999985373,0.04498749999997188,0.03906249999997559,0.04460624999997212,0.05463124999996585,0.0497562499999689,0.05572499999996517,0.16104374999989934,0.16628749999989606,0.16394374999989753,0.23026874999985608,0.2654249999998341,0.2561749999998399,0.17414999999989114,0.18938124999988162,0.18635624999988354,0.09506249999994058,0.09121874999994299,0.09028124999994358,0.05924999999996297,0.04906874999996933,0.05321874999996674,0.07428124999995357,0.06043749999996222,0.05908749999996307,0.07998749999995,0.06573749999995891,0.067206249999958
tag.txt,0.026306249999983558,0.024087499999984944,0.023149999999985533,0.044649999999972094,0.03862499999997586,0.04467499999997208,0.05258124999996713,0.048674999999969576,0.05434999999996603,0.1588874999999007,0.16362499999989774,0.16164999999989896,0.2436499999998477,0.2764874999998272,0.2693124999998317,0.18085624999988698,0.19328749999987918,0.18789374999988256,0.09019374999994363,0.08903749999994436,0.08681874999994574,0.05751874999996405,0.04888124999996945,0.05213749999996741,0.06811249999995743,0.054568749999965895,0.05401249999996624,0.07724374999995172,0.0627249999999608,0.06599999999995874
tag.txt,0.026506249999983432,0.024662499999984586,0.023387499999985382,0.04488749999997194,0.03879374999997575,0.0428874999999732,0.054412499999965995,0.04956874999996902,0.056193749999964876,0.16243749999989848,0.16788749999989508,0.16731874999989543,0.23724374999985173,0.26635624999983354,0.2614187499998366,0.17529374999989045,0.18715624999988303,0.18695624999988314,0.09226874999994233,0.09187499999994257,0.08844374999994473,0.05794374999996379,0.050474999999968455,0.05193749999996754,0.07006249999995622,0.05761874999996399,0.05540624999996537,0.07894374999995066,0.065606249999959,0.06604999999995873
tag.txt,0.025874999999983828,0.024231249999984855,0.02281874999998574,0.04339999999997288,0.03827499999997608,0.043562499999972776,0.05334999999996665,0.049443749999969096,0.05467499999996583,0.16100624999989938,0.16450624999989719,0.16333124999989793,0.25576249999984013,0.28295624999982316,0.27901249999982564,0.18042499999988723,0.19059374999988088,0.1875187499998828,0.08840624999994474,0.08680624999994574,0.083212499999948,0.055331249999965415,0.04724374999997047,0.05034374999996853,0.06382499999996011,0.05429999999996606,0.0521624999999674,0.07261874999995462,0.06164374999996147,0.0633624999999604
tag.txt,0.02073124999998704,0.018131249999988667,0.01674999999998953,0.03864999999997584,0.0323187499999798,0.035256249999977965,0.04902499999996936,0.044762499999972026,0.0476874999999702,0.16409374999989745,0.1688187499998945,0.17051874999989342,0.27489999999982817,0.31059999999980586,0.3070437499998081,0.18316874999988553,0.19497499999987813,0.1969312499998769,0.08568124999994645,0.08135624999994916,0.08006874999994995,0.051412499999967866,0.043543749999972785,0.044137499999972414,0.0651249999999593,0.05257499999996714,0.04798124999997001,0.06721249999995799,0.05291874999996692,0.053624999999966484
tag.txt,0.021331249999986666,0.01879999999998825,0.01764999999998897,0.040137499999974915,0.03374374999997891,0.0361624999999774,0.05022499999996861,0.044906249999971934,0.04854374999996966,0.163206249999898,0.16789999999989505,0.16859374999989463,0.27287499999982945,0.3091249999998068,0.3090437499998068,0.17811249999988868,0.19274374999987953,0.1939187499998788,0.08473749999994704,0.08011874999994993,0.07913124999995054,0.05459999999996588,0.04539374999997163,0.04504374999997185,0.0652812499999592,0.05281874999996699,0.048587499999969634,0.06949374999995657,0.05444999999996597,0.05332499999996667
tag.txt,0.021637499999986477,0.020443749999987222,0.019124999999988047,0.038668749999975834,0.03449999999997844,0.036712499999977055,0.05193749999996754,0.04766874999997021,0.05054374999996841,0.16926874999989422,0.17053124999989341,0.17308749999989181,0.28268749999982334,0.30697499999980815,0.3033874999998104,0.18168749999988645,0.19017499999988113,0.1953374999998779,0.08386249999994759,0.08227499999994858,0.08076249999994953,0.05059374999996838,0.04365624999997272,0.043793749999972625,0.056018749999964985,0.047893749999970064,0.04316874999997302,0.06363749999996023,0.05588124999996508,0.0540812499999662
tag.txt,0.020724999999987045,0.019562499999987774,0.017981249999988763,0.03708749999997682,0.03274374999997953,0.03429999999997856,0.0513624999999679,0.04654374999997091,0.04953749999996904,0.1707374999998933,0.17130624999989294,0.17262499999989211,0.30149374999981154,0.32828749999979484,0.3268374999997957,0.18252499999988592,0.1905874999998809,0.193631249999879,0.07873124999995079,0.07619999999995238,0.0745624999999534,0.04743124999997036,0.04018124999997489,0.04067499999997458,0.050549999999968405,0.04369374999997269,0.03981874999997511,0.059356249999962904,0.050893749999968194,0.05003124999996873
tag.txt,0.01705624999998934,0.014981249999990637,0.0147187499999908,0.03401874999997874,0.028587499999982134,0.030712499999980804,0.04697499999997064,0.04101249999997437,0.04538749999997163,0.1734312499998916,0.17554374999989028,0.17612499999988993,0.30178749999981136,0.3342374999997911,0.3255999999997965,0.18762499999988275,0.201593749999874,0.2044749999998722,0.08034999999994978,0.07689999999995194,0.07578749999995263,0.04714999999997053,0.03784999999997635,0.03924999999997547,0.05451874999996593,0.04373124999997267,0.04085624999997446,0.05708749999996432,0.04556249999997152,0.04708749999997057
tag.txt,0.015606249999990246,0.013874999999991328,0.012824999999991985,0.032087499999979945,0.027162499999983023,0.029956249999981276,0.04505624999997184,0.04074999999997453,0.04376874999997264,0.17401249999989124,0.17489374999989069,0.1746999999998908,0.3320062499997925,0.363168749999773,0.3590187499997756,0.1817437499998864,0.19158124999988027,0.19302499999987935,0.07393749999995379,0.07143749999995536,0.07086249999995571,0.04326249999997296,0.03594999999997753,0.036449999999977216,0.049287499999969196,0.039706249999975185,0.03748749999997657,0.05299999999996687,0.04147499999997408,0.04190624999997381
tag.txt,0.017112499999989303,0.016187499999989884,0.014987499999990633,0.032424999999979734,0.028424999999982235,0.03198749999998001,0.04822499999996986,0.04318124999997301,0.04724374999997047,0.1751749999998905,0.17599374999989,0.17720624999988924,0.31893124999980066,0.34229374999978607,0.33396874999979126,0.1866937499998833,0.19766874999987646,0.19879374999987576,0.07793749999995128,0.07481874999995324,0.07496249999995315,0.04353124999997279,0.03694374999997691,0.03733124999997667,0.047049999999970595,0.03915624999997553,0.037649999999976466,0.05291874999996692,0.045331249999971665,0.045868749999971335
tag.txt,0.018356249999988528,0.017031249999989357,0.015993749999990006,0.03416249999997865,0.02958124999998151,0.03129374999998044,0.049862499999968835,0.04486249999997196,0.046968749999970645,0.17411249999989117,0.17736874999988914,0.17742499999988912,0.3100999999998062,0.33304374999979186,0.3307687499997933,0.18635624999988354,0.19607499999987746,0.19893749999987567,0.07911249999995056,0.07737499999995164,0.0753687499999529,0.04493124999997192,0.038393749999976,0.03761874999997649,0.049368749999969146,0.04083124999997448,0.0395187499999753,0.053637499999966476,0.045437499999971605,0.046106249999971184
tag.txt,0.023162499999985525,0.020762499999987024,0.01964999999998772,0.036799999999977,0.03291874999997942,0.03443124999997848,0.05281874999996699,0.04786874999997008,0.052099999999967436,0.17559999999989026,0.1756749999998902,0.18238749999988602,0.2761312499998274,0.31208749999980495,0.2990749999998131,0.1830249999998856,0.19021249999988113,0.19448124999987845,0.0827249999999483,0.07960624999995025,0.07949999999995032,0.04782499999997011,0.04100624999997437,0.041399999999974124,0.055512499999965305,0.045156249999971775,0.04266249999997333,0.0663999999999585,0.05470624999996581,0.054312499999966055
tag.txt,0.021337499999986662,0.019749999999987656,0.018856249999988216,0.0340874999999787,0.031062499999980585,0.03214374999997991,0.05076249999996827,0.046537499999970915,0.052012499999967494,0.1831937499998855,0.1806624999998871,0.18315624999988553,0.29478124999981575,0.32515624999979675,0.3131124999998043,0.1876687499998827,0.19384999999987884,0.19757499999987652,0.07885624999995071,0.07495624999995315,0.07469999999995332,0.043956249999972524,0.03810624999997618,0.03854999999997591,0.04746874999997033,0.03981249999997512,0.038581249999975885,0.05788749999996382,0.05010624999996868,0.05131249999996793
tag.txt,0.02315624999998553,0.021724999999986422,0.02012499999998742,0.03597499999997752,0.033549999999979034,0.034062499999978714,0.05313749999996679,0.04966249999996896,0.054668749999965835,0.1777562499998889,0.17629999999988982,0.18076249999988703,0.28744374999982036,0.313556249999804,0.30356874999981026,0.18726249999988295,0.19283749999987948,0.1976187499998765,0.08078749999994951,0.07508749999995307,0.07698124999995189,0.045787499999971386,0.0414374999999741,0.040381249999974764,0.04709374999997057,0.041481249999974074,0.03820624999997612,0.0615999999999615,0.05436249999996602,0.053624999999966484
tag.txt,0.02456249999998465,0.02387499999998508,0.022099999999986186,0.03703749999997685,0.034668749999978335,0.03613124999997742,0.054293749999966064,0.05046249999996846,0.05603124999996498,0.17591249999989006,0.17592499999989006,0.1795437499998878,0.284818749999822,0.3074499999998078,0.295974999999815,0.1860562499998837,0.19063124999988085,0.1923249999998798,0.0809624999999494,0.07578124999995263,0.07901249999995062,0.04583749999997135,0.04121249999997424,0.04187499999997383,0.04749374999997032,0.04254374999997341,0.04036874999997477,0.06302499999996061,0.05744999999996409,0.0566374999999646
tag.txt,0.018662499999988334,0.017418749999989113,0.017143749999989286,0.03256249999997965,0.029587499999981507,0.032681249999979574,0.048743749999969534,0.04409374999997244,0.05017499999996864,0.1865874999998834,0.184006249999885,0.18959374999988152,0.2876562499998202,0.31894999999980067,0.3005562499998122,0.19692499999987692,0.2039874999998725,0.20374999999987264,0.08113749999994929,0.07718124999995177,0.07796249999995128,0.043549999999972784,0.03778124999997639,0.039706249999975185,0.04844999999996972,0.04009999999997494,0.03948124999997532,0.05572499999996517,0.04689374999997069,0.04894999999996941
tag.txt,0.017324999999989172,0.016981249999989387,0.016662499999989585,0.0300812499999812,0.02726249999998296,0.03051249999998093,0.04801874999996999,0.044074999999972456,0.05130624999996793,0.18873749999988204,0.18978749999988137,0.19140624999988037,0.308768749999807,0.32916249999979424,0.3114499999998053,0.19873749999987578,0.2033374999998729,0.20085624999987448,0.07702499999995185,0.07306249999995433,0.07557499999995276,0.03976874999997514,0.035449999999977846,0.038399999999976,0.04109374999997432,0.03580624999997762,0.03588124999997758,0.05044374999996847,0.045074999999971825,0.04794999999997003
tag.txt,0.017768749999988894,0.016937499999989412,0.01641249999998974,0.030499999999980938,0.027912499999982555,0.03038124999998101,0.04809374999996994,0.044793749999972,0.05009999999996869,0.18918749999988177,0.18922499999988174,0.19396249999987877,0.3112187499998055,0.3337624999997914,0.3161374999998024,0.1961312499998774,0.20037499999987476,0.20163124999987397,0.07546249999995283,0.07131249999995543,0.07388124999995382,0.040043749999974974,0.03546874999997783,0.03684999999997697,0.04139374999997413,0.035431249999977855,0.035193749999978007,0.050199999999968624,0.04478124999997201,0.045449999999971596
tag.txt,0.017162499999989273,0.016599999999989627,0.01622499999998986,0.02918749999998176,0.028006249999982497,0.02990624999998131,0.04711874999997055,0.042862499999973214,0.04890624999996943,0.18993124999988129,0.18972499999988143,0.19179999999988012,0.316787499999802,0.3356312499997902,0.3235124999997978,0.19976874999987515,0.20430624999987232,0.20256249999987339,0.07496249999995315,0.07122499999995549,0.0721437499999549,0.038168749999976145,0.03476874999997827,0.03531874999997792,0.03830624999997606,0.03324999999997922,0.03357499999997902,0.04860624999996962,0.043624999999972734,0.04604999999997122
tag.txt,0.018774999999988266,0.017781249999988886,0.017068749999989332,0.034412499999978495,0.03160624999998025,0.0348749999999782,0.04758124999997026,0.044212499999972364,0.050037499999968725,0.17335624999989166,0.17226874999989233,0.17465624999989085,0.3079124999998076,0.3326624999997921,0.3191687499998005,0.1876562499998827,0.19577499999987763,0.1932624999998792,0.07970624999995019,0.07562499999995273,0.07746249999995158,0.044643749999972095,0.03886249999997571,0.042756249999973274,0.04934374999996916,0.04185624999997384,0.040806249999974495,0.056612499999964615,0.049349999999969155,0.04990624999996881
tag.txt,0.019124999999988047,0.01777499999998889,0.01766249999998896,0.033793749999978875,0.031418749999980365,0.035274999999977956,0.048412499999969744,0.04274999999997328,0.04845624999996972,0.17323749999989171,0.17447499999989094,0.17530624999989045,0.31098124999980564,0.339237499999788,0.3246812499997971,0.1860999999998837,0.19209374999987994,0.18914999999988177,0.07892499999995067,0.07453124999995342,0.07608749999995244,0.04511249999997181,0.03908124999997557,0.04194374999997379,0.0483124999999698,0.04066874999997458,0.04075624999997453,0.055999999999965,0.04796874999997002,0.05068124999996832
tag.txt,0.02001249999998749,0.019049999999988094,0.01889374999998819,0.034806249999978243,0.03263124999997961,0.036449999999977216,0.04916249999996927,0.046187499999971134,0.05138124999996788,0.17236249999989228,0.17178749999989262,0.17351249999989155,0.3084687499998072,0.326418749999796,0.31273124999980456,0.18613124999988367,0.19587499999987756,0.19156249999988026,0.08008749999994995,0.076781249999952,0.07828124999995108,0.04445624999997221,0.03933749999997541,0.04314999999997303,0.04788124999997007,0.04147499999997408,0.04033749999997479,0.056631249999964606,0.050456249999968464,0.053699999999966434
tag.txt,0.0198374999999876,0.019387499999987883,0.01867499999998833,0.035099999999978065,0.03249374999997969,0.03620624999997737,0.04969374999996894,0.04723124999997048,0.05148749999996782,0.17289999999989195,0.17304999999989185,0.17448749999989094,0.31052499999980593,0.329612499999794,0.3188687499998007,0.18904999999988184,0.19463749999987834,0.19224374999987984,0.07739999999995162,0.07450624999995344,0.07658749999995214,0.04429999999997231,0.03988749999997507,0.041081249999974326,0.04468124999997208,0.0391999999999755,0.038999999999975624,0.05651249999996468,0.04999374999996875,0.0513624999999679
tag.txt,0.02089374999998694,0.01908749999998807,0.01906874999998808,0.03496249999997815,0.03118749999998051,0.034581249999978386,0.05044374999996847,0.046437499999970974,0.052356249999967276,0.1762812499998898,0.17430624999989106,0.18043749999988723,0.2820249999998237,0.3148374999998032,0.29223124999981737,0.1892874999998817,0.19698124999987687,0.19762499999987648,0.08456874999994714,0.07959999999995025,0.08341874999994786,0.04697499999997064,0.0398374999999751,0.042187499999973635,0.05345624999996659,0.04538749999997163,0.04393749999997254,0.06110624999996181,0.05233749999996729,0.054156249999966155
tag.txt,0.019093749999988065,0.017931249999988793,0.01790624999998881,0.03300624999997937,0.02990624999998131,0.034056249999978715,0.04853124999996967,0.04594999999997128,0.05093124999996817,0.18028749999988733,0.17832499999988854,0.18358124999988526,0.2978999999998138,0.32517499999979677,0.30133124999981165,0.19318124999987926,0.1974187499998766,0.19803124999987623,0.08043124999994973,0.07616874999995239,0.07886249999995071,0.042187499999973635,0.03761874999997649,0.040006249999975,0.048168749999969895,0.04162499999997398,0.04194374999997379,0.05721249999996424,0.049881249999968826,0.05334999999996665
tag.txt,0.02055624999998715,0.019268749999987955,0.01860624999998837,0.03377499999997889,0.030499999999980938,0.03308124999997932,0.05034999999996853,0.045868749999971335,0.05219999999996738,0.1795249999998878,0.1790312499998881,0.18339999999988538,0.28750624999982033,0.31543749999980286,0.29794374999981377,0.1908812499998807,0.19731874999987667,0.19835624999987603,0.08248749999994845,0.07842499999995098,0.08035624999994978,0.04487499999997195,0.03963124999997523,0.04052499999997467,0.05030624999996856,0.042874999999973205,0.041668749999973956,0.05973749999996266,0.05164374999996772,0.05386249999996633
tag.txt,0.020962499999986898,0.019993749999987504,0.020281249999987323,0.03345624999997909,0.03199999999998,0.03513124999997804,0.05201874999996749,0.04784999999997009,0.05255624999996715,0.17898124999988813,0.17784999999988885,0.17981874999988762,0.29413749999981614,0.31753124999980153,0.2995374999998128,0.19143749999988036,0.19504374999987809,0.19594374999987754,0.08076249999994953,0.07644999999995222,0.07902499999995061,0.04324374999997297,0.039606249999975245,0.041149999999974284,0.04683124999997073,0.041162499999974275,0.04083749999997448,0.058168749999963645,0.05251249999996718,0.05571874999996518
tag.txt,0.029593749999981503,0.026312499999983554,0.024581249999984636,0.05394374999996628,0.04404374999997247,0.048156249999969904,0.05299999999996687,0.04744999999997034,0.053293749999966694,0.14516874999990928,0.1548749999999032,0.16153124999989904,0.17190624999989257,0.2097749999998689,0.20481874999987199,0.1667187499998958,0.180781249999887,0.18022499999988736,0.10189374999993632,0.10050624999993718,0.10160624999993649,0.07138124999995539,0.062187499999961135,0.061337499999961666,0.10754374999993278,0.09236249999994227,0.08613124999994617,0.09884999999993822,0.08170624999994894,0.07831874999995105
tag.txt,0.02857499999998214,0.02564374999998397,0.02403124999998498,0.05265624999996709,0.04377499999997264,0.0478374999999701,0.05238124999996726,0.04778124999997014,0.05305624999996684,0.1513999999999054,0.158387499999901,0.1636937499998977,0.1820562499998862,0.2172687499998642,0.21231249999986732,0.16065624999989958,0.17756249999988902,0.17912499999988804,0.10051249999993718,0.09876249999993827,0.09927499999993795,0.0700687499999562,0.06024374999996235,0.06002499999996248,0.10602499999993373,0.09203124999994249,0.08293124999994816,0.09566874999994021,0.07854374999995091,0.07771249999995143
tag.txt,0.027799999999982623,0.02615624999998365,0.02346874999998533,0.04988749999996882,0.04313749999997304,0.04537499999997164,0.052618749999967115,0.04794999999997003,0.05259374999996713,0.15416249999990364,0.1581062499999012,0.1662374999998961,0.18854999999988215,0.21740624999986413,0.2145624999998659,0.16947499999989407,0.17711249999988932,0.1825562499998859,0.1015937499999365,0.09799999999993875,0.09849999999993844,0.06683749999995822,0.061074999999961826,0.057974999999963764,0.0979124999999388,0.0918187499999426,0.08295624999994815,0.09116249999994303,0.07923749999995047,0.07577499999995264
tag.txt,0.028587499999982134,0.02729999999998294,0.02542499999998411,0.05028749999996857,0.042949999999973155,0.04759374999997026,0.05554999999996528,0.05030624999996856,0.054318749999966054,0.15597499999990252,0.16203749999989872,0.16362499999989774,0.19769374999987643,0.2238687499998601,0.22027499999986233,0.16534999999989666,0.1753749999998904,0.18024999999988733,0.09908124999993807,0.09754999999993903,0.09748749999993907,0.06641874999995849,0.05821249999996362,0.058343749999963536,0.09196249999994252,0.08596874999994628,0.07686249999995196,0.08909374999994432,0.07643124999995222,0.07581874999995261
tag.txt,0.025931249999983794,0.022249999999986093,0.02171249999998643,0.051924999999967546,0.04074999999997453,0.048243749999969845,0.04795624999997003,0.04360624999997274,0.04753124999997029,0.1467062499999083,0.1593562499999004,0.16051874999989968,0.1774312499998891,0.21708124999986433,0.2136312499998665,0.17155624999989277,0.1857312499998839,0.18541249999988413,0.1011249999999368,0.0977624999999389,0.09661249999993962,0.07201249999995499,0.061499999999961565,0.06151874999996155,0.1081624999999324,0.09338749999994163,0.08713124999994554,0.09719374999993925,0.07857499999995089,0.07768749999995145
tag.txt,0.02427499999998483,0.020843749999986973,0.020243749999987348,0.04878124999996951,0.03876874999997577,0.04641249999997099,0.04573124999997142,0.0435124999999728,0.04780624999997012,0.15111249999990556,0.16006249999989997,0.15899999999990064,0.20541249999987163,0.243206249999848,0.24179374999984887,0.17706249999988932,0.19063749999988086,0.18632499999988356,0.09464374999994085,0.09401249999994124,0.09226874999994233,0.06596874999995878,0.05691249999996443,0.05699999999996438,0.09735624999993915,0.08130624999994919,0.07654999999995216,0.08965624999994397,0.0707374999999558,0.07259999999995463
tag.txt,0.0251187499999843,0.022693749999985816,0.021474999999986578,0.04812499999996992,0.039012499999975615,0.04589999999997131,0.050212499999968616,0.04483124999997198,0.050299999999968564,0.1534437499999041,0.1624187499998985,0.16342499999989785,0.1991874999998755,0.2326437499998546,0.2313687499998554,0.1732624999998917,0.18678749999988326,0.18628124999988357,0.09926249999993796,0.09781874999993886,0.09341249999994161,0.06533124999995917,0.05750624999996406,0.05838124999996351,0.09658124999993964,0.0842999999999473,0.07689374999995194,0.08947499999994407,0.071987499999955,0.07256249999995465
tag.txt,0.023393749999985378,0.020993749999986877,0.02008124999998745,0.043818749999972616,0.03750624999997656,0.0425624999999734,0.047656249999970215,0.043706249999972684,0.049012499999969365,0.15620624999990237,0.16246874999989847,0.16409374999989745,0.22939999999985664,0.25899374999983815,0.2537562499998414,0.18146874999988657,0.18860624999988213,0.18764374999988273,0.09116874999994302,0.089593749999944,0.08759374999994525,0.061068749999961834,0.052324999999967294,0.05494999999996566,0.08569374999994644,0.07896874999995064,0.07293124999995441,0.08012499999994992,0.06683749999995822,0.06737499999995789
tag.txt,0.02947499999998158,0.027862499999982585,0.027118749999983052,0.0572749999999642,0.04718124999997051,0.0535937499999665,0.05229374999996732,0.047974999999970014,0.05256874999996714,0.1399999999999125,0.15291249999990442,0.1484749999999072,0.16281249999989825,0.18952499999988154,0.18549374999988408,0.16389999999989757,0.17226874999989233,0.17141874999989287,0.10313124999993555,0.10314374999993553,0.09895624999993816,0.07436874999995352,0.06569374999995894,0.06972499999995642,0.11433124999992854,0.1065562499999334,0.10098749999993688,0.10241249999993599,0.0868812499999457,0.0916624999999427
tag.txt,0.030443749999980972,0.028899999999981937,0.028137499999982413,0.05446249999996596,0.04664374999997085,0.05313749999996679,0.05409999999996619,0.050131249999968666,0.054412499999965995,0.14387499999991007,0.1510312499999056,0.14596249999990876,0.18872499999988204,0.21283749999986698,0.20793749999987005,0.1682874999998948,0.17739374999988913,0.1766374999998896,0.09785624999993883,0.09885624999993821,0.09361249999994149,0.07053749999995591,0.06327499999996045,0.06628124999995857,0.0966374999999396,0.08844374999994473,0.08662499999994586,0.09507499999994058,0.08248749999994845,0.08725624999994547
tag.txt,0.029493749999981566,0.02839999999998225,0.027606249999982745,0.05642499999996473,0.04778124999997014,0.053212499999966745,0.051931249999967545,0.04956874999996902,0.052424999999967234,0.14373124999991016,0.1526374999999046,0.14983124999990635,0.16518124999989675,0.18702499999988312,0.18353749999988528,0.1638437499998976,0.16938749999989414,0.17021874999989361,0.10162499999993649,0.10193749999993629,0.09994999999993753,0.07502499999995312,0.06693124999995817,0.06858749999995713,0.11162499999993024,0.10792499999993255,0.10232499999993605,0.1011187499999368,0.08840624999994474,0.0923062499999423
tag.txt,0.029737499999981414,0.029399999999981625,0.027831249999982606,0.054568749999965895,0.04793749999997004,0.05319999999996675,0.05420624999996612,0.04999999999996875,0.05316874999996677,0.1432062499999105,0.1502499999999061,0.1467062499999083,0.19378749999987888,0.21569374999986518,0.21349999999986657,0.16709374999989557,0.17542499999989036,0.17520624999989048,0.0969562499999394,0.09657499999993964,0.09375624999994141,0.06987499999995633,0.0632124999999605,0.0652937499999592,0.09674999999993954,0.09047499999994345,0.08748124999994532,0.09381874999994136,0.08103124999994936,0.08385624999994759
tag.txt,0.02521874999998424,0.023768749999985146,0.023368749999985394,0.04934374999996916,0.03971249999997518,0.04830624999996981,0.050637499999968354,0.045849999999971344,0.05317499999996676,0.1545624999999034,0.15976249999990014,0.16201249999989875,0.1822562499998861,0.22165624999986147,0.2027124999998733,0.17750624999988907,0.19091874999988068,0.18324374999988546,0.1019187499999363,0.09846249999993846,0.10258749999993588,0.06791874999995755,0.05828124999996357,0.06301249999996061,0.0983999999999385,0.08520624999994675,0.08219999999994862,0.09223749999994235,0.07638124999995226,0.07938124999995039
tag.txt,0.02499374999998438,0.022637499999985853,0.022843749999985723,0.048599999999969626,0.04078124999997451,0.04903749999996935,0.04966249999996896,0.044587499999972136,0.05281249999996699,0.15495624999990315,0.16304999999989808,0.16034374999989978,0.19130624999988044,0.22631249999985856,0.2083312499998698,0.1761624999998899,0.18858749999988214,0.18104999999988683,0.0998249999999376,0.09876874999993827,0.09799374999993875,0.06603124999995873,0.05748749999996407,0.062424999999960984,0.09784999999993885,0.0844812499999472,0.08486249999994697,0.09061249999994336,0.07330624999995418,0.08029999999994981
tag.txt,0.0249562499999844,0.02307499999998558,0.02329374999998544,0.04871874999996955,0.04058749999997463,0.04734999999997041,0.04929374999996919,0.044918749999971926,0.05201874999996749,0.15292499999990442,0.15883749999990074,0.16023749999989986,0.18955624999988152,0.2231812499998605,0.20554374999987154,0.17979999999988763,0.18690624999988317,0.18249374999988593,0.10193124999993629,0.09894374999993816,0.10021874999993736,0.0663937499999585,0.05906874999996308,0.06224999999996109,0.09731874999993917,0.08900624999994437,0.08694374999994565,0.0891062499999443,0.07547499999995283,0.07964999999995022
tag.txt,0.02409374999998494,0.023149999999985533,0.02358749999998526,0.049274999999969205,0.04188124999997382,0.05051249999996843,0.049531249999969044,0.04548749999997157,0.0524812499999672,0.15207499999990495,0.1604624999998997,0.15751874999990156,0.19064374999988085,0.21432499999986604,0.20004999999987497,0.1756687499998902,0.18244999999988598,0.1735749999998915,0.0982437499999386,0.09774374999993891,0.09684999999993947,0.06878749999995701,0.062443749999960975,0.06596874999995878,0.10166874999993646,0.0945499999999409,0.09576249999994015,0.09001249999994375,0.07750624999995155,0.08369374999994769
tag.txt,0.024043749999984973,0.020412499999987243,0.021356249999986653,0.052243749999967344,0.040381249999974764,0.050299999999968564,0.04711249999997055,0.04121249999997424,0.04839999999996975,0.14950624999990655,0.16292499999989818,0.15899999999990064,0.17226249999989235,0.21397499999986627,0.19792499999987628,0.17529999999989043,0.19143124999988034,0.1812562499998867,0.10354999999993528,0.10202499999993624,0.10133124999993667,0.07122499999995549,0.06103749999996185,0.06563124999995898,0.10713749999993304,0.09018124999994363,0.09129374999994294,0.09761874999993898,0.07641874999995224,0.08350624999994781
tag.txt,0.023593749999985255,0.020531249999987167,0.021018749999986864,0.05093749999996816,0.04019374999997488,0.050649999999968345,0.0454437499999716,0.04164999999997397,0.04664999999997085,0.15035624999990602,0.1633812499998979,0.15861874999990086,0.18088124999988694,0.2171062499998643,0.20554374999987154,0.17413124999989116,0.18901249999988187,0.18165624999988647,0.09883749999993822,0.09706874999993934,0.09591874999994005,0.07096249999995564,0.061081249999961826,0.06596249999995878,0.10884374999993197,0.09428749999994107,0.0923249999999423,0.09601249999994,0.0756874999999527,0.08165624999994897
tag.txt,0.023674999999985204,0.021462499999986586,0.021649999999986468,0.05003124999996873,0.04093124999997442,0.04897499999996939,0.046774999999970764,0.04323124999997298,0.049093749999969315,0.15401874999990373,0.16260624999989837,0.16238749999989852,0.18197499999988626,0.21156249999986776,0.20056874999987465,0.17832499999988854,0.18918124999988176,0.18244374999988597,0.10324374999993548,0.10109999999993681,0.10136249999993664,0.06964374999995647,0.061337499999961666,0.06503124999995935,0.09987499999993758,0.09069374999994331,0.08781249999994512,0.09243749999994223,0.07789374999995131,0.08067499999994958
tag.txt,0.02161874999998649,0.020262499999987336,0.02034999999998728,0.04589999999997131,0.03798124999997626,0.04702499999997061,0.04581249999997137,0.04305624999997309,0.04854374999996966,0.15721249999990175,0.16452499999989717,0.16268749999989832,0.20799374999987,0.23539374999985288,0.22325624999986046,0.18468124999988458,0.19276249999987952,0.18616249999988366,0.09693749999993942,0.09356249999994153,0.09339999999994163,0.0625562499999609,0.05668749999996457,0.06051874999996217,0.09376874999994139,0.08646874999994596,0.08377499999994764,0.0835187499999478,0.06929999999995669,0.07428124999995357
tag.txt,0.017993749999988755,0.01785624999998884,0.01751874999998905,0.032024999999979986,0.02973124999998142,0.03308124999997932,0.04700624999997062,0.04339374999997288,0.04998124999996876,0.1820562499998862,0.18269999999988581,0.18439374999988475,0.2934749999998166,0.31382499999980384,0.2970124999998144,0.20953124999986905,0.21416249999986614,0.20856874999986966,0.08154999999994902,0.0769499999999519,0.08136249999994914,0.040731249999974545,0.03649374999997719,0.038856249999975716,0.04105624999997434,0.03596874999997752,0.03736249999997665,0.05457499999996589,0.048918749999969424,0.05186249999996759
tag.txt,0.018781249999988262,0.018312499999988553,0.018187499999988633,0.03225624999997984,0.03068749999998082,0.034324999999978546,0.047637499999970224,0.04545624999997159,0.05121249999996799,0.18278124999988576,0.18216249999988615,0.1838249999998851,0.2937499999998164,0.31127499999980546,0.2926812499998171,0.20569999999987143,0.20914999999986927,0.2054249999998716,0.08163749999994897,0.07828749999995108,0.08068749999994956,0.04120624999997424,0.037031249999976854,0.04088124999997445,0.040393749999974755,0.03641874999997724,0.037912499999976305,0.05585624999996509,0.05121874999996799,0.05486249999996571
tag.txt,0.017699999999988936,0.017981249999988763,0.017062499999989336,0.030924999999980673,0.029481249999981574,0.03222499999997986,0.045781249999971386,0.043631249999972734,0.04972499999996892,0.18268749999988582,0.1804749999998872,0.18278749999988575,0.30489374999980945,0.32438749999979727,0.3090812499998068,0.209599999999869,0.2099124999998688,0.20884999999986947,0.07832499999995104,0.07606874999995246,0.07797499999995126,0.03869374999997582,0.03522499999997798,0.03716874999997677,0.03906874999997558,0.03503124999997811,0.03571874999997768,0.052324999999967294,0.04780624999997012,0.04940624999996912
tag.txt,0.018074999999988704,0.01828749999998857,0.017187499999989257,0.030712499999980804,0.03012499999998117,0.03268749999997957,0.04784999999997009,0.046099999999971185,0.05197499999996751,0.1857437499998839,0.18391249999988504,0.18611874999988368,0.30617499999980863,0.3193999999998004,0.30670624999980833,0.21024374999986858,0.21110624999986805,0.20761249999987025,0.0777624999999514,0.07626249999995234,0.07877499999995076,0.0374437499999766,0.03443124999997848,0.036887499999976946,0.03563124999997773,0.03294374999997941,0.033374999999979144,0.05036249999996852,0.04743124999997036,0.048674999999969576
tag.txt,0.020331249999987294,0.01900624999998812,0.018843749999988224,0.03682499999997699,0.03386249999997883,0.03898124999997564,0.04701249999997062,0.043443749999972844,0.049256249999969214,0.169606249999894,0.17059374999989338,0.17015624999989365,0.2788749999998257,0.30488749999980946,0.291187499999818,0.1942499999998786,0.2014187499998741,0.19612499999987743,0.08628749999994607,0.08310624999994806,0.08445624999994722,0.04813124999996992,0.0423937499999735,0.046037499999971226,0.0555187499999653,0.04736874999997039,0.04766874999997021,0.06316249999996053,0.0539187499999663,0.05728749999996419
tag.txt,0.020868749999986957,0.02073124999998704,0.020362499999987273,0.03926249999997546,0.03673749999997704,0.04238124999997351,0.04732499999997042,0.04470624999997206,0.049449999999969095,0.1638687499998976,0.16372499999989767,0.16257499999989838,0.2942312499998161,0.31174374999980514,0.3004999999998122,0.19706249999987682,0.2019312499998738,0.19397499999987877,0.08299999999994813,0.08131874999994917,0.08119374999994926,0.04898124999996939,0.04326249999997296,0.04945624999996909,0.044668749999972085,0.03990624999997506,0.041593749999974006,0.060731249999962045,0.055937499999965036,0.05851249999996343
tag.txt,0.020062499999987462,0.01886249999998821,0.018743749999988284,0.038087499999976196,0.033212499999979245,0.03899374999997563,0.04674374999997079,0.04473124999997204,0.04954999999996903,0.16756874999989527,0.1699124999998938,0.16931874999989419,0.2812749999998242,0.3034499999998103,0.29245624999981723,0.19381249999987887,0.20041874999987475,0.1943874999998785,0.08485624999994697,0.08398124999994751,0.08388124999994757,0.048324999999969795,0.043118749999973054,0.04709374999997057,0.05617499999996489,0.04829999999996981,0.048068749999969955,0.06309374999996056,0.05401249999996624,0.05750624999996406
tag.txt,0.0215999999999865,0.02154999999998653,0.02060624999998712,0.039687499999975194,0.03779999999997637,0.0435124999999728,0.047393749999970376,0.04563124999997148,0.051062499999968085,0.16391249999989754,0.16313124999989803,0.16229999999989855,0.2988187499998132,0.31444999999980344,0.3035187499998103,0.1964812499998772,0.20084374999987448,0.1940499999998787,0.08138124999994914,0.07867499999995083,0.07921249999995049,0.04762499999997023,0.04314374999997304,0.0486374999999696,0.043799999999972625,0.03981249999997512,0.04040624999997475,0.05929999999996294,0.05496249999996565,0.056693749999964564
tag.txt,0.024793749999984505,0.02422499999998486,0.02353749999998529,0.03933749999997541,0.035249999999977966,0.03758124999997651,0.052524999999967174,0.04736874999997039,0.05411249999996618,0.17413749999989117,0.17323124999989173,0.17833124999988853,0.25772499999983894,0.28693124999982067,0.2689749999998319,0.1799874999998875,0.18956249999988153,0.18744999999988285,0.08711249999994555,0.08405624999994746,0.08666874999994584,0.05292499999996692,0.04631874999997105,0.047649999999970216,0.06092499999996192,0.05154374999996778,0.05134999999996791,0.07053124999995591,0.061512499999961556,0.06434374999995979
tag.txt,0.023462499999985335,0.022399999999986,0.021962499999986274,0.039512499999975303,0.03481249999997824,0.04113749999997429,0.05051874999996842,0.04743749999997035,0.053268749999966704,0.17526874999989045,0.17770624999988893,0.17910624999988806,0.2553562499998404,0.278412499999826,0.2609874999998369,0.17338124999989163,0.18408749999988494,0.17941874999988786,0.08721249999994549,0.08684999999994572,0.0881624999999449,0.055018749999965616,0.04813124999996992,0.051574999999967765,0.06868124999995708,0.05959374999996275,0.05844374999996347,0.07158749999995526,0.060568749999962146,0.06593749999995879
tag.txt,0.024837499999984476,0.024324999999984796,0.02328124999998545,0.039018749999975615,0.0363187499999773,0.038837499999975725,0.054143749999966156,0.049781249999968885,0.05445624999996596,0.1756874999998902,0.17352499999989154,0.17876874999988826,0.26275624999983577,0.2881499999998199,0.27301874999982934,0.18053124999988718,0.18579374999988388,0.187181249999883,0.08597499999994626,0.0833562499999479,0.08499999999994687,0.05156249999996777,0.047387499999970384,0.048149999999969904,0.05743124999996411,0.050649999999968345,0.04889374999996944,0.06805624999995746,0.060712499999962054,0.06241249999996099
tag.txt,0.0243187499999848,0.023974999999985015,0.023237499999985478,0.04068124999997457,0.036181249999977384,0.039862499999975085,0.05333124999996667,0.0499124999999688,0.055512499999965305,0.17656249999988965,0.17941249999988787,0.18199999999988625,0.2582812499998386,0.276799999999827,0.2625312499998359,0.17323749999989171,0.17893124999988816,0.17768749999988895,0.0854437499999466,0.08553124999994655,0.08681249999994574,0.054468749999965954,0.05017499999996864,0.05229374999996732,0.06343124999996036,0.05658749999996463,0.054999999999965625,0.0702437499999561,0.06249374999996094,0.06506249999995933
tag.txt,0.02243124999998598,0.021299999999986687,0.020468749999987206,0.0385624999999759,0.033799999999978875,0.03784374999997635,0.05058749999996838,0.04484999999997197,0.05172499999996767,0.1753749999998904,0.17927499999988794,0.18083124999988698,0.2551187499998406,0.28006874999982495,0.2662937499998336,0.17772499999988892,0.1886499999998821,0.18678124999988327,0.0903999999999435,0.08893124999994442,0.08896249999994439,0.053643749999966475,0.047299999999970435,0.04958124999996901,0.06554374999995903,0.056193749999964876,0.05477499999996577,0.07061249999995586,0.05963124999996273,0.06273749999996078
tag.txt,0.019331249999987917,0.01961249999998774,0.018693749999988317,0.033968749999978766,0.030749999999980782,0.03571874999997768,0.04727499999997045,0.043812499999972616,0.04945624999996909,0.17784999999988885,0.1782249999998886,0.17585624999989008,0.3009562499998119,0.3179062499998013,0.30892499999980694,0.1846562499998846,0.19019999999988113,0.18768749999988268,0.07909999999995056,0.0779124999999513,0.07666249999995209,0.04648124999997095,0.042262499999973585,0.04569999999997144,0.05309999999996681,0.04769999999997019,0.046362499999971024,0.0572812499999642,0.05161874999996774,0.05493749999996567
tag.txt,0.023043749999985597,0.022243749999986098,0.02149999999998656,0.038406249999975994,0.03366249999997896,0.039443749999975346,0.050312499999968556,0.045937499999971286,0.05206249999996746,0.17442499999989097,0.17701874999988937,0.17690624999988944,0.25739999999983915,0.2796999999998252,0.26768124999983267,0.1811124999998868,0.18964999999988147,0.18683749999988322,0.09033124999994355,0.08794374999994503,0.08804374999994498,0.05196249999996752,0.04639374999997101,0.049356249999969154,0.06380624999996012,0.05684374999996447,0.05506249999996558,0.06919999999995675,0.06060624999996212,0.06310624999996056
tag.txt,0.02001249999998749,0.019668749999987706,0.018999999999988124,0.03582499999997761,0.03204999999997997,0.03665624999997709,0.04681874999997074,0.04356874999997277,0.047556249999970275,0.17283124999989197,0.17576249999989016,0.17579999999989013,0.30023749999981236,0.3164624999998022,0.3097562499998064,0.17865624999988833,0.18535624999988415,0.18226249999988609,0.07841874999995099,0.07739999999995162,0.076787499999952,0.047574999999970266,0.044468749999972204,0.04659374999997088,0.059512499999962803,0.052756249999967024,0.05111249999996805,0.06011249999996243,0.05250624999996718,0.05447499999996595
tag.txt,0.026437499999983478,0.023474999999985327,0.02471874999998455,0.056449999999964716,0.04660624999997087,0.05642499999996473,0.044037499999972474,0.042006249999973745,0.047131249999970544,0.14093749999991192,0.15238124999990477,0.14793749999990755,0.1465562499999084,0.17798749999988875,0.1630562499998981,0.16547499999989657,0.1785499999998884,0.16818749999989488,0.1054437499999341,0.10353749999993529,0.10402499999993499,0.07772499999995142,0.06916249999995677,0.07417499999995364,0.1289249999999194,0.11692499999992692,0.11658124999992714,0.1080124999999325,0.08936874999994414,0.0977624999999389
tag.txt,0.026131249999983668,0.023737499999985163,0.02454374999998466,0.05409999999996619,0.04453749999997216,0.054493749999965944,0.04642499999997098,0.04375624999997265,0.048743749999969534,0.14166874999991147,0.15319374999990426,0.14803749999990748,0.1703874999998935,0.19991874999987505,0.1884499999998822,0.16938124999989412,0.18236874999988603,0.17106874999989308,0.09898749999993814,0.09881874999993824,0.09733749999993917,0.07176249999995515,0.06443124999995974,0.06841874999995724,0.11995624999992503,0.10633749999993354,0.10772499999993267,0.10119999999993674,0.08289999999994818,0.09118124999994301
tag.txt,0.026137499999983663,0.024424999999984733,0.024968749999984396,0.05314374999996679,0.04373124999997267,0.05384999999996634,0.04833749999996979,0.04524374999997172,0.05111874999996805,0.14635624999990854,0.1564687499999022,0.152024999999905,0.16973124999989392,0.19412499999987867,0.18256249999988589,0.17194999999989252,0.18053124999988718,0.17251874999989217,0.10534999999993415,0.10426249999993484,0.1025687499999359,0.07164374999995522,0.0651312499999593,0.06914374999995679,0.10931874999993167,0.10141874999993661,0.1015874999999365,0.09803124999993873,0.08466249999994709,0.08965624999994397
tag.txt,0.025431249999984105,0.024393749999984754,0.023787499999985133,0.05049999999996844,0.04383124999997261,0.05339999999996663,0.04561874999997149,0.044037499999972474,0.04904999999996934,0.1462312499999086,0.15351249999990405,0.15046874999990595,0.18841249999988224,0.2068874999998707,0.19765624999987647,0.17300624999989186,0.17861874999988836,0.17175624999989264,0.09953124999993779,0.09835624999993853,0.09559999999994025,0.0691062499999568,0.06301249999996061,0.06812499999995743,0.1078374999999326,0.10483124999993448,0.10079374999993701,0.09432499999994105,0.08251874999994843,0.08936249999994415
tag.txt,0.02794999999998253,0.0251187499999843,0.026137499999983663,0.05869999999996331,0.04813749999996991,0.05996874999996252,0.04481249999997199,0.04264374999997335,0.048162499999969896,0.1329687499999169,0.1468937499999082,0.13846874999991346,0.1464124999999085,0.17542499999989036,0.16236874999989853,0.16536874999989665,0.1766437499998896,0.16568124999989645,0.10263124999993585,0.10374374999993516,0.1011187499999368,0.07908749999995057,0.0695999999999565,0.07501249999995312,0.13146874999991784,0.12062499999992461,0.12226874999992358,0.11059999999993088,0.09116874999994302,0.100812499999937
tag.txt,0.02750624999998281,0.024899999999984438,0.025556249999984026,0.055868749999965085,0.04569999999997144,0.0561562499999649,0.04521874999997174,0.043549999999972784,0.04837499999996977,0.13605624999991497,0.14439374999990975,0.14041249999991223,0.17381874999989136,0.20435624999987229,0.1915312499998803,0.16964999999989397,0.1798374999998876,0.17061249999989336,0.09834999999993853,0.09929374999993794,0.09479374999994075,0.07325624999995421,0.0641562499999599,0.06914999999995679,0.12009374999992493,0.10805624999993246,0.10954374999993154,0.10018124999993738,0.0857562499999464,0.09386874999994133
tag.txt,0.026631249999983356,0.026068749999983706,0.025912499999983806,0.054924999999965675,0.04595624999997128,0.05511874999996555,0.04615624999997115,0.04487499999997195,0.04964374999996897,0.13947499999991284,0.148774999999907,0.14583124999990885,0.16900624999989436,0.18708124999988307,0.179193749999888,0.17048749999989343,0.17847499999988845,0.17060624999989338,0.10395624999993502,0.10218124999993614,0.10106874999993683,0.07308124999995433,0.06730624999995793,0.07181874999995512,0.11436874999992852,0.1095999999999315,0.10594999999993378,0.1019124999999363,0.08968124999994395,0.09485624999994072
tag.txt,0.02538749999998413,0.024537499999984665,0.02507499999998433,0.051318749999967925,0.0459124999999713,0.053118749999966804,0.04634999999997103,0.044056249999972465,0.047656249999970215,0.14073749999991203,0.14588749999990883,0.14021249999991237,0.19218749999987988,0.21261249999986712,0.20531249999987167,0.17621874999988987,0.1777687499998889,0.17382499999989137,0.09675624999993952,0.0966374999999396,0.0935999999999415,0.06809374999995745,0.062068749999961204,0.06695624999995815,0.11033124999993105,0.10761874999993273,0.10521874999993423,0.09261874999994212,0.08289999999994818,0.08902499999994436
tag.txt,0.02222499999998611,0.020631249999987104,0.019787499999987634,0.038262499999976086,0.0350374999999781,0.034649999999978344,0.05109999999996806,0.04549999999997156,0.04931249999996918,0.1713499999998929,0.16839374999989476,0.17349374999989156,0.27338749999982914,0.30948749999980657,0.3020499999998112,0.18683749999988322,0.19164999999988022,0.19253749999987965,0.0844812499999472,0.07843749999995098,0.0798499999999501,0.04813749999996991,0.04309374999997306,0.04251249999997343,0.05843124999996348,0.050631249999968354,0.048593749999969627,0.06578749999995888,0.057137499999964286,0.05721249999996424
tag.txt,0.02443124999998473,0.0235187499999853,0.022156249999986152,0.043106249999973055,0.037899999999976314,0.03957499999997527,0.052262499999967335,0.04759999999997025,0.05270624999996706,0.16813124999989493,0.16901249999989437,0.16910624999989432,0.25345624999984157,0.2827187499998233,0.2775374999998265,0.18044999999988723,0.18697499999988315,0.18919374999988176,0.0889499999999444,0.08681874999994574,0.08633124999994604,0.05208124999996745,0.04643124999997098,0.046874999999970704,0.06390624999996006,0.055506249999965306,0.05373124999996642,0.07322499999995423,0.0635187499999603,0.06278749999996076
tag.txt,0.025449999999984093,0.025149999999984282,0.023474999999985327,0.04024999999997484,0.03844374999997597,0.03838749999997601,0.05417499999996614,0.04919999999996925,0.05289374999996694,0.16972499999989393,0.16595624999989628,0.17206249999989245,0.2708749999998307,0.29784374999981383,0.2923624999998173,0.18410624999988492,0.18690624999988317,0.1883437499998823,0.08427499999994732,0.08062499999994961,0.0814312499999491,0.04793124999997004,0.04377499999997264,0.043287499999972945,0.05532499999996542,0.05043124999996848,0.04748749999997032,0.06788749999995757,0.061668749999961456,0.06026874999996233
tag.txt,0.026581249999983386,0.026731249999983293,0.02503749999998435,0.043381249999972886,0.03958124999997526,0.041406249999974123,0.05545624999996534,0.051493749999967815,0.05574374999996516,0.16506249999989683,0.16602499999989623,0.1684874999998947,0.2582249999998386,0.27723124999982673,0.2707124999998308,0.18141249999988662,0.18805624999988246,0.18860624999988213,0.08794374999994503,0.0867187499999458,0.08684999999994572,0.05154999999996778,0.04616874999997114,0.046537499999970915,0.05907499999996308,0.05314374999996679,0.051068749999968084,0.07131249999995543,0.06484999999995947,0.06554999999995903
tag.txt,0.025737499999983916,0.024681249999984573,0.023299999999985437,0.0412812499999742,0.03770624999997643,0.04011249999997493,0.05178124999996764,0.04819999999996988,0.05171874999996767,0.1585249999999009,0.1604749999998997,0.16059999999989963,0.2666624999998333,0.28801249999982,0.2893812499998191,0.18344999999988534,0.19114999999988053,0.18809999999988244,0.08578124999994638,0.0839874999999475,0.08229999999994857,0.052956249999966905,0.04711249999997055,0.04822499999996986,0.062181249999961136,0.05402499999996623,0.05245624999996722,0.07164374999995522,0.06464999999995959,0.06380624999996012
tag.txt,0.025418749999984114,0.02492499999998442,0.023312499999985428,0.041606249999974,0.038999999999975624,0.04196249999997377,0.05113124999996804,0.04786249999997009,0.05050624999996843,0.15053124999990591,0.15052499999990593,0.14931874999990669,0.29799374999981376,0.3190249999998006,0.3195187499998003,0.1841624999998849,0.18791249999988255,0.18686249999988322,0.07669999999995206,0.07494374999995317,0.07234374999995478,0.05086249999996821,0.046437499999970974,0.04794374999997004,0.05505624999996559,0.048918749999969424,0.04784999999997009,0.06653749999995841,0.06044999999996222,0.060381249999962264
tag.txt,0.02646249999998346,0.026487499999983444,0.02427499999998483,0.0414374999999741,0.03846249999997596,0.04060624999997462,0.05443749999996598,0.050987499999968135,0.053381249999966636,0.15694999999990192,0.15846249999990095,0.15946249999990034,0.27709374999982683,0.2941249999998162,0.2939187499998163,0.18180624999988637,0.18774999999988265,0.18805624999988246,0.08290624999994818,0.08151874999994906,0.0793624999999504,0.05187499999996758,0.0473562499999704,0.04834999999996978,0.05676874999996452,0.05137499999996789,0.04929999999996919,0.07026249999995608,0.06347499999996033,0.06328749999996044
tag.txt,0.025731249999983916,0.02513749999998429,0.023699999999985188,0.04194374999997379,0.03932499999997542,0.04263749999997335,0.052281249999967326,0.04836249999996977,0.0497624999999689,0.15128124999990544,0.15126874999990544,0.15124999999990546,0.30154374999981154,0.3194937499998003,0.3204937499997997,0.17979374999988762,0.18489374999988445,0.18265624999988583,0.07533749999995291,0.07495624999995315,0.0716749999999552,0.05116874999996802,0.04649999999997094,0.04903749999996935,0.05467499999996583,0.0494374999999691,0.04889374999996944,0.06624374999995859,0.06062499999996211,0.05989374999996257
tag.txt,0.02401874999998499,0.022681249999985824,0.021306249999986683,0.03860624999997587,0.035256249999977965,0.03682499999997699,0.05292499999996692,0.04839374999996975,0.05278749999996701,0.17560624999989025,0.17367499999989144,0.1788812499998882,0.27203124999982997,0.3051812499998093,0.29234374999981727,0.18668124999988334,0.1921749999998799,0.19380624999987886,0.08481249999994699,0.07798124999995126,0.08050624999994968,0.048418749999969736,0.04298124999997314,0.043193749999973004,0.05066249999996834,0.04343124999997285,0.04199999999997375,0.06623749999995861,0.058243749999963595,0.05834999999996353
tag.txt,0.022999999999985626,0.02213124999998617,0.02142499999998661,0.03689374999997694,0.034399999999978496,0.03649999999997719,0.052243749999967344,0.04754374999997028,0.05272499999996705,0.1766749999998896,0.1765124999998897,0.1796937499998877,0.2782249999998261,0.3041812499998099,0.2900562499998187,0.1905749999998809,0.19557499999987776,0.19306249999987934,0.08474374999994704,0.08037499999994976,0.08155624999994902,0.046181249999971134,0.04116874999997427,0.04323124999997298,0.048518749999969676,0.04177499999997389,0.04268749999997332,0.06294374999996066,0.05633749999996479,0.05906249999996309
tag.txt,0.02387499999998508,0.023337499999985415,0.021787499999986384,0.03701249999997687,0.035093749999978066,0.03564999999997772,0.05298749999996688,0.04887499999996945,0.05270624999996706,0.17866249999988834,0.17653124999988967,0.18172499999988642,0.2820499999998237,0.3093124999998067,0.29948749999981283,0.18803749999988248,0.18888749999988194,0.19157499999988026,0.08101249999994936,0.07734999999995165,0.07931249999995042,0.04571249999997143,0.04180624999997387,0.0427249999999733,0.04745624999997034,0.04161249999997399,0.03949374999997532,0.0631937499999605,0.05719374999996425,0.05553749999996529
tag.txt,0.024337499999984788,0.022556249999985904,0.02145624999998659,0.03800624999997625,0.035081249999978074,0.037899999999976314,0.05403124999996623,0.05026249999996858,0.05438124999996601,0.17848124999988846,0.17859999999988838,0.18166874999988647,0.27399374999982873,0.29863124999981333,0.28661874999982084,0.18584999999988383,0.19170624999988017,0.19127499999988046,0.08493749999994692,0.08138124999994914,0.08236874999994852,0.048262499999969836,0.04297499999997314,0.044762499999972026,0.048424999999969735,0.041924999999973796,0.04214999999997365,0.06367499999996021,0.056881249999964446,0.05741874999996411
tag.txt,0.024762499999984523,0.023556249999985276,0.022243749999986098,0.03973124999997517,0.035431249999977855,0.03957499999997527,0.053543749999966535,0.04921249999996924,0.05339374999996663,0.17098124999989314,0.17301249999989188,0.17339374999989163,0.2659687499998338,0.2931437499998168,0.28372499999982265,0.18449999999988467,0.19243749999987972,0.19196249999988002,0.08593749999994629,0.081599999999949,0.08283124999994823,0.051418749999967865,0.04529999999997169,0.04732499999997042,0.053212499999966745,0.04523124999997173,0.04453749999997216,0.06994374999995628,0.061074999999961826,0.06101249999996187
tag.txt,0.02451249999998468,0.023606249999985247,0.022499999999985937,0.040731249999974545,0.037649999999976466,0.04052499999997467,0.05118124999996801,0.04728749999997044,0.05059374999996838,0.16333124999989793,0.1641812499998974,0.16219999999989862,0.29186249999981756,0.31687499999980195,0.3122874999998048,0.18188124999988634,0.18712499999988305,0.18519999999988426,0.08093124999994941,0.07559999999995275,0.07635624999995227,0.05022499999996861,0.04523124999997173,0.04803749999996998,0.04947499999996908,0.04328124999997295,0.04297499999997314,0.06586874999995883,0.05916249999996302,0.05932499999996292
tag.txt,0.02558749999998401,0.024937499999984413,0.023143749999985534,0.04036874999997477,0.03798124999997626,0.03876874999997577,0.054249999999966096,0.05028124999996857,0.054249999999966096,0.17083124999989324,0.1714812499998928,0.17300624999989186,0.2685124999998322,0.28861249999981964,0.28647499999982096,0.18361874999988523,0.19208749999987995,0.18986249999988133,0.08606249999994621,0.08326249999994796,0.08308124999994808,0.051081249999968076,0.04574374999997141,0.04666874999997083,0.05203124999996748,0.04468124999997208,0.044149999999972406,0.06765624999995772,0.06093124999996192,0.06059374999996213
tag.txt,0.02471874999998455,0.024356249999984775,0.023062499999985584,0.039881249999975076,0.037987499999976256,0.03966874999997521,0.0526374999999671,0.04929374999996919,0.05253124999996717,0.1652812499998967,0.16373749999989767,0.16329374999989793,0.30148749999981156,0.32151249999979903,0.3202687499997998,0.1810812499998868,0.18408124999988495,0.18232499999988605,0.0766312499999521,0.07533749999995291,0.07361874999995399,0.04876874999996952,0.044249999999972346,0.046293749999971066,0.046618749999970864,0.041418749999974115,0.04103749999997435,0.0628937499999607,0.05802499999996374,0.057899999999963814
tag.txt,0.021143749999986784,0.017931249999988793,0.017843749999988848,0.04066874999997458,0.03229999999997981,0.03640624999997725,0.04658124999997089,0.040981249999974385,0.047137499999970536,0.16711874999989554,0.16918749999989427,0.17801249999988875,0.23238749999985475,0.2804562499998247,0.26621874999983364,0.1836499999998852,0.19781874999987636,0.19479374999987825,0.09481874999994074,0.09000624999994375,0.09068749999994331,0.05779999999996387,0.04836249999996977,0.04860624999996962,0.08023749999994985,0.06533749999995916,0.06156249999996152,0.07559374999995275,0.05761874999996399,0.05873124999996329
tag.txt,0.018693749999988317,0.016374999999989766,0.01593749999999004,0.03626874999997733,0.02963124999998148,0.034131249999978665,0.045099999999971815,0.03949374999997532,0.04630624999997106,0.17754374999988903,0.18131874999988667,0.18781249999988262,0.2638749999998351,0.3017374999998114,0.2849562499998219,0.17390624999989132,0.1838312499998851,0.18439374999988475,0.08664999999994584,0.08513749999994678,0.08574374999994641,0.05332499999996667,0.04585624999997134,0.04689999999997069,0.07543749999995285,0.06274999999996078,0.05890624999996318,0.06919999999995675,0.05386874999996633,0.054912499999965676
tag.txt,0.02036874999998727,0.017831249999988856,0.017037499999989353,0.03949999999997531,0.03246249999997971,0.03684374999997697,0.045943749999971285,0.04126249999997421,0.047831249999970106,0.16969374999989395,0.17044999999989346,0.1787062499998883,0.23926874999985046,0.2796812499998252,0.2648812499998344,0.18674374999988327,0.1948812499998782,0.19449374999987845,0.09333749999994166,0.0867124999999458,0.09011874999994368,0.055937499999965036,0.04939999999996912,0.04852499999996967,0.07765624999995147,0.06929999999995669,0.06406874999995996,0.07154999999995527,0.05801874999996374,0.05749374999996407
tag.txt,0.017793749999988877,0.016524999999989673,0.015768749999990145,0.034843749999978225,0.029831249999981355,0.03398749999997876,0.045437499999971605,0.03991249999997505,0.046362499999971024,0.17974374999988765,0.18123124999988674,0.18759999999988275,0.26966249999983144,0.2970687499998143,0.28317499999982304,0.180824999999887,0.18679374999988324,0.18835624999988226,0.08662499999994586,0.08449374999994719,0.08410624999994744,0.05186249999996759,0.04552499999997155,0.04628749999997107,0.07014999999995615,0.0642999999999598,0.06023749999996235,0.0630562499999606,0.054318749999966054,0.05411874999996617
tag.txt,0.01963124999998773,0.01734374999998916,0.016162499999989897,0.038931249999975666,0.031112499999980555,0.03633124999997729,0.046449999999970966,0.040637499999974604,0.046968749999970645,0.1718062499998926,0.1745499999998909,0.1842999999998848,0.2436624999998477,0.28379374999982265,0.2663999999998335,0.1790687499998881,0.1905874999998809,0.18981874999988135,0.09145624999994284,0.08611874999994618,0.08786874999994508,0.05620624999996487,0.04758124999997026,0.04860624999996962,0.08188749999994882,0.07113124999995554,0.06621249999995861,0.07089999999995569,0.057143749999964286,0.05733124999996417
tag.txt,0.020562499999987147,0.018074999999988704,0.01788749999998882,0.041081249999974326,0.03255624999997965,0.03931249999997543,0.04711874999997055,0.042106249999973686,0.04864999999996959,0.1722937499998923,0.17971874999988768,0.1827124999998858,0.23543124999985285,0.27097499999983066,0.2585624999998384,0.17331874999989166,0.18619374999988364,0.1837999999998851,0.09270624999994206,0.09060624999994336,0.09049999999994343,0.05959999999996275,0.050456249999968464,0.05308749999996682,0.08293124999994816,0.07029999999995606,0.06563749999995898,0.07495624999995315,0.059012499999963115,0.05984999999996259
tag.txt,0.019543749999987786,0.017199999999989248,0.016568749999989644,0.03708124999997683,0.031337499999980416,0.035843749999977595,0.0459124999999713,0.03976874999997514,0.04698124999997064,0.1748749999998907,0.17666874999988957,0.18362499999988524,0.2524874999998422,0.2871374999998205,0.27223124999982984,0.18004374999988748,0.18903124999988186,0.1894437499998816,0.089599999999944,0.08412499999994742,0.08694374999994565,0.053893749999966316,0.047393749999970376,0.04811249999996993,0.0780749999999512,0.0707312499999558,0.06436874999995977,0.0684874999999572,0.05660624999996462,0.05588124999996508
tag.txt,0.020518749999987176,0.01908749999998807,0.018212499999988616,0.039612499999975244,0.03353124999997904,0.039781249999975135,0.04906249999996934,0.04313749999997304,0.04976874999996889,0.17260624999989213,0.17675624999988954,0.1811124999998868,0.24076249999984953,0.27224999999982985,0.25810624999983867,0.17718124999988927,0.18683124999988324,0.1865749999998834,0.09477499999994077,0.08929374999994419,0.09038124999994351,0.0574437499999641,0.05009999999996869,0.05214374999996741,0.07623749999995236,0.06835624999995728,0.0632062499999605,0.07179999999995512,0.06065624999996209,0.060712499999962054
tag.txt,0.018056249999988713,0.015318749999990425,0.015449999999990343,0.03766874999997646,0.030293749999981065,0.036281249999977325,0.043224999999972986,0.038487499999975944,0.043718749999972675,0.1713687499998929,0.17782499999988885,0.17811874999988866,0.24929999999984417,0.2861437499998212,0.27799374999982623,0.18073124999988704,0.19187499999988009,0.18958124999988152,0.08739999999994537,0.08564999999994646,0.08275624999994828,0.057643749999963974,0.049031249999969356,0.0510312499999681,0.08257499999994838,0.06961874999995649,0.06712499999995805,0.07203124999995499,0.05575624999996515,0.05794374999996379
tag.txt,0.01734374999998916,0.015624999999990234,0.014843749999990722,0.03801249999997624,0.03114999999998053,0.03758124999997651,0.041081249999974326,0.03686249999997696,0.041587499999974006,0.16423749999989734,0.16701249999989562,0.16633749999989603,0.2660937499998337,0.2993937499998129,0.295962499999815,0.19173124999988017,0.19958124999987525,0.19731874999987667,0.08346874999994783,0.0804874999999497,0.07847499999995096,0.05350624999996656,0.04743124999997036,0.04888124999996945,0.07790624999995131,0.06949374999995657,0.06448749999995969,0.06661874999995836,0.0529624999999669,0.05452499999996592
tag.txt,0.01803124999998873,0.016856249999989466,0.016049999999989968,0.04010624999997493,0.03233749999997979,0.037993749999976255,0.04309999999997306,0.03908124999997557,0.04313749999997304,0.17026874999989358,0.17564374999989021,0.17789374999988883,0.24343124999984786,0.2747062499998283,0.2689624999998319,0.17714999999988928,0.18421874999988486,0.18413124999988492,0.0899312499999438,0.08771249999994518,0.08675624999994577,0.05921249999996299,0.05271249999996706,0.05306874999996683,0.08485624999994697,0.07643124999995222,0.07078749999995576,0.0739124999999538,0.060299999999962314,0.06121874999996174
tag.txt,0.01708749999998932,0.015618749999990238,0.015162499999990524,0.03386874999997883,0.02913749999998179,0.03514374999997803,0.04068124999997457,0.036949999999976904,0.04068749999997457,0.1686562499998946,0.16871874999989456,0.16775624999989516,0.28301249999982314,0.31479999999980324,0.3111499999998055,0.19404374999987872,0.19944999999987534,0.19971249999987517,0.08113749999994929,0.07749999999995157,0.07376874999995389,0.05027499999996858,0.044481249999972196,0.04605624999997122,0.07067499999995583,0.06377499999996014,0.06036249999996227,0.06056249999996215,0.04956874999996902,0.050199999999968624
tag.txt,0.029556249999981528,0.027349999999982905,0.02609999999998369,0.05099374999996813,0.04244999999997347,0.04709999999997056,0.05409999999996619,0.04898124999996939,0.05477499999996577,0.1556874999999027,0.16391874999989756,0.16664999999989585,0.19001249999988123,0.22281249999986075,0.21524374999986548,0.16034374999989978,0.17431249999989104,0.17389374999989132,0.09813124999993866,0.09801874999993873,0.0993624999999379,0.06872499999995704,0.05848124999996345,0.05879374999996325,0.09666874999993959,0.08483124999994698,0.07832499999995104,0.09578124999994013,0.07884374999995072,0.07975624999995015
tag.txt,0.02773124999998267,0.0260812499999837,0.024724999999984548,0.04546249999997159,0.03916249999997552,0.04221874999997361,0.053012499999966864,0.04945624999996909,0.05557499999996526,0.1651187499998968,0.1700874999998937,0.1713999999998929,0.22419999999985987,0.2468874999998457,0.24454374999984715,0.16731874999989543,0.17959374999988775,0.17939374999988789,0.09143124999994286,0.09132499999994292,0.09003124999994373,0.06074999999996203,0.05401874999996624,0.05479999999996575,0.0811249999999493,0.07205624999995497,0.06668124999995832,0.08384999999994759,0.07133124999995542,0.07063124999995586
tag.txt,0.02969374999998144,0.028412499999982244,0.02622499999998361,0.04733749999997042,0.040812499999974494,0.04442499999997224,0.05674374999996454,0.05091874999996818,0.05642499999996473,0.1611187499998993,0.16773124999989517,0.17062499999989336,0.204812499999872,0.2311999999998555,0.22917499999985677,0.16501249999989687,0.17545624999989035,0.1780687499998887,0.09701874999993937,0.09566249999994021,0.09539374999994038,0.06443124999995974,0.05843124999996348,0.05681874999996449,0.08453749999994717,0.07451874999995342,0.06871249999995706,0.08929374999994419,0.07685624999995197,0.07413124999995367
tag.txt,0.027281249999982948,0.02644999999998347,0.024937499999984413,0.044924999999971925,0.04006874999997496,0.043374999999972894,0.054806249999965743,0.05093124999996817,0.055337499999965414,0.16403749999989747,0.16938749999989414,0.1713312499998929,0.22694999999985815,0.24538749999984663,0.24406249999984747,0.16822499999989485,0.17719374999988927,0.17830624999988856,0.09175624999994265,0.09137499999994289,0.09003749999994373,0.05955624999996278,0.054399999999965996,0.054412499999965995,0.08093124999994941,0.07362499999995398,0.06770624999995768,0.08153124999994904,0.07118124999995551,0.07049374999995595
tag.txt,0.023706249999985184,0.02084999999998697,0.019674999999987702,0.04300624999997312,0.03501249999997812,0.039606249999975245,0.04921249999996924,0.04501249999997187,0.05032499999996855,0.1658812499998963,0.17378749999989138,0.17511249999989056,0.23281249999985448,0.2700437499998312,0.26825624999983233,0.17396249999989127,0.18699999999988312,0.18598124999988377,0.09141249999994287,0.08966874999994395,0.08678124999994576,0.06093749999996191,0.05148749999996782,0.05212499999996742,0.08186249999994884,0.06697499999995814,0.06100624999996187,0.07720624999995175,0.0601624999999624,0.06113124999996179
tag.txt,0.023462499999985335,0.021006249999986872,0.02004999999998747,0.04109374999997432,0.034318749999978554,0.0388874999999757,0.04998124999996876,0.04587499999997133,0.04802499999996999,0.16373749999989767,0.16947499999989407,0.1687874999998945,0.2518249999998426,0.28791874999982003,0.28967499999981894,0.17913749999988804,0.1907124999998808,0.19224374999987984,0.08601874999994624,0.0841499999999474,0.08011874999994993,0.05614999999996491,0.048231249999969854,0.04904999999996934,0.07409999999995369,0.06000624999996249,0.054918749999965676,0.07449374999995344,0.05830624999996356,0.058243749999963595
tag.txt,0.02363124999998523,0.021987499999986258,0.020531249999987167,0.04211249999997368,0.03614999999997741,0.04091874999997443,0.051668749999967706,0.04726874999997046,0.051837499999967604,0.16805624999989496,0.17387499999989134,0.1747374999998908,0.24691249999984569,0.27383749999982887,0.2737624999998289,0.17148749999989282,0.18467499999988457,0.18536874999988415,0.09093124999994316,0.08865624999994459,0.08558749999994651,0.05768124999996395,0.05016249999996865,0.05105624999996809,0.07238124999995477,0.06154999999996153,0.05531249999996543,0.07513749999995303,0.061837499999961354,0.060887499999961944
tag.txt,0.022762499999985773,0.021562499999986523,0.02046249999998721,0.038587499999975884,0.03447499999997845,0.037993749999976255,0.05078749999996826,0.046406249999971,0.04947499999996908,0.16619999999989613,0.16745624999989533,0.16824999999989484,0.27044374999983095,0.29781874999981384,0.299199999999813,0.1834874999998853,0.1926562499998796,0.19269999999987955,0.08573124999994641,0.08374374999994766,0.0779124999999513,0.05253124999996717,0.04573124999997142,0.047224999999970485,0.06411874999995992,0.05469999999996581,0.05057499999996839,0.06534999999995915,0.055449999999965346,0.05620624999996487
tag.txt,0.02174374999998641,0.017081249999989324,0.016487499999989694,0.044493749999972194,0.03345624999997909,0.037131249999976794,0.048412499999969744,0.040906249999974435,0.04668124999997082,0.16776874999989513,0.17979999999988763,0.1877062499998827,0.2119999999998675,0.26120624999983677,0.24996249999984377,0.16903124999989436,0.18756249999988278,0.18894374999988192,0.09870624999993831,0.09304374999994185,0.09274374999994203,0.06451874999995967,0.052106249999967436,0.05130624999996793,0.09139999999994287,0.07374999999995391,0.06646249999995846,0.0819249999999488,0.06108749999996182,0.06257499999996088
tag.txt,0.018762499999988275,0.01658749999998963,0.016012499999989993,0.036187499999977384,0.029412499999981617,0.032087499999979945,0.04914999999996928,0.042099999999973686,0.04693124999997067,0.18541249999988413,0.18900624999988186,0.1940874999998787,0.2644499999998347,0.29846874999981343,0.28998749999981877,0.1734124999998916,0.18660624999988337,0.19095624999988065,0.08654374999994591,0.08354999999994778,0.0839937499999475,0.05289999999996694,0.044324999999972296,0.043543749999972785,0.06757499999995777,0.057206249999964244,0.05027499999996858,0.065606249999959,0.05273749999996704,0.05212499999996742
tag.txt,0.020899999999986936,0.018049999999988717,0.01684374999998947,0.040312499999974806,0.03199374999998,0.03498749999997813,0.050037499999968725,0.04404374999997247,0.047987499999970006,0.17849374999988843,0.1828749999998857,0.18882499999988198,0.23543124999985285,0.27623749999982733,0.27292499999982944,0.17540624999989038,0.193562499999879,0.19364374999987896,0.09401249999994124,0.08897499999994439,0.08951874999994405,0.05676249999996452,0.0476749999999702,0.04566249999997146,0.07450624999995344,0.060456249999962214,0.05436249999996602,0.07413749999995366,0.05613124999996492,0.05524374999996547
tag.txt,0.01911874999998805,0.017481249999989075,0.016562499999989648,0.03676874999997702,0.03014374999998116,0.033524999999979044,0.04823749999996985,0.04231874999997355,0.04743749999997035,0.1838312499998851,0.18533749999988416,0.18994999999988127,0.2580624999998387,0.2921624999998174,0.283137499999823,0.17670624999988957,0.1868874999998832,0.19226249999987982,0.08899374999994437,0.08668749999994582,0.0860874999999462,0.05333124999996667,0.04596874999997127,0.04401874999997249,0.06917499999995677,0.059187499999963006,0.05323124999996673,0.0657749999999589,0.05382499999996636,0.05378749999996638
tag.txt,0.021162499999986772,0.016968749999989395,0.017587499999989008,0.054487499999965945,0.04085624999997446,0.04983124999996885,0.03994999999997503,0.035924999999977544,0.04316249999997302,0.1429062499999107,0.1508749999999057,0.15483124999990322,0.15814999999990115,0.20393749999987254,0.1854499999998841,0.1859062499998838,0.20379374999987263,0.1980749999998762,0.10523749999993423,0.1025687499999359,0.10248124999993595,0.07548749999995281,0.06551249999995905,0.06731249999995793,0.11701249999992687,0.1004812499999372,0.0977499999999389,0.09969999999993769,0.07908124999995057,0.0835187499999478
tag.txt,0.021074999999986826,0.01708749999998932,0.018356249999988528,0.054999999999965625,0.0401624999999749,0.04984374999996885,0.03880624999997575,0.03484999999997822,0.041481249999974074,0.14272499999991078,0.15302499999990435,0.1547249999999033,0.16489999999989693,0.20679374999987074,0.1909124999998807,0.18396874999988502,0.2035187499998728,0.1921312499998799,0.10266249999993583,0.09917499999993802,0.10203124999993624,0.07349999999995406,0.06343749999996035,0.06572499999995893,0.11803124999992623,0.10325624999993546,0.10037499999993726,0.09933124999993792,0.07869374999995081,0.08441874999994724
tag.txt,0.019412499999987867,0.016418749999989737,0.017156249999989277,0.051143749999968034,0.039256249999975464,0.047974999999970014,0.04129999999997419,0.03566249999997771,0.043199999999973,0.14660624999990837,0.15400624999990375,0.15721874999990174,0.17221249999989235,0.21014999999986866,0.19404374999987872,0.19065624999988084,0.20479374999987202,0.20016874999987488,0.10574374999993391,0.09901874999993811,0.10193749999993629,0.07032499999995605,0.0633624999999604,0.0648062499999595,0.10744999999993285,0.1001499999999374,0.09347499999994158,0.09514999999994053,0.07718124999995177,0.08001874999994998
tag.txt,0.019718749999987677,0.017243749999989223,0.017668749999988957,0.05041249999996849,0.039956249999975026,0.049018749999969365,0.03992499999997505,0.035449999999977846,0.04129374999997419,0.14650624999990844,0.1531062499999043,0.15579374999990261,0.1785499999998884,0.21130624999986794,0.19735624999987667,0.1889624999998819,0.19988124999987508,0.19238749999987975,0.10176874999993639,0.09868749999993832,0.09778749999993888,0.07049999999995593,0.06375624999996016,0.06514999999995928,0.11079374999993076,0.10298749999993563,0.10144999999993659,0.09286249999994196,0.07762499999995148,0.08209374999994869
tag.txt,0.02414374999998491,0.02166249999998646,0.023131249999985542,0.062281249999961076,0.0500749999999687,0.061493749999961565,0.04194374999997379,0.039449999999975345,0.04323124999997298,0.1316937499999177,0.14566249999990896,0.13835624999991353,0.13704374999991434,0.16458124999989712,0.1502624999999061,0.16548124999989658,0.17765624999988897,0.1698999999998938,0.10279999999993575,0.10472499999993455,0.10346874999993533,0.08289999999994818,0.07346249999995409,0.07858749999995088,0.1398374999999126,0.12798124999992,0.12752499999992029,0.11187499999993007,0.09474374999994079,0.10404374999993497
tag.txt,0.025193749999984253,0.022724999999985798,0.02409374999998494,0.06313124999996055,0.049187499999969256,0.05953749999996279,0.04313749999997304,0.041143749999974284,0.04359374999997275,0.13238749999991725,0.14616874999990864,0.13764374999991397,0.14665624999990834,0.17772499999988892,0.16722499999989549,0.1651249999998968,0.1822187499998861,0.17435624999989102,0.102393749999936,0.10361874999993524,0.10158124999993651,0.08067499999994958,0.07153124999995529,0.07589374999995256,0.12882499999991948,0.11515624999992803,0.11485624999992822,0.1124749999999297,0.09052499999994341,0.10121874999993674
tag.txt,0.022462499999985962,0.021962499999986274,0.022024999999986233,0.060043749999962474,0.047974999999970014,0.05728749999996419,0.039962499999975025,0.03976874999997514,0.04178749999997388,0.1377562499999139,0.14690624999990817,0.14151249999991156,0.14567499999990896,0.16676249999989579,0.16006874999989995,0.1692499999998942,0.1742687499998911,0.17364999999989147,0.10323749999993548,0.1020624999999362,0.0999999999999375,0.07997499999995002,0.07393124999995379,0.07606249999995246,0.134393749999916,0.13211874999991743,0.12794999999992004,0.10724374999993297,0.0942437499999411,0.09965624999993772
tag.txt,0.02366249999998521,0.021949999999986283,0.02323124999998548,0.05835624999996353,0.04681874999997074,0.05522499999996548,0.046612499999970865,0.04368749999997269,0.04642499999997098,0.13909999999991307,0.14956249999990653,0.14237499999991102,0.16856874999989466,0.19371249999987894,0.18438124999988476,0.17508749999989057,0.18665624999988334,0.17957499999988777,0.10087499999993696,0.10214999999993615,0.10131249999993668,0.0753687499999529,0.06726874999995795,0.07108124999995558,0.11326249999992921,0.10585624999993384,0.10378124999993514,0.09910624999993806,0.08233749999994854,0.09261249999994212
tag.txt,0.02833749999998229,0.02550624999998406,0.025881249999983823,0.057899999999963814,0.045749999999971404,0.056106249999964934,0.04826874999996983,0.04471874999997205,0.05178124999996764,0.13783749999991385,0.14861874999990712,0.14658124999990838,0.15171874999990517,0.1860749999998837,0.1702624999998936,0.16781249999989512,0.18154374999988654,0.17321249999989174,0.1052937499999342,0.10413749999993491,0.10531874999993418,0.07658749999995214,0.06838749999995726,0.07154999999995527,0.11946874999992534,0.10584374999993384,0.10436249999993477,0.10677499999993327,0.08941874999994412,0.09494374999994067
tag.txt,0.02948749999998157,0.02646249999998346,0.02709999999998306,0.057599999999964,0.046631249999970856,0.05770624999996393,0.05049999999996844,0.04693124999997067,0.05442499999996599,0.13924999999991297,0.15016874999990615,0.14616874999990864,0.15160624999990524,0.18665624999988334,0.16887499999989444,0.16446874999989722,0.17976874999988765,0.17021874999989361,0.10649374999993344,0.10744999999993285,0.10506874999993433,0.07788124999995133,0.06853749999995716,0.07341874999995411,0.11443749999992847,0.1001687499999374,0.09956249999993777,0.10827499999993233,0.08722499999994549,0.09745624999993908
tag.txt,0.026937499999983162,0.025812499999983866,0.025406249999984122,0.056362499999964774,0.047656249999970215,0.05543749999996535,0.047124999999970545,0.04408749999997245,0.04974999999996891,0.1412999999999117,0.14601249999990873,0.1460812499999087,0.15358124999990402,0.17974374999988765,0.16709374999989557,0.17244999999989222,0.17659374999988964,0.17428749999989107,0.10491874999993442,0.103999999999935,0.10488749999993445,0.075193749999953,0.06914999999995679,0.07341249999995411,0.1193624999999254,0.115199999999928,0.10923749999993172,0.10276874999993577,0.09174374999994266,0.09440624999994099
tag.txt,0.02812499999998242,0.027768749999982644,0.027206249999982998,0.05683124999996448,0.04804999999996997,0.05741874999996411,0.04907499999996933,0.04668124999997082,0.052356249999967276,0.1403249999999123,0.14889374999990693,0.14668124999990834,0.1547312499999033,0.17914374999988802,0.16652499999989592,0.16648749999989595,0.16969374999989395,0.16628124999989607,0.10578749999993388,0.105593749999934,0.10449999999993469,0.07786249999995133,0.07047499999995595,0.07533124999995292,0.11530624999992793,0.11218124999992989,0.10579374999993388,0.10546874999993408,0.0915187499999428,0.09790624999993881
tag.txt,0.024618749999984615,0.022506249999985933,0.021649999999986468,0.04605624999997122,0.0380812499999762,0.04250624999997343,0.04774374999997016,0.04446249999997221,0.04908749999996932,0.15947499999990034,0.16619999999989613,0.1702624999998936,0.22887499999985694,0.25964999999983773,0.2552312499998405,0.1652999999998967,0.17943124999988785,0.180812499999887,0.09013124999994367,0.08982499999994385,0.08698749999994564,0.06248124999996095,0.054249999999966096,0.05479999999996575,0.0903937499999435,0.07733749999995167,0.07017499999995613,0.08492499999994692,0.06825624999995734,0.0684874999999572
tag.txt,0.023081249999985575,0.02116874999998677,0.019799999999987626,0.04178124999997389,0.03526874999997796,0.039174999999975514,0.046949999999970654,0.04391874999997255,0.047062499999970586,0.16099374999989938,0.1630374999998981,0.16569999999989643,0.26107499999983685,0.28888749999981944,0.28947499999981907,0.1804749999998872,0.19018749999988113,0.19147499999988032,0.08533749999994666,0.08434999999994729,0.08148124999994907,0.054224999999966106,0.048262499999969836,0.04809999999996994,0.07326874999995421,0.06466874999995958,0.05771249999996393,0.0728124999999545,0.06024999999996234,0.06001874999996249
tag.txt,0.024643749999984598,0.02340624999998537,0.021237499999986725,0.04341874999997286,0.03743124999997661,0.04093124999997442,0.04972499999996892,0.04668124999997082,0.05014999999996866,0.16113124999989928,0.1661124999998962,0.16973124999989392,0.23986874999985008,0.2625562499998359,0.26506249999983433,0.1734374999998916,0.1796624999998877,0.18296874999988563,0.09059999999994338,0.08893749999994441,0.08579999999994638,0.0582374999999636,0.053124999999966796,0.052012499999967494,0.07989374999995007,0.07384374999995384,0.065593749999959,0.07904374999995059,0.06824374999995735,0.06651249999995842
tag.txt,0.023312499999985428,0.022343749999986035,0.019699999999987686,0.04145624999997409,0.036806249999976996,0.03958124999997526,0.047299999999970435,0.044074999999972456,0.04813749999996991,0.15684374999990197,0.15956874999990026,0.1620937499998987,0.2609437499998369,0.2833812499998229,0.2899812499998188,0.18084999999988696,0.18668124999988334,0.18966249999988147,0.08374374999994766,0.08296874999994815,0.08046874999994971,0.055424999999965356,0.05093124999996817,0.048499999999969685,0.07754999999995153,0.07125624999995546,0.06291249999996068,0.07257499999995463,0.061987499999961254,0.05896249999996315
tag.txt,0.023462499999985335,0.020843749999986973,0.01900624999998812,0.0414437499999741,0.03364999999997897,0.037718749999976424,0.04828124999996982,0.04291874999997317,0.0487999999999695,0.16333124999989793,0.1665562499998959,0.17454374999989092,0.23163749999985522,0.273618749999829,0.26313124999983556,0.18536249999988413,0.19611249999987743,0.19943124999987535,0.0919812499999425,0.08709999999994557,0.08849374999994469,0.05779374999996388,0.04972499999996892,0.047987499999970006,0.0796624999999502,0.0681624999999574,0.061418749999961615,0.07704374999995185,0.06131249999996168,0.05946874999996283
tag.txt,0.021981249999986262,0.01964999999998772,0.018493749999988443,0.04004999999997497,0.03341249999997912,0.038393749999976,0.04706874999997058,0.043799999999972625,0.049187499999969256,0.1670312499998956,0.17043124999989348,0.17809999999988868,0.2532874999998417,0.28471249999982207,0.27173749999983016,0.17722499999988922,0.1883062499998823,0.1894124999998816,0.08766249999994521,0.08500624999994687,0.08794374999994503,0.05386249999996633,0.047637499999970224,0.04736874999997039,0.07781874999995136,0.06624999999995859,0.05939999999996287,0.07401249999995374,0.060793749999962,0.059962499999962525
tag.txt,0.02180624999998637,0.020818749999986987,0.018312499999988553,0.03898124999997564,0.0332749999999792,0.03649999999997719,0.048487499999969694,0.04230624999997356,0.048487499999969694,0.16745624999989533,0.16583124999989635,0.1769437499998894,0.25079999999984326,0.28491249999982193,0.27489999999982817,0.18936249999988164,0.19811874999987616,0.20053124999987468,0.08922499999994424,0.08456249999994715,0.0857749999999464,0.053443749999966594,0.04746874999997033,0.04493749999997192,0.06984374999995635,0.06363749999996023,0.056793749999964505,0.07059374999995588,0.05906874999996308,0.05681874999996449
tag.txt,0.02139374999998663,0.02054374999998716,0.019243749999987972,0.0388812499999757,0.03323749999997923,0.03828124999997608,0.04762499999997023,0.04393124999997254,0.05058749999996838,0.1691187499998943,0.17334374999989166,0.17876874999988826,0.264006249999835,0.2862687499998211,0.2748937499998282,0.1767687499998895,0.18298124999988563,0.1838562499998851,0.08753749999994528,0.08606874999994621,0.08746249999994533,0.05374374999996641,0.04931874999996918,0.04813124999996992,0.07012499999995617,0.06361249999996024,0.05860624999996337,0.07079999999995575,0.06069374999996206,0.06016874999996239
tag.txt,0.023568749999985268,0.019299999999987938,0.018612499999988368,0.05383749999996635,0.039787499999975134,0.04813124999996992,0.044487499999972195,0.04083749999997448,0.045418749999971614,0.14057499999991213,0.155187499999903,0.1582437499999011,0.17098749999989313,0.2181062499998637,0.2189187499998632,0.17578749999989013,0.1929812499998794,0.1891187499998818,0.0988749999999382,0.09871249999993831,0.09484999999994072,0.07416874999995364,0.06178749999996138,0.060887499999961944,0.11816249999992615,0.10019999999993738,0.09146874999994282,0.09954999999993779,0.07309999999995431,0.07434999999995354
tag.txt,0.022374999999986017,0.01874999999998828,0.018199999999988625,0.04945624999996909,0.03882499999997573,0.044818749999971985,0.043974999999972515,0.03985624999997509,0.042756249999973274,0.14100624999991188,0.15041874999990598,0.15248749999990469,0.20786249999987008,0.25350624999984156,0.2578249999998389,0.18139999999988662,0.196799999999877,0.1950249999998781,0.09323124999994173,0.08902499999994436,0.08665624999994584,0.065599999999959,0.05595624999996503,0.05621249999996487,0.10524374999993422,0.08883749999994447,0.08001249999995,0.08984999999994385,0.06802499999995748,0.06600624999995874
tag.txt,0.022706249999985807,0.01982499999998761,0.01875624999998828,0.04979374999996888,0.03922499999997548,0.04571874999997143,0.044312499999972305,0.040299999999974814,0.045093749999971816,0.1452812499999092,0.15652499999990216,0.1577437499999014,0.1854312499998841,0.2212749999998617,0.22629374999985857,0.18261249999988588,0.19139999999988036,0.19223124999987987,0.09779374999993888,0.09595624999994003,0.09310624999994181,0.0696062499999565,0.061837499999961354,0.05993749999996254,0.110393749999931,0.09926249999993796,0.08901249999994437,0.09206874999994245,0.0743937499999535,0.07210624999995494
tag.txt,0.020262499999987336,0.018762499999988275,0.01788749999998882,0.04467499999997208,0.03566249999997771,0.04144999999997409,0.04446249999997221,0.04022499999997486,0.042874999999973205,0.14648124999990844,0.15302499999990435,0.1540687499999037,0.23892499999985067,0.2726374999998296,0.27760624999982647,0.19067499999988083,0.19803749999987622,0.19759999999987649,0.0904124999999435,0.08586249999994633,0.08301874999994811,0.0587187499999633,0.05169374999996769,0.05148749999996782,0.08819374999994488,0.08156874999994902,0.07189374999995507,0.07719374999995175,0.06252499999996092,0.06211249999996118
tag.txt,0.027081249999983074,0.022962499999985647,0.021768749999986393,0.04989999999996881,0.038243749999976095,0.043549999999972784,0.052068749999967454,0.04548124999997157,0.051768749999967646,0.1516437499999052,0.1612437499998992,0.17060624999989338,0.18089999999988693,0.23076874999985578,0.2212687499998617,0.17389374999989132,0.19026874999988108,0.19068124999988081,0.10459374999993463,0.09871249999993831,0.0996687499999377,0.06879374999995701,0.0561624999999649,0.05469999999996581,0.09821874999993861,0.08318124999994801,0.07602499999995248,0.09290624999994193,0.0729749999999544,0.06996249999995627
tag.txt,0.02558749999998401,0.02252499999998592,0.022031249999986232,0.04796874999997002,0.039256249999975464,0.04278749999997326,0.051924999999967546,0.04579999999997138,0.05170624999996768,0.15731249999990168,0.1635437499998978,0.17170624999989267,0.19741249999987662,0.2409562499998494,0.2315374999998553,0.17284999999989198,0.1886562499998821,0.1893062499998817,0.09803749999993873,0.09450624999994094,0.09613749999993991,0.06388749999996007,0.05459374999996588,0.05333124999996667,0.09645624999993971,0.0817499999999489,0.07278749999995451,0.08856249999994464,0.06841249999995724,0.06866874999995708
tag.txt,0.02513749999998429,0.022756249999985777,0.021224999999986734,0.04668749999997082,0.03836249999997602,0.04246874999997346,0.05222499999996736,0.04514374999997178,0.05214374999996741,0.15857499999990088,0.16298749999989814,0.1713874999998929,0.19941249999987537,0.24151249999984906,0.23374374999985392,0.1771312499998893,0.1907499999998808,0.1914937499998803,0.10293124999993566,0.09669374999993957,0.09615624999993991,0.06375624999996016,0.05316249999996677,0.05171874999996767,0.08919999999994425,0.0811187499999493,0.07250624999995468,0.08494374999994692,0.0675124999999578,0.06715624999995802
tag.txt,0.02548749999998407,0.023387499999985382,0.02195624999998628,0.04623124999997111,0.04006874999997496,0.044068749999972456,0.05282499999996698,0.046299999999971066,0.05469374999996582,0.15816874999990113,0.1636937499998977,0.1685062499998947,0.2036937499998727,0.23669999999985206,0.2284937499998572,0.17611249999988993,0.18557499999988403,0.1837062499998852,0.09874374999993829,0.09604374999993998,0.09766874999993895,0.06247499999996095,0.055156249999965525,0.05545624999996534,0.0916687499999427,0.08263749999994835,0.0745624999999534,0.08459374999994713,0.07043749999995598,0.0708874999999557
tag.txt,0.026743749999983284,0.024468749999984708,0.02516874999998427,0.05326249999996671,0.043874999999972575,0.053556249999966526,0.047906249999970056,0.045531249999971546,0.051574999999967765,0.1443374999999098,0.1542437499999036,0.14738749999990788,0.16747499999989532,0.19495624999987815,0.18164374999988647,0.16971874999989392,0.17943749999988784,0.1713687499998929,0.10153749999993654,0.10058749999993713,0.09939999999993787,0.07276874999995452,0.06599374999995876,0.07235624999995478,0.12022499999992486,0.10818124999993238,0.10580624999993388,0.09602499999993998,0.0827249999999483,0.09173749999994267
tag.txt,0.02803124999998248,0.025918749999983802,0.0260749999999837,0.05409374999996619,0.04496874999997189,0.05468749999996582,0.04964374999996897,0.046274999999971075,0.05214374999996741,0.14301249999991061,0.15301874999990436,0.14661874999990837,0.18378124999988513,0.2167937499998645,0.20438124999987226,0.1716999999998927,0.18246874999988597,0.1755062499998903,0.0985687499999384,0.09913749999993804,0.0947187499999408,0.07070624999995581,0.0632062499999605,0.06936874999995664,0.10404374999993497,0.09021874999994361,0.08953749999994404,0.09641874999993974,0.07799374999995125,0.08696249999994565
tag.txt,0.027337499999982914,0.026768749999983268,0.026581249999983386,0.05156874999996777,0.04426874999997233,0.05281874999996699,0.051593749999967756,0.0491187499999693,0.05434374999996604,0.14809374999990743,0.15847499999990095,0.15270624999990456,0.17908749999988807,0.19827499999987608,0.19224999999987985,0.17174374999989267,0.17668124999988957,0.17093124999989318,0.10326249999993546,0.10301874999993561,0.0995062499999378,0.07014999999995615,0.0651124999999593,0.0702437499999561,0.10233124999993604,0.09709999999993932,0.09259999999994213,0.09483124999994073,0.08118124999994926,0.08801874999994498
tag.txt,0.026818749999983238,0.02620624999998362,0.025924999999983798,0.05049374999996844,0.044568749999972145,0.05272499999996705,0.049956249999968776,0.04818124999996989,0.05273124999996704,0.14508124999990932,0.15075624999990578,0.14710624999990807,0.20121249999987423,0.22120624999986174,0.21458749999986587,0.18038749999988726,0.18396874999988502,0.1756687499998902,0.09701874999993937,0.09684374999993947,0.09309374999994181,0.06710624999995805,0.060799999999962,0.06574374999995891,0.09381249999994137,0.08954999999994404,0.08747499999994533,0.08811249999994493,0.0779187499999513,0.08494374999994692
tag.txt,0.026724999999983297,0.024556249999984653,0.024743749999984535,0.053537499999966535,0.04411874999997242,0.053293749999966694,0.04931874999996918,0.04633749999997104,0.05224999999996734,0.1436812499999102,0.15446249999990347,0.14851874999990716,0.17273749999989205,0.20185624999987384,0.19084999999988073,0.1708437499998932,0.18356249999988528,0.17346249999989158,0.10229374999993607,0.10089999999993694,0.09924374999993797,0.07158749999995526,0.0654374999999591,0.06941874999995662,0.11060624999993086,0.09761874999993898,0.0980874999999387,0.09866874999993833,0.08114999999994928,0.09013124999994367
tag.txt,0.02598124999998376,0.02452499999998467,0.025299999999984186,0.051143749999968034,0.0446312499999721,0.05298124999996689,0.04903749999996935,0.04699999999997063,0.05214374999996741,0.142406249999911,0.15206249999990495,0.14585624999990884,0.19321249999987924,0.21514999999986553,0.2068874999998707,0.18039374999988725,0.18609374999988368,0.17915624999988802,0.0980937499999387,0.0979187499999388,0.09450624999994094,0.06941249999995662,0.06251249999996093,0.06793749999995753,0.09868749999993832,0.09213749999994242,0.08977499999994389,0.09163124999994272,0.07796874999995126,0.0854562499999466
tag.txt,0.027106249999983057,0.025687499999983945,0.02589999999998381,0.05324374999996672,0.044918749999971926,0.05419374999996613,0.050487499999968447,0.04786874999997008,0.052806249999967,0.14496874999990939,0.15448749999990344,0.1502249999999061,0.17553124999989028,0.19899999999987564,0.18964999999988147,0.17244374999989223,0.17893124999988816,0.17277499999989201,0.10358124999993526,0.1030499999999356,0.09926249999993796,0.0710499999999556,0.06498749999995938,0.06888124999995694,0.1068687499999332,0.09948124999993782,0.0984062499999385,0.0947187499999408,0.081587499999949,0.08789999999994506
tag.txt,0.025799999999983874,0.025243749999984223,0.02478749999998451,0.04813749999996991,0.04187499999997383,0.050899999999968186,0.04956874999996902,0.0470374999999706,0.05172499999996767,0.14660624999990837,0.15309374999990433,0.14661249999990836,0.21143749999986786,0.2312062499998555,0.2265749999998584,0.18299999999988562,0.19013749999988117,0.1816124999998865,0.09499374999994063,0.09476874999994077,0.09106874999994308,0.06449999999995969,0.05976249999996265,0.06397499999996002,0.09163124999994272,0.08519999999994675,0.08437499999994727,0.0843249999999473,0.0716749999999552,0.07836874999995101
tag.txt,0.02185624999998634,0.018956249999988153,0.01820624999998862,0.03939374999997538,0.03316874999997927,0.03589374999997757,0.052324999999967294,0.044037499999972474,0.05128749999996794,0.17525624999989045,0.17756249999988902,0.18377499999988514,0.25596874999984004,0.30048749999981217,0.2869249999998207,0.19744999999987659,0.21341874999986662,0.20813124999986993,0.09211874999994242,0.08075624999994953,0.08173124999994892,0.04863124999996961,0.038931249999975666,0.041412499999974116,0.050893749999968194,0.038843749999975724,0.03787499999997633,0.06610624999995868,0.05383749999996635,0.054762499999965776
tag.txt,0.02076874999998702,0.018056249999988713,0.018106249999988683,0.0363187499999773,0.030131249999981166,0.036299999999977316,0.05096249999996815,0.04469374999997207,0.05053124999996842,0.17530624999989045,0.17639999999988976,0.1780687499998887,0.27383124999982883,0.3158374999998026,0.297662499999814,0.1934687499998791,0.20868124999986956,0.20272499999987328,0.08995624999994378,0.08009999999994993,0.08126874999994921,0.04694374999997066,0.037637499999976474,0.041412499999974116,0.05043749999996848,0.03883124999997573,0.039268749999975455,0.062006249999961245,0.04963124999996898,0.054656249999965836
tag.txt,0.022249999999986093,0.018937499999988165,0.01846249999998846,0.03616874999997739,0.03143124999998036,0.03538124999997789,0.05298124999996689,0.04573124999997142,0.05305624999996684,0.17779999999988888,0.18077499999988703,0.18331874999988543,0.262374999999836,0.30471249999980954,0.2881562499998199,0.19769374999987643,0.21049999999986843,0.20691249999987069,0.0902312499999436,0.07965624999995022,0.08124999999994922,0.04682499999997074,0.03798124999997626,0.04087499999997445,0.04886249999996946,0.03838124999997601,0.038074999999976204,0.06481249999995949,0.05189374999996756,0.05451249999996593
tag.txt,0.021493749999986565,0.019737499999987664,0.01849999999998844,0.035506249999977806,0.03148749999998032,0.03733124999997667,0.051143749999968034,0.047049999999970595,0.052187499999967385,0.17540624999989038,0.17531249999989043,0.17596249999989003,0.2864874999998209,0.3172999999998017,0.30456874999980965,0.19930624999987542,0.20978749999986887,0.2060749999998712,0.08518124999994676,0.0769499999999519,0.0779187499999513,0.04361249999997274,0.03733124999997667,0.038924999999975674,0.042774999999973265,0.03502499999997811,0.03564999999997772,0.05908749999996307,0.05001874999996874,0.05288124999996695
tag.txt,0.018056249999988713,0.015256249999990465,0.01581874999999011,0.03473124999997829,0.02974374999998141,0.036881249999976946,0.04803124999996998,0.04137499999997414,0.048674999999969576,0.17623749999988986,0.17561249999989023,0.1779062499998888,0.2812187499998242,0.3225687499997984,0.30231874999981106,0.1958249999998776,0.21334999999986665,0.20275624999987327,0.08839374999994476,0.07963124999995023,0.08231249999994855,0.04682499999997074,0.036881249999976946,0.0412749999999742,0.04981249999996887,0.03753749999997654,0.03966249999997521,0.06086874999996195,0.04804374999996997,0.05239374999996725
tag.txt,0.016474999999989703,0.014112499999991179,0.014518749999990926,0.034156249999978655,0.028262499999982336,0.03597499999997752,0.045937499999971286,0.03908749999997557,0.04673749999997079,0.17507499999989057,0.174393749999891,0.17431874999989105,0.30181249999981136,0.3452874999997842,0.32853124999979466,0.19782499999987635,0.2110187499998681,0.19944999999987534,0.08229374999994857,0.07398124999995376,0.07593124999995254,0.044318749999972304,0.03537499999997789,0.04105624999997434,0.045162499999971774,0.03429999999997856,0.0361562499999774,0.05694374999996441,0.04418124999997239,0.04732499999997042
tag.txt,0.018424999999988485,0.015293749999990442,0.016037499999989976,0.034387499999978505,0.02857499999998214,0.03478749999997826,0.04741249999997037,0.04104374999997435,0.047649999999970216,0.17506874999989058,0.177606249999889,0.17961874999988775,0.2827249999998233,0.32437499999979724,0.30803124999980747,0.19765624999987647,0.21275624999986703,0.20473749999987204,0.08712499999994555,0.0796812499999502,0.08118749999994926,0.04694374999997066,0.03717499999997677,0.04059999999997462,0.04963124999996898,0.037049999999976845,0.03745624999997659,0.06062499999996211,0.046443749999970974,0.04989374999996882
tag.txt,0.017293749999989193,0.014537499999990914,0.014112499999991179,0.032606249999979624,0.028212499999982366,0.03358124999997901,0.04711249999997055,0.0403187499999748,0.046449999999970966,0.17394999999989127,0.17475624999989078,0.17606249999988996,0.3063687499998085,0.3482624999997823,0.33929374999978795,0.20101249999987436,0.2110062499998681,0.2028624999998732,0.08229374999994857,0.07239999999995475,0.07252499999995467,0.04219374999997363,0.03478124999997826,0.037818749999976364,0.042443749999973475,0.032324999999979794,0.03268749999997957,0.054724999999965794,0.04339999999997288,0.04460624999997212
tag.txt,0.015862499999990086,0.012868749999991958,0.012618749999992114,0.03256874999997964,0.02564999999998397,0.030899999999980686,0.04408749999997245,0.03777499999997639,0.04486874999997196,0.17721874999988924,0.18077499999988703,0.1860687499998837,0.2890562499998193,0.3331749999997918,0.3187624999998008,0.19081249999988073,0.20484999999987197,0.2040062499998725,0.08587499999994633,0.07898749999995064,0.07964999999995022,0.04685624999997071,0.03829374999997607,0.039881249999975076,0.05963749999996273,0.0451187499999718,0.04066249999997459,0.05802499999996374,0.04250624999997343,0.04258124999997338
tag.txt,0.01599999999999,0.013212499999991741,0.012593749999992129,0.03237499999997977,0.02550624999998406,0.030562499999980897,0.043812499999972616,0.03750624999997656,0.04241249999997349,0.17578749999989013,0.17751874999988904,0.180824999999887,0.29705624999981434,0.34481249999978447,0.3388749999997882,0.1942687499998786,0.20709999999987055,0.20406874999987246,0.0842999999999473,0.07576249999995265,0.07316249999995428,0.04598749999997126,0.03668749999997707,0.03908749999997557,0.053543749999966535,0.04118749999997426,0.03746874999997658,0.056868749999964455,0.04070624999997456,0.04094374999997441
tag.txt,0.016068749999989956,0.013443749999991598,0.01294374999999191,0.03213124999997992,0.02614374999998366,0.031112499999980555,0.0441687499999724,0.037912499999976305,0.043549999999972784,0.17769374999988893,0.18066874999988708,0.1841937499998849,0.29048749999981843,0.33189374999979254,0.32314374999979806,0.18967499999988144,0.20153124999987404,0.20154999999987402,0.08602499999994623,0.0803249999999498,0.07849999999995094,0.04804374999996997,0.0388812499999757,0.039449999999975345,0.05778749999996388,0.04613749999997117,0.04240624999997349,0.0579187499999638,0.04306249999997309,0.04314999999997303
tag.txt,0.016524999999989673,0.014093749999991191,0.013412499999991617,0.032181249999979886,0.0267187499999833,0.032699999999979565,0.04554374999997154,0.03828124999997608,0.043293749999972944,0.17351874999989156,0.1745624999998909,0.17516874999989052,0.29592499999981503,0.34146249999978656,0.33978749999978763,0.20229374999987357,0.2107062499998683,0.2030437499998731,0.08349999999994781,0.07544374999995285,0.07326874999995421,0.04426249999997234,0.036037499999977476,0.038937499999975665,0.051768749999967646,0.04088124999997445,0.03768749999997645,0.054481249999965946,0.041812499999973864,0.042699999999973315
tag.txt,0.021624999999986485,0.018737499999988288,0.017562499999989024,0.03861874999997586,0.03274374999997953,0.037381249999976635,0.05024999999996859,0.04489374999997194,0.05075624999996828,0.17494999999989067,0.17863749999988834,0.1846499999998846,0.2550374999998406,0.29258749999981715,0.28496249999982187,0.17883749999988824,0.1940624999998787,0.19388124999987882,0.09022499999994361,0.08530624999994668,0.08539374999994663,0.053187499999966754,0.04503124999997186,0.0449624999999719,0.06826249999995733,0.05479374999996575,0.04749999999997031,0.06900624999995687,0.053206249999966745,0.052949999999966905
tag.txt,0.022706249999985807,0.019768749999987643,0.018487499999988444,0.04168749999997395,0.03548749999997782,0.03998124999997501,0.052418749999967235,0.04641249999997099,0.05185624999996759,0.17203124999989247,0.17464374999989085,0.18007499999988746,0.24981249999984387,0.29380624999981636,0.284812499999822,0.17873749999988828,0.19259374999987963,0.1918437499998801,0.09193749999994254,0.08650624999994594,0.08489999999994693,0.05497499999996564,0.044806249999971993,0.04634374999997103,0.06437499999995977,0.05094999999996815,0.04681249999997074,0.07131874999995542,0.05502499999996561,0.05488749999996569
tag.txt,0.02187499999998633,0.019574999999987765,0.017981249999988763,0.03847499999997595,0.032693749999979566,0.03598124999997751,0.052437499999967226,0.04709999999997056,0.053556249999966526,0.1777562499998889,0.1811374999998868,0.18601249999988373,0.25973124999983765,0.29497499999981563,0.2874687499998203,0.17846249999988845,0.19143124999988034,0.19366249999987897,0.08879999999994449,0.08529999999994668,0.08343124999994786,0.05225624999996734,0.04428749999997232,0.04470624999997206,0.06360624999996024,0.05146874999996783,0.04631249999997106,0.06659999999995837,0.05203124999996748,0.050887499999968194
tag.txt,0.022824999999985735,0.021143749999986784,0.019574999999987765,0.03956249999997527,0.03511249999997806,0.03831249999997605,0.052968749999966896,0.04606874999997121,0.0526437499999671,0.17300624999989186,0.17481874999989075,0.17811874999988866,0.2595249999998378,0.2982312499998136,0.29368749999981647,0.18309999999988555,0.1945374999998784,0.19336874999987913,0.09123749999994298,0.0842999999999473,0.08266249999994833,0.051199999999968,0.043981249999972515,0.04419999999997237,0.059687499999962694,0.048506249999969685,0.04442499999997224,0.06688749999995819,0.053299999999966687,0.05300624999996687
tag.txt,0.016581249999989636,0.01599999999999,0.015174999999990516,0.030193749999981128,0.02786874999998258,0.03174374999998016,0.04571249999997143,0.04211874999997368,0.04786874999997008,0.18115624999988678,0.17929374999988795,0.18126249999988672,0.33079999999979326,0.35370624999977895,0.3414437499997866,0.18778124999988263,0.19317499999987928,0.19344999999987908,0.07495624999995315,0.07217499999995489,0.07123124999995548,0.0412812499999742,0.03724999999997672,0.03818749999997613,0.0430437499999731,0.03608124999997745,0.03571874999997768,0.04849374999996969,0.04233124999997354,0.04391874999997255
tag.txt,0.01594999999999003,0.014449999999990968,0.013781249999991387,0.029331249999981667,0.027493749999982817,0.03173124999998017,0.04425624999997234,0.04138749999997413,0.04613749999997117,0.1800124999998875,0.1784187499998885,0.18061249999988713,0.3406624999997871,0.3644562499997722,0.35368749999977894,0.1843437499998848,0.1911687499998805,0.18962499999988147,0.07369999999995394,0.07016874999995615,0.07044999999995596,0.0409562499999744,0.035424999999977856,0.0372749999999767,0.043562499999972776,0.03642499999997723,0.03494999999997816,0.047224999999970485,0.04060624999997462,0.041749999999973905
tag.txt,0.01494374999999066,0.014187499999991133,0.013737499999991415,0.02982499999998136,0.026837499999983225,0.030099999999981187,0.04391249999997256,0.04028749999997482,0.045349999999971656,0.18288749999988568,0.1819312499998863,0.18337499999988538,0.3358187499997901,0.35979374999977515,0.35129999999978045,0.18843124999988223,0.1942374999998786,0.1939187499998788,0.0734374999999541,0.0707312499999558,0.07106249999995559,0.04049999999997469,0.03494999999997816,0.03634374999997728,0.04257499999997339,0.036693749999977064,0.03401249999997874,0.04766874999997021,0.04034999999997478,0.0407999999999745
tag.txt,0.0156812499999902,0.014862499999990711,0.013918749999991301,0.028731249999982042,0.027562499999982774,0.031924999999980046,0.04493124999997192,0.04146249999997408,0.04709374999997057,0.1806499999998871,0.17914999999988804,0.18076249999988703,0.3452374999997842,0.3637374999997727,0.3522999999997798,0.18996249999988127,0.19338124999987913,0.19397499999987877,0.071993749999955,0.06936874999995664,0.0699124999999563,0.03916249999997552,0.0347124999999783,0.03694374999997691,0.03948124999997532,0.03537499999997789,0.0329624999999794,0.0441687499999724,0.040387499999974756,0.04020624999997487
tag.txt,0.014949999999990657,0.014424999999990985,0.01374374999999141,0.026899999999983187,0.02478124999998451,0.02699374999998313,0.043287499999972945,0.04009374999997494,0.045181249999971765,0.1939124999998788,0.19255624999987966,0.19613749999987742,0.3256812499997965,0.348837499999782,0.33642499999978975,0.19155624999988027,0.1989187499998757,0.20012499999987493,0.07414374999995366,0.07052499999995591,0.06997499999995627,0.03827499999997608,0.03349999999997906,0.034643749999978345,0.04411874999997242,0.036618749999977114,0.03486874999997821,0.04717499999997052,0.03974374999997516,0.04190624999997381
tag.txt,0.013718749999991425,0.012599999999992124,0.012593749999992129,0.02502499999998436,0.02321249999998549,0.02550624999998406,0.042968749999973146,0.038918749999975674,0.04505624999997184,0.1977562499998764,0.1956749999998777,0.1992124999998755,0.34038749999978724,0.3634624999997728,0.3481499999997824,0.19451874999987842,0.1995374999998753,0.1979437499998763,0.06876874999995702,0.06603124999995873,0.06838124999995726,0.035668749999977704,0.031218749999980488,0.03331249999997918,0.03837499999997602,0.032674999999979575,0.031668749999980206,0.04281249999997324,0.03666874999997708,0.03817499999997614
tag.txt,0.014987499999990633,0.014112499999991179,0.013318749999991676,0.026549999999983406,0.024024999999984985,0.026849999999983217,0.043799999999972625,0.040981249999974385,0.046037499999971226,0.19344999999987908,0.1938999999998788,0.19609374999987744,0.3306999999997933,0.350399999999781,0.34119999999978673,0.19719999999987675,0.20194374999987377,0.20118124999987427,0.07120624999995549,0.06778124999995763,0.06725624999995797,0.03736874999997664,0.033106249999979305,0.0347124999999783,0.04042499999997473,0.03463124999997835,0.032874999999979455,0.044312499999972305,0.03911874999997555,0.040474999999974705
tag.txt,0.014674999999990827,0.01431874999999105,0.013974999999991265,0.024474999999984703,0.02364374999998522,0.026137499999983663,0.042674999999973325,0.04088124999997445,0.046406249999971,0.19524374999987798,0.1929624999998794,0.1961312499998774,0.34664999999978335,0.3620499999997737,0.34617499999978363,0.1963499999998773,0.1988874999998757,0.19991874999987505,0.06811249999995743,0.06573749999995891,0.06754999999995778,0.03429999999997856,0.03169374999998019,0.0327999999999795,0.03571249999997768,0.031574999999980265,0.03094374999998066,0.04180624999997387,0.038249999999976095,0.039962499999975025
tag.txt,0.02091249999998693,0.01916874999998802,0.018662499999988334,0.03640624999997725,0.03258749999997963,0.03616874999997739,0.051318749999967925,0.04659374999997088,0.05299999999996687,0.18067499999988706,0.1796499999998877,0.18348124999988533,0.2701312499998312,0.30251874999981093,0.2846812499998221,0.19483749999987823,0.20601874999987124,0.20556874999987151,0.08691249999994569,0.07929999999995044,0.08219374999994863,0.04679999999997075,0.03958749999997526,0.04124999999997422,0.0502437499999686,0.04119999999997425,0.040043749999974974,0.0617624999999614,0.053374999999966644,0.05494999999996566
tag.txt,0.019637499999987727,0.018149999999988658,0.01742499999998911,0.03419999999997862,0.03094374999998066,0.03416874999997865,0.050487499999968447,0.046018749999971235,0.053031249999966855,0.1842874999998848,0.18478124999988452,0.18824374999988236,0.28106249999982436,0.3100937499998062,0.2953499999998154,0.19579999999987763,0.20603124999987124,0.20166874999987397,0.08391249999994756,0.07737499999995164,0.07915624999995052,0.043806249999972624,0.03718124999997676,0.04035624999997478,0.04693749999997066,0.038593749999975877,0.03833749999997604,0.059868749999962584,0.05083124999996823,0.052262499999967335
tag.txt,0.021399999999986624,0.020087499999987445,0.019937499999987538,0.03597499999997752,0.032937499999979414,0.03463124999997835,0.05178124999996764,0.04852499999996967,0.053818749999966366,0.18185624999988634,0.1819249999998863,0.18472499999988454,0.2758124999998276,0.30233124999981104,0.29046249999981844,0.19675624999987704,0.20263124999987336,0.20346249999987284,0.08449374999994719,0.07974999999995015,0.07959374999995025,0.04494374999997191,0.03982499999997511,0.04091249999997443,0.045412499999971614,0.03838124999997601,0.037381249999976635,0.06156874999996152,0.05360624999996649,0.055074999999965575
tag.txt,0.021812499999986367,0.020993749999986877,0.020868749999986957,0.03698124999997689,0.034993749999978126,0.037387499999976634,0.05300624999996687,0.04973749999996891,0.0564812499999647,0.1802999999998873,0.17933124999988792,0.18204999999988622,0.28228749999982355,0.30165624999981144,0.2854187499998216,0.19652499999987716,0.20473124999987205,0.20088124999987444,0.08283124999994823,0.07846874999995096,0.0808187499999495,0.04419374999997238,0.03889374999997569,0.04104999999997434,0.04247499999997345,0.03671874999997705,0.03828124999997608,0.05958749999996276,0.05447499999996595,0.05676249999996452
tag.txt,0.01658749999998963,0.014399999999991,0.014693749999990817,0.0321624999999799,0.027956249999982526,0.03428749999997857,0.045168749999971766,0.039868749999975084,0.04681874999997074,0.17381249999989137,0.17654999999988966,0.1756687499998902,0.30013124999981244,0.3313937499997929,0.3143499999998035,0.20409374999987245,0.21733749999986415,0.20966249999986897,0.08366249999994771,0.0780874999999512,0.07894999999995066,0.04341874999997286,0.03475624999997828,0.040456249999974714,0.044918749999971926,0.03526874999997796,0.0358374999999776,0.056043749999964976,0.04438124999997226,0.049274999999969205
tag.txt,0.014612499999990867,0.012799999999992,0.012831249999991981,0.030549999999980905,0.027306249999982934,0.033537499999979035,0.043193749999973004,0.038168749999976145,0.044049999999972465,0.1747187499998908,0.17329999999989168,0.1745749999998909,0.321649999999799,0.35523124999977795,0.3417374999997864,0.2038687499998726,0.21305624999986683,0.2066937499998708,0.07862499999995086,0.07310624999995431,0.0742187499999536,0.04113124999997429,0.0339187499999788,0.0380812499999762,0.041412499999974116,0.03230624999997981,0.03225624999997984,0.0502374999999686,0.040806249999974495,0.04201874999997374
tag.txt,0.016518749999989677,0.014731249999990793,0.01499374999999063,0.03208124999997995,0.02782499999998261,0.033362499999979145,0.04557499999997151,0.042181249999973636,0.04845624999996972,0.17898749999988814,0.17799999999988875,0.17721874999988924,0.3025812499998109,0.33261874999979213,0.3178687499998013,0.203181249999873,0.2140812499998662,0.20849999999986968,0.083193749999948,0.07625624999995234,0.07769999999995143,0.04186249999997384,0.0347187499999783,0.03853124999997592,0.04195624999997378,0.033893749999978816,0.034399999999978496,0.054062499999966214,0.04569374999997144,0.04896874999996939
tag.txt,0.015862499999990086,0.014443749999990972,0.014074999999991204,0.03116874999998052,0.02817499999998239,0.033224999999979236,0.04556249999997152,0.04173124999997392,0.04714999999997053,0.17412499999989117,0.17331874999989166,0.17428124999989109,0.3216999999997989,0.3495687499997815,0.33849374999978843,0.20548749999987156,0.21356874999986653,0.2086437499998696,0.07829374999995106,0.07228124999995482,0.07308749999995431,0.0396749999999752,0.03414374999997866,0.036474999999977206,0.03848124999997595,0.03155624999998028,0.03154374999998028,0.04964374999996897,0.04121249999997424,0.04302499999997311
tag.txt,0.013131249999991794,0.01185624999999259,0.012324999999992297,0.023799999999985125,0.021868749999986333,0.024762499999984523,0.04077499999997451,0.03783749999997635,0.04408124999997245,0.19414999999987864,0.19146874999988034,0.1947187499998783,0.3502187499997811,0.3769312499997644,0.35595624999977754,0.20769999999987018,0.20817499999986988,0.20870624999986956,0.06913749999995679,0.0633562499999604,0.06691874999995817,0.03316249999997927,0.028649999999982093,0.030681249999980825,0.029224999999981734,0.02534374999998416,0.025812499999983866,0.03869999999997581,0.03451249999997843,0.036037499999977476
tag.txt,0.011524999999992796,0.010456249999993466,0.010862499999993211,0.02174374999998641,0.01996874999998752,0.023693749999985192,0.03916249999997552,0.03528124999997795,0.04187499999997383,0.1956562499998777,0.1931187499998793,0.19276874999987953,0.37026874999976855,0.39844999999975095,0.3789124999997632,0.2035249999998728,0.2027062499998733,0.2022187499998736,0.06498124999995938,0.05905624999996309,0.06250624999996093,0.0308812499999807,0.0268812499999832,0.029043749999981848,0.027412499999982867,0.023606249999985247,0.024812499999984493,0.034843749999978225,0.03047499999998095,0.033306249999979186
tag.txt,0.011587499999992758,0.010706249999993308,0.011593749999992754,0.021399999999986624,0.020331249999987294,0.023337499999985415,0.03933124999997542,0.03718749999997676,0.043224999999972986,0.20003124999987498,0.19805624999987623,0.20040624999987475,0.3697624999997689,0.3896124999997565,0.3667374999997708,0.2014187499998741,0.20103124999987435,0.20348124999987283,0.06460624999995962,0.06052499999996217,0.06356874999996028,0.030824999999980736,0.027324999999982922,0.028818749999981987,0.026699999999983313,0.02372499999998517,0.0249624999999844,0.03433749999997854,0.031499999999980315,0.03386874999997883
tag.txt,0.011756249999992653,0.010918749999993175,0.011837499999992602,0.021287499999986696,0.020549999999987155,0.024506249999984683,0.03916874999997552,0.03788749999997632,0.04375624999997265,0.1987124999998758,0.19530624999987795,0.1966624999998771,0.380831249999762,0.398393749999751,0.3740749999997662,0.19621249999987736,0.19762499999987648,0.19914999999987554,0.06345624999996034,0.05902499999996311,0.06121874999996174,0.029206249999981747,0.02699374999998313,0.029699999999981436,0.025256249999984215,0.022568749999985895,0.024162499999984897,0.03411249999997868,0.03073124999998079,0.03493124999997817
tag.txt,0.014756249999990777,0.013737499999991415,0.014206249999991122,0.025668749999983958,0.024968749999984396,0.02748749999998282,0.0436749999999727,0.04169999999997394,0.0465687499999709,0.19316249999987928,0.19243124999987973,0.19176874999988014,0.355162499999778,0.3722249999997674,0.3565124999997772,0.19972499999987517,0.19965624999987522,0.20120624999987424,0.06722499999995799,0.06203124999996123,0.0657749999999589,0.03323124999997923,0.029974999999981267,0.03156249999998027,0.026874999999983204,0.025106249999984308,0.02580624999998387,0.04051874999997467,0.038168749999976145,0.039106249999975556
tag.txt,0.012762499999992023,0.012381249999992261,0.012937499999991914,0.02345624999998534,0.023099999999985563,0.026268749999983583,0.042343749999973535,0.039999999999975,0.044387499999972255,0.19200624999988,0.18903749999988184,0.18706874999988307,0.3813999999997616,0.39689999999975195,0.38134999999976166,0.19476249999987827,0.19479999999987824,0.19721874999987674,0.06071874999996205,0.05794999999996378,0.06041874999996224,0.030981249999980635,0.028237499999982353,0.030087499999981195,0.02554999999998403,0.023649999999985218,0.024056249999984965,0.036018749999977485,0.03394374999997878,0.03620624999997737
tag.txt,0.013981249999991261,0.013862499999991337,0.013874999999991328,0.02492499999998442,0.02434999999998478,0.0268812499999832,0.04449999999997219,0.042931249999973164,0.04779374999997013,0.193631249999879,0.19182499999988012,0.19251249999987968,0.36407499999977244,0.37700624999976434,0.35884999999977574,0.19835624999987603,0.19763124999987647,0.20242499999987348,0.06452499999995967,0.06087499999996195,0.06384374999996009,0.0316812499999802,0.029799999999981376,0.03093124999998067,0.026437499999983478,0.02505624999998434,0.025243749999984223,0.03788749999997632,0.03666249999997709,0.037643749999976474
tag.txt,0.014312499999991055,0.013912499999991305,0.014443749999990972,0.024387499999984758,0.024599999999984624,0.02756874999998277,0.044662499999972086,0.042612499999973366,0.04692499999997067,0.19304999999987935,0.18970624999988142,0.18759374999988276,0.37176874999976767,0.3858062499997589,0.36977499999976887,0.19389374999987882,0.19379999999987887,0.19704999999987685,0.06195624999996128,0.058324999999963545,0.062006249999961245,0.03161249999998024,0.029924999999981296,0.030662499999980837,0.0260812499999837,0.024362499999984775,0.024931249999984417,0.03827499999997608,0.036949999999976904,0.0390437499999756
tag.txt,0.018293749999988566,0.016306249999989808,0.015449999999990343,0.03214374999997991,0.027537499999982788,0.030668749999980833,0.04791874999997005,0.043874999999972575,0.048931249999969416,0.18956874999988152,0.190393749999881,0.19204374999987997,0.2966687499998146,0.33072499999979327,0.32052499999979966,0.180824999999887,0.18904374999988185,0.1910187499998806,0.08019374999994988,0.07574374999995266,0.07633749999995229,0.04475624999997203,0.03821874999997611,0.03932499999997542,0.052518749999967175,0.042537499999973416,0.03929999999997544,0.0571124999999643,0.04561874999997149,0.046399999999971
tag.txt,0.01709999999998931,0.01574374999999016,0.014906249999990684,0.02988749999998132,0.026118749999983676,0.029037499999981852,0.04725624999997047,0.042343749999973535,0.04817499999996989,0.1877062499998827,0.18884999999988197,0.18842499999988224,0.3157999999998026,0.3457562499997839,0.3394187499997879,0.18698124999988314,0.19297499999987938,0.1926312499998796,0.07613749999995241,0.07118124999995551,0.07002499999995623,0.04163749999997397,0.03634374999997728,0.03819999999997613,0.04668124999997082,0.038406249999975994,0.03595624999997753,0.050812499999968244,0.042281249999973576,0.043224999999972986
tag.txt,0.018406249999988494,0.017174999999989265,0.015956249999990027,0.030899999999980686,0.02755624999998278,0.02988749999998132,0.04818749999996988,0.044068749999972456,0.04981874999996886,0.19115624999988054,0.1917124999998802,0.1938999999998788,0.3033624999998104,0.3287812499997945,0.32168124999979897,0.18312499999988555,0.19099999999988063,0.19048124999988095,0.07886874999995071,0.07483124999995323,0.07467499999995333,0.043781249999972634,0.03852499999997592,0.03896874999997564,0.04813124999996992,0.04046249999997471,0.03821874999997611,0.0540812499999662,0.04588749999997132,0.04641249999997099
tag.txt,0.01816249999998865,0.016518749999989677,0.015581249999990261,0.02888124999998195,0.027174999999983015,0.029924999999981296,0.04686249999997071,0.04433749999997229,0.04924374999996922,0.19101249999988063,0.1889687499998819,0.1910062499998806,0.32266874999979833,0.3483124999997823,0.33940624999978786,0.18579999999988386,0.1889562499998819,0.18790624999988256,0.07441874999995349,0.07089999999995569,0.06947499999995657,0.04035624999997478,0.0359937499999775,0.03813749999997616,0.041912499999973804,0.035587499999977755,0.0350374999999781,0.0499249999999688,0.04324999999997297,0.04428124999997232
tag.txt,0.015756249999990153,0.013656249999991465,0.013337499999991663,0.029512499999981553,0.024937499999984413,0.02777499999998264,0.04585624999997134,0.039112499999975556,0.045181249999971765,0.19411249999987867,0.19351874999987906,0.20251874999987343,0.30040624999981225,0.33970624999978766,0.3217624999997989,0.1859124999998838,0.19764999999987648,0.1982562499998761,0.08213124999994867,0.07400624999995374,0.07374374999995391,0.04373124999997267,0.036006249999977494,0.037387499999976634,0.050387499999968506,0.04028124999997482,0.03741249999997662,0.05219374999996738,0.04112499999997429,0.04262499999997336
tag.txt,0.014668749999990831,0.013087499999991821,0.012899999999991937,0.026724999999983297,0.02268749999998582,0.025481249999984076,0.044068749999972456,0.03879374999997575,0.04601249999997124,0.19897499999987564,0.1982124999998761,0.20444374999987222,0.3209812499997994,0.3554062499997779,0.33553749999979027,0.18712499999988305,0.19364374999987896,0.19355624999987903,0.0756937499999527,0.07001249999995625,0.07171249999995517,0.03946249999997534,0.033881249999978824,0.03587499999997758,0.04483124999997198,0.035849999999977594,0.03444374999997847,0.04746874999997033,0.038424999999975985,0.040037499999974975
tag.txt,0.016281249999989825,0.014281249999991074,0.01417499999999114,0.02824374999998235,0.02452499999998467,0.02674999999998328,0.047206249999970494,0.04083749999997448,0.04641874999997099,0.1948999999998782,0.1963124999998773,0.20231874999987354,0.30725624999980794,0.344006249999785,0.32648124999979594,0.18935624999988165,0.1943749999998785,0.198399999999876,0.07894999999995066,0.07405624999995371,0.07304999999995435,0.04171249999997393,0.03526249999997796,0.0359937499999775,0.04658749999997088,0.03676874999997702,0.034906249999978184,0.04950624999996906,0.03957499999997527,0.04150624999997406
tag.txt,0.015931249999990044,0.014331249999991042,0.014587499999990882,0.027387499999982884,0.0241562499999849,0.026849999999983217,0.04504999999997184,0.040649999999974595,0.046118749999971176,0.195174999999878,0.19668124999987707,0.20119374999987424,0.3235249999997978,0.35047499999978093,0.3330062499997919,0.1900749999998812,0.19461874999987835,0.19556249999987776,0.07532499999995292,0.07122499999995549,0.0718249999999551,0.03876874999997577,0.034224999999978606,0.03646874999997721,0.04188749999997382,0.03434999999997853,0.033724999999978925,0.046874999999970704,0.039287499999975446,0.04066249999997459
tag.txt,0.018549999999988406,0.016006249999989997,0.017206249999989248,0.04598124999997126,0.03667499999997708,0.04316874999997302,0.045668749999971454,0.041574999999974015,0.0473562499999704,0.1622312499998986,0.16739999999989538,0.171237499999893,0.193606249999879,0.23239999999985475,0.21733749999986415,0.18349374999988532,0.19543749999987786,0.19283749999987948,0.09771874999993893,0.09613124999993991,0.09638749999993976,0.06574374999995891,0.05700624999996437,0.05889374999996319,0.10547499999993408,0.0942374999999411,0.09069999999994331,0.08153124999994904,0.06313124999996055,0.06487499999995945
tag.txt,0.016981249999989387,0.015093749999990566,0.015506249999990309,0.046187499999971134,0.037299999999976685,0.04360624999997274,0.04194374999997379,0.03721249999997674,0.043362499999972895,0.15971249999990017,0.1671812499998955,0.16902499999989437,0.1945687499998784,0.22986249999985633,0.2137374999998664,0.17809999999988868,0.18731249999988292,0.19113124999988054,0.0955124999999403,0.09318124999994176,0.09304999999994185,0.06418124999995989,0.058837499999963225,0.05939999999996287,0.11861874999992586,0.10851874999993218,0.10379999999993512,0.08419374999994737,0.06549999999995906,0.06738124999995788
tag.txt,0.017624999999988983,0.016218749999989863,0.016349999999989782,0.043037499999973104,0.03565624999997771,0.04054374999997466,0.044993749999971876,0.04023124999997486,0.04628749999997107,0.16471249999989707,0.16854374999989466,0.17443124999989099,0.21256249999986715,0.2393249999998504,0.22794374999985753,0.18572499999988393,0.19223749999987985,0.19371874999987893,0.09582499999994011,0.09084374999994323,0.09306874999994183,0.06186874999996133,0.056024999999964985,0.055749999999965154,0.09890624999993819,0.09665624999993959,0.09009999999994368,0.07474374999995329,0.06426249999995984,0.06180624999996137
tag.txt,0.017224999999989235,0.01559999999999025,0.016168749999989896,0.04219999999997363,0.036124999999977425,0.041674999999973955,0.04582499999997136,0.04134999999997416,0.04758124999997026,0.1682999999998948,0.17138124999989288,0.17366249999989147,0.2198499999998626,0.2473562499998454,0.2334124999998541,0.1820937499998862,0.1868812499998832,0.18724999999988295,0.09396874999994127,0.09078124999994326,0.09322499999994173,0.05966874999996271,0.05497499999996564,0.05623124999996486,0.09739999999993912,0.09358749999994151,0.08828749999994483,0.07346874999995408,0.06196249999996127,0.06250624999996093
tag.txt,0.016618749999989614,0.011074999999993078,0.014706249999990808,0.04051249999997468,0.02778749999998263,0.03772499999997642,0.045412499999971614,0.036874999999976954,0.044468749999972204,0.16938124999989412,0.1772562499998892,0.1766187499998896,0.26375624999983516,0.31124999999980546,0.28809999999981994,0.20025624999987485,0.21769999999986395,0.20229999999987355,0.08986874999994383,0.084793749999947,0.08448749999994719,0.05185624999996759,0.04035624999997478,0.04659374999997088,0.05710624999996431,0.04611249999997118,0.04838749999996976,0.06523124999995923,0.046793749999970755,0.056612499999964615
tag.txt,0.014849999999990718,0.01031874999999355,0.012799999999992,0.03794999999997628,0.025687499999983945,0.03579999999997763,0.042756249999973274,0.034406249999978496,0.042774999999973265,0.1640124999998975,0.17164999999989272,0.17010624999989368,0.2922749999998173,0.34113749999978676,0.32074999999979953,0.20339999999987288,0.21868124999986333,0.20347499999987284,0.08331249999994793,0.07700624999995187,0.07671874999995205,0.04648749999997095,0.03611249999997743,0.04292499999997317,0.05316249999996677,0.042618749999973365,0.04455624999997215,0.06179374999996138,0.04238124999997351,0.05009374999996869
tag.txt,0.015337499999990414,0.010881249999993198,0.013956249999991278,0.038849999999975716,0.02694374999998316,0.03683749999997698,0.045174999999971766,0.036187499999977384,0.045687499999971445,0.172781249999892,0.17846249999988845,0.1777562499998889,0.27704374999982684,0.3220562499997987,0.2957437499998152,0.19675624999987704,0.21123124999986798,0.19998124999987502,0.08763749999994523,0.08060624999994961,0.08107499999994933,0.05001874999996874,0.0398437499999751,0.045418749999971614,0.053893749999966316,0.04614999999997116,0.048499999999969685,0.06250624999996093,0.047637499999970224,0.0550437499999656
tag.txt,0.014024999999991234,0.010056249999993714,0.012831249999991981,0.03546249999997784,0.02569374999998394,0.03556249999997777,0.04291249999997318,0.03404374999997872,0.04220624999997362,0.1642874999998973,0.17091874999989318,0.16858749999989464,0.31373749999980394,0.35238749999977975,0.33048749999979343,0.20034999999987477,0.21515624999986552,0.20100624999987438,0.0791874999999505,0.07415624999995366,0.0753749999999529,0.044056249999972465,0.03554374999997779,0.041337499999974166,0.05011249999996868,0.04112499999997429,0.04418124999997239,0.055868749999965085,0.04091874999997443,0.048424999999969735
tag.txt,0.021206249999986746,0.020499999999987188,0.021143749999986784,0.03459374999997838,0.03435624999997853,0.03818124999997614,0.05585624999996509,0.05419999999996612,0.05898124999996314,0.1841249999998849,0.18054999999988716,0.1817749999998864,0.29778124999981387,0.313624999999804,0.2940062499998162,0.19699999999987688,0.1969687499998769,0.19758749999987651,0.07953749999995029,0.07724999999995172,0.08010624999994993,0.04042499999997473,0.03761249999997649,0.03956874999997527,0.03606249999997746,0.034062499999978714,0.035018749999978116,0.05341249999996662,0.0508749999999682,0.053631249999966484
tag.txt,0.02043124999998723,0.01959999999998775,0.0206374999999871,0.03537499999997789,0.03340624999997912,0.03721249999997674,0.054906249999965684,0.05268749999996707,0.058587499999963384,0.1814187499998866,0.179212499999888,0.1796749999998877,0.29253749999981715,0.3106437499998059,0.29026874999981855,0.20398124999987252,0.20664374999987084,0.20495624999987191,0.08195624999994877,0.07737499999995164,0.07976874999995015,0.04026874999997483,0.03659374999997713,0.04003124999997498,0.03607499999997745,0.03364999999997897,0.035237499999977974,0.053049999999966846,0.05018749999996863,0.053624999999966484
tag.txt,0.02225624999998609,0.02131249999998668,0.022368749999986018,0.03581874999997761,0.035937499999977536,0.03784999999997635,0.0571124999999643,0.053974999999966265,0.06065624999996209,0.1833374999998854,0.18169999999988642,0.1820999999998862,0.2918499999998176,0.30754999999980775,0.28958749999981903,0.1972687499998767,0.19611249999987743,0.196799999999877,0.08148749999994907,0.07739374999995163,0.07954374999995029,0.04129999999997419,0.04002499999997498,0.0409562499999744,0.034918749999978176,0.03366874999997896,0.035174999999978016,0.054649999999965844,0.052324999999967294,0.05496249999996565
tag.txt,0.023143749999985534,0.022718749999985802,0.02329374999998544,0.0366437499999771,0.0364874999999772,0.03998749999997501,0.057143749999964286,0.05486874999996571,0.06053124999996217,0.18102499999988686,0.1798374999998876,0.1789187499998882,0.2931124999998168,0.30378124999981015,0.2874374999998203,0.19643124999987724,0.19730624999987667,0.19659999999987712,0.08183124999994885,0.07868749999995082,0.07999374999995,0.04109374999997432,0.03890624999997568,0.041418749999974115,0.03522499999997798,0.034068749999978706,0.03538124999997789,0.05434999999996603,0.05333749999996666,0.056437499999964724
tag.txt,0.024906249999984434,0.02430624999998481,0.02443124999998473,0.04066249999997459,0.038668749999975834,0.04198124999997376,0.058331249999963544,0.05504999999996559,0.05974374999996266,0.1767999999998895,0.17737499999988915,0.1763312499998898,0.2803312499998248,0.2934624999998166,0.28164374999982394,0.1879999999998825,0.19128749999988046,0.1902499999998811,0.08233124999994854,0.07923749999995047,0.0808062499999495,0.046443749999970974,0.04358124999997276,0.04538749999997163,0.04120624999997424,0.03933124999997542,0.03996874999997502,0.060987499999961885,0.05769999999996394,0.05945624999996284
tag.txt,0.021049999999986843,0.019974999999987517,0.020631249999987104,0.03734999999997666,0.03501249999997812,0.03819999999997613,0.05360624999996649,0.05111249999996805,0.05572499999996517,0.17777499999988888,0.17735624999988917,0.17369999999989144,0.30568749999980893,0.31976249999980016,0.30999999999980626,0.19181249999988012,0.1961874999998774,0.1953874999998779,0.07784999999995135,0.07685624999995197,0.07656874999995214,0.043724999999972675,0.04023124999997486,0.04188124999997382,0.03754374999997653,0.034131249999978665,0.035512499999977805,0.0535999999999665,0.04937499999996914,0.05239374999996725
tag.txt,0.021031249999986856,0.020599999999987125,0.020799999999987,0.034981249999978134,0.033187499999979254,0.036099999999977435,0.05580624999996512,0.05298749999996688,0.05616874999996489,0.18166874999988647,0.17961874999988775,0.18216874999988614,0.3014687499998116,0.3157249999998027,0.30345624999981036,0.19388124999987882,0.19634374999987728,0.19413124999987866,0.0795124999999503,0.07687499999995195,0.07786249999995133,0.04203749999997373,0.03922499999997548,0.041318749999974175,0.03691874999997693,0.03498749999997813,0.03571874999997768,0.052693749999967066,0.05044999999996847,0.05227499999996733
tag.txt,0.023924999999985045,0.02341249999998537,0.023556249999985276,0.04006874999997496,0.037893749999976314,0.041912499999973804,0.056962499999964396,0.05493124999996567,0.05930624999996293,0.17536874999989038,0.1756687499998902,0.17262499999989211,0.29308124999981683,0.3020749999998112,0.29194374999981754,0.18950624999988155,0.19336874999987913,0.1921687499998799,0.07938124999995039,0.07734374999995167,0.07819374999995113,0.04613749999997117,0.04280624999997325,0.04428124999997232,0.03847499999997595,0.03721249999997674,0.03831874999997605,0.05709374999996432,0.05528749999996545,0.05769374999996394
tag.txt,0.0069562499999956525,0.006093749999996192,0.010974999999993141,0.016868749999989458,0.015674999999990204,0.023593749999985255,0.029493749999981566,0.025224999999984236,0.03365624999997897,0.18971249999988143,0.17827499999988858,0.18084374999988698,0.41610624999973994,0.4489312499997194,0.3854249999997591,0.21844999999986348,0.21497499999986563,0.22185624999986134,0.05522499999996548,0.0494374999999691,0.05894999999996316,0.022718749999985802,0.02054374999998716,0.0262374999999836,0.019037499999988102,0.017481249999989075,0.02359999999998525,0.025431249999984105,0.0233624999999854,0.03486249999997821
tag.txt,0.007049999999995594,0.005949999999996281,0.010243749999993598,0.016999999999989374,0.015212499999990492,0.02238749999998601,0.029506249999981558,0.02439999999998475,0.03501249999997812,0.19240624999987974,0.18331874999988543,0.18538749999988413,0.4202874999997373,0.4540624999997162,0.3884499999997572,0.21061249999986836,0.21015624999986865,0.22088124999986194,0.05558124999996526,0.04851249999996968,0.058506249999963435,0.022518749999985925,0.020918749999986927,0.02526249999998421,0.019656249999987715,0.015799999999990124,0.021224999999986734,0.025381249999984135,0.021668749999986456,0.0326437499999796
tag.txt,0.006662499999995836,0.0064812499999959495,0.011624999999992735,0.016674999999989577,0.01601874999998999,0.025399999999984126,0.029349999999981655,0.025574999999984017,0.035162499999978024,0.187212499999883,0.17599374999989,0.17809999999988868,0.42419374999973486,0.45174999999971766,0.38026874999976235,0.21235624999986727,0.20889374999986943,0.21689374999986444,0.055674999999965204,0.05094374999996816,0.06033749999996229,0.0230374999999856,0.021081249999986826,0.027456249999982838,0.020574999999987142,0.020293749999987315,0.028131249999982417,0.024262499999984834,0.022968749999985643,0.036624999999977106
tag.txt,0.006781249999995762,0.0072124999999954925,0.013937499999991288,0.016518749999989677,0.01863749999998835,0.029812499999981368,0.027537499999982788,0.02478749999998451,0.03508749999997807,0.18813124999988243,0.17558124999989025,0.17301249999989188,0.40983124999974385,0.4276624999997327,0.3523437499997798,0.22340624999986036,0.21369374999986643,0.21434999999986604,0.05657499999996464,0.051581249999967764,0.06477499999995952,0.024281249999984825,0.024549999999984657,0.033206249999979245,0.022618749999985862,0.028949999999981907,0.04043124999997473,0.0243187499999848,0.02734374999998291,0.0430437499999731
tag.txt,0.016131249999989918,0.01425624999999109,0.015918749999990052,0.027993749999982505,0.0249624999999844,0.029606249999981495,0.04743124999997036,0.043818749999972616,0.05053124999996842,0.19604374999987748,0.19612499999987743,0.1933999999998791,0.3420749999997862,0.36504999999977183,0.3389124999997882,0.19290624999987943,0.1958062499998776,0.19879374999987576,0.06781874999995761,0.06372499999996017,0.06790624999995756,0.035612499999977745,0.03161249999998024,0.033543749999979035,0.030181249999981136,0.026731249999983293,0.028218749999982362,0.043806249999972624,0.037912499999976305,0.04316874999997302
tag.txt,0.015512499999990305,0.013724999999991421,0.01497499999999064,0.028106249999982433,0.024874999999984455,0.029449999999981595,0.046949999999970654,0.04339999999997288,0.048774999999969516,0.19431874999987855,0.19282499999987948,0.19257499999987965,0.34359999999978524,0.36805624999976994,0.34565624999978395,0.19560624999987775,0.19915624999987552,0.19880624999987576,0.06855624999995716,0.0632124999999605,0.06618124999995864,0.03604999999997747,0.03170624999998018,0.03366249999997896,0.02988749999998132,0.02658749999998338,0.028937499999981915,0.041412499999974116,0.036456249999977215,0.040981249999974385
tag.txt,0.016281249999989825,0.014956249999990652,0.015962499999990023,0.028843749999981974,0.026168749999983646,0.030356249999981027,0.04787499999997008,0.044899999999971935,0.052349999999967284,0.1945562499998784,0.19316874999987926,0.1916562499998802,0.3395812499997878,0.3585624999997759,0.3337874999997914,0.19506874999987808,0.19782499999987635,0.2001499999998749,0.06950624999995655,0.06622499999995861,0.06818749999995738,0.035174999999978016,0.031812499999980114,0.03469374999997832,0.03038124999998101,0.02774374999998266,0.02964999999998147,0.04273124999997329,0.03863749999997585,0.043206249999972995
tag.txt,0.017881249999988823,0.01658749999998963,0.019574999999987765,0.029956249999981276,0.02817499999998239,0.033631249999978984,0.0499187499999688,0.04675624999997078,0.05374374999996641,0.19189999999988006,0.19110624999988055,0.1868562499998832,0.3363062499997898,0.3546687499997783,0.3237124999997977,0.19480624999987825,0.1969624999998769,0.19703124999987687,0.06941874999995662,0.06546874999995908,0.07069374999995581,0.03562499999997774,0.033031249999979355,0.036099999999977435,0.029512499999981553,0.026487499999983444,0.02996874999998127,0.04467499999997208,0.04075624999997453,0.04868749999996957
tag.txt,0.007637499999995226,0.006524999999995922,0.010581249999993386,0.018406249999988494,0.017093749999989315,0.024662499999984586,0.03342499999997911,0.02820624999998237,0.03724374999997672,0.19556249999987776,0.185581249999884,0.18665624999988334,0.40004999999975,0.43733749999972665,0.3803937499997623,0.2081562499998699,0.20579374999987138,0.21191249999986755,0.06011249999996243,0.05341249999996662,0.061593749999961506,0.024743749999984535,0.021787499999986384,0.026431249999983482,0.02273749999998579,0.02014374999998741,0.025574999999984017,0.02916874999998177,0.024118749999984927,0.03494999999997816
tag.txt,0.007587499999995258,0.0068937499999956915,0.011612499999992741,0.01843124999998848,0.017687499999988945,0.026087499999983697,0.03166249999998021,0.02734374999998291,0.03795624999997628,0.19491249999987817,0.18211874999988617,0.18611874999988368,0.40086249999974943,0.4353187499997279,0.3649312499997719,0.21256874999986713,0.20934374999986916,0.21708124999986433,0.05982499999996261,0.053624999999966484,0.06481249999995949,0.025237499999984227,0.02167499999998645,0.028518749999982176,0.021737499999986414,0.0214437499999866,0.026599999999983377,0.027174999999983015,0.024549999999984657,0.036281249999977325
tag.txt,0.006737499999995789,0.006237499999996101,0.011868749999992581,0.01601874999998999,0.01641249999998974,0.0252812499999842,0.029718749999981427,0.025012499999984367,0.035531249999977796,0.19452499999987843,0.18426874999988482,0.1846562499998846,0.4137124999997414,0.44342499999972285,0.37259374999976713,0.20809374999986993,0.2017749999998739,0.21037499999986853,0.05718124999996426,0.053124999999966796,0.0630437499999606,0.024206249999984872,0.02302499999998561,0.029681249999981448,0.023649999999985218,0.023318749999985424,0.030918749999980677,0.02615624999998365,0.023399999999985373,0.03604999999997747
tag.txt,0.007581249999995262,0.007531249999995293,0.013224999999991735,0.017899999999988814,0.019037499999988102,0.029812499999981368,0.03186249999998009,0.028487499999982194,0.039274999999975455,0.19349999999987907,0.18235624999988603,0.1788812499998882,0.39397499999975377,0.41846249999973845,0.34631249999978353,0.21625624999986484,0.20790624999987006,0.21548124999986532,0.05975624999996265,0.054912499999965676,0.06633124999995854,0.02537499999998414,0.024343749999984784,0.03173124999998017,0.0276812499999827,0.03105624999998059,0.04008124999997495,0.02611249999998368,0.025906249999983807,0.03886874999997571
tag.txt,0.01329374999999169,0.011824999999992609,0.014474999999990953,0.02519999999998425,0.023562499999985272,0.0299187499999813,0.04617499999997114,0.04204374999997372,0.04947499999996908,0.1966749999998771,0.1929437499998794,0.19145624999988034,0.35338124999977916,0.38042499999976226,0.3415999999997865,0.19764999999987648,0.19844999999987598,0.2020687499998737,0.06804374999995748,0.06283749999996073,0.06814999999995741,0.03345624999997909,0.029249999999981718,0.03237499999997977,0.02812499999998242,0.025062499999984337,0.028312499999982303,0.03799999999997625,0.033599999999979,0.042168749999973644
tag.txt,0.012231249999992356,0.011206249999992996,0.014356249999991027,0.023912499999985053,0.02225624999998609,0.02793749999998254,0.043806249999972624,0.04034999999997478,0.04938124999996914,0.19830624999987606,0.1931062499998793,0.18984999999988134,0.36326874999977293,0.38800624999975747,0.3518687499997801,0.19947499999987534,0.20058124999987464,0.20243749999987348,0.06533749999995916,0.06193749999996129,0.06764999999995772,0.03146874999998033,0.027756249999982652,0.03204999999997997,0.026424999999983483,0.02315624999998553,0.02574374999998391,0.035768749999977645,0.03164374999998022,0.0387249999999758
tag.txt,0.013474999999991579,0.012524999999992173,0.015593749999990254,0.024418749999984737,0.022568749999985895,0.02886249999998196,0.04484999999997197,0.042499999999973434,0.04905624999996934,0.19678749999987702,0.1934312499998791,0.19249999999987968,0.356862499999777,0.37813749999976365,0.33991874999978755,0.20142499999987412,0.19996874999987502,0.20343124999987286,0.06551874999995905,0.06326249999996046,0.06906874999995684,0.03301874999997936,0.02905624999998184,0.032774999999979515,0.02663749999998335,0.024631249999984606,0.02731249999998293,0.03700624999997687,0.0339187499999788,0.041481249999974074
tag.txt,0.013899999999991312,0.01354999999999153,0.01713749999998929,0.025931249999983794,0.024356249999984775,0.03171874999998017,0.04564999999997147,0.04273124999997329,0.050724999999968295,0.19434999999987854,0.1913437499998804,0.18694374999988317,0.3547499999997783,0.372874999999767,0.33026874999979355,0.20005624999987495,0.2012812499998742,0.203181249999873,0.06755624999995778,0.06358124999996026,0.07163749999995522,0.03229374999997982,0.029893749999981317,0.03428749999997857,0.027337499999982914,0.025668749999983958,0.029912499999981305,0.03817499999997614,0.0347187499999783,0.04418749999997238
tag.txt,0.020899999999986936,0.017931249999988793,0.01948749999998782,0.038243749999976095,0.0323187499999798,0.037206249999976744,0.05625624999996484,0.04916874999996927,0.056706249999964556,0.18219999999988612,0.18180624999988637,0.18257499999988588,0.2714062499998304,0.3084249999998072,0.2853312499998217,0.19858749999987588,0.2078374999998701,0.20540624999987162,0.08781249999994512,0.08039999999994975,0.08372499999994767,0.044649999999972094,0.03740624999997662,0.03982499999997511,0.04185624999997384,0.03518749999997801,0.036774999999977014,0.058087499999963696,0.04951874999996905,0.0529624999999669
tag.txt,0.021099999999986813,0.018481249999988448,0.01988749999998757,0.03707499999997683,0.03239374999997975,0.03676874999997702,0.054581249999965886,0.04898124999996939,0.05660624999996462,0.18293749999988565,0.18356874999988526,0.1820937499998862,0.28209999999982366,0.3155187499998028,0.2930062499998169,0.2017437499998739,0.20668124999987084,0.2075187499998703,0.08502499999994687,0.07763749999995148,0.07946874999995034,0.04168124999997395,0.03528749999997795,0.03861249999997587,0.03768749999997645,0.03309999999997931,0.03467499999997833,0.05606874999996496,0.04834999999996978,0.0513624999999679
tag.txt,0.020056249999987466,0.018187499999988633,0.018993749999988128,0.03701874999997686,0.03241249999997974,0.036774999999977014,0.055074999999965575,0.04833749999996979,0.0563187499999648,0.18599999999988376,0.18388749999988507,0.18456249999988464,0.27700624999982687,0.30957499999980653,0.28758749999982025,0.19761249999987648,0.20600624999987124,0.204787499999872,0.08656874999994589,0.08054374999994966,0.08231249999994855,0.043368749999972894,0.03714999999997678,0.039106249999975556,0.040118749999974924,0.035018749999978116,0.03705624999997684,0.05717499999996427,0.04888124999996945,0.052499999999967184
tag.txt,0.020968749999986894,0.01862499999998836,0.020199999999987374,0.03667499999997708,0.03317499999997926,0.03734374999997666,0.056181249999964884,0.05111874999996805,0.05817499999996364,0.1862312499998836,0.18283749999988572,0.18070624999988705,0.2790437499998256,0.30838124999980726,0.28744999999982035,0.19831874999987606,0.20956249999986903,0.20748124999987033,0.0854499999999466,0.07916874999995052,0.08183124999994885,0.04266249999997333,0.03641874999997724,0.04008749999997494,0.03924999999997547,0.033299999999979187,0.03473124999997829,0.05521874999996549,0.04741249999997037,0.0519937499999675
tag.txt,0.014437499999990977,0.013099999999991813,0.015849999999990094,0.028906249999981933,0.026199999999983625,0.03369374999997894,0.046624999999970856,0.04317499999997301,0.05134374999996791,0.18506874999988432,0.1843374999998848,0.18098124999988688,0.34180624999978637,0.36388124999977256,0.33176874999979267,0.2085062499998697,0.21226874999986733,0.2100749999998687,0.07245624999995472,0.06731874999995792,0.07156874999995527,0.033724999999978925,0.028993749999981878,0.034231249999978605,0.028199999999982375,0.024937499999984413,0.028187499999982383,0.04026874999997483,0.035787499999977636,0.04229999999997356
tag.txt,0.01305624999999184,0.01100624999999312,0.014037499999991227,0.02750624999998281,0.02465624999998459,0.032087499999979945,0.043881249999972574,0.04119374999997425,0.048343749999969786,0.18551249999988406,0.18170624999988644,0.18089374999988694,0.35014374999978115,0.37926249999976297,0.34391249999978507,0.20596249999987126,0.20882499999986948,0.2070562499998706,0.07026874999995608,0.06613749999995866,0.06949999999995657,0.03429999999997856,0.02782499999998261,0.034737499999978286,0.029506249999981558,0.02581874999998386,0.028437499999982227,0.039862499999975085,0.03356874999997902,0.04099374999997438
tag.txt,0.014156249999991152,0.01271874999999205,0.01526249999999046,0.028437499999982227,0.025612499999983992,0.03283749999997947,0.04536249999997165,0.04196874999997377,0.049874999999968826,0.18519374999988425,0.18615624999988364,0.18404374999988496,0.33749374999978904,0.35706249999977685,0.3267562499997958,0.21204999999986746,0.21772499999986392,0.2121624999998674,0.07339374999995413,0.06802499999995748,0.07333124999995416,0.03294374999997941,0.0286374999999821,0.03434999999997853,0.02951874999998155,0.025474999999984076,0.02859374999998213,0.04144999999997409,0.036618749999977114,0.04278749999997326
tag.txt,0.014706249999990808,0.013781249999991387,0.016731249999989543,0.029493749999981566,0.027574999999982766,0.034993749999978126,0.04691874999997068,0.044749999999972034,0.05283124999996698,0.1870374999998831,0.18489999999988443,0.179231249999888,0.3431562499997855,0.3612687499997742,0.3273499999997954,0.20508124999987182,0.20717499999987052,0.2056249999998715,0.07193749999995504,0.06882499999995699,0.07339999999995413,0.03419374999997863,0.030293749999981065,0.03587499999997758,0.027574999999982766,0.025156249999984278,0.02914999999998178,0.03989999999997506,0.036274999999977325,0.04481249999997199
tag.txt,0.013081249999991823,0.012306249999992308,0.018443749999988473,0.025624999999983984,0.02526249999998421,0.035506249999977806,0.043737499999972666,0.04051874999997467,0.05053749999996841,0.19399999999987874,0.18884374999988196,0.179231249999888,0.3627624999997733,0.38124374999976174,0.3204062499997997,0.20121249999987423,0.19962499999987524,0.20459374999987212,0.06474999999995953,0.05891249999996318,0.06951874999995655,0.031093749999980567,0.029962499999981275,0.036531249999977165,0.02521874999998424,0.025531249999984042,0.033387499999979135,0.038518749999975926,0.03779374999997638,0.051843749999967596
tag.txt,0.01508749999999057,0.01356874999999152,0.021493749999986565,0.027031249999983107,0.02764999999998272,0.03957499999997527,0.04571249999997143,0.043012499999973114,0.05300624999996687,0.1963374999998773,0.1881812499998824,0.17569374999989018,0.3460999999997837,0.36569999999977143,0.2989874999998131,0.20186874999987384,0.2036374999998727,0.20488124999987195,0.0668749999999582,0.06071874999996205,0.07405624999995371,0.033206249999979245,0.031206249999980496,0.039431249999975354,0.026306249999983558,0.026612499999983368,0.03558124999997776,0.04147499999997408,0.03971249999997518,0.05729374999996419
tag.txt,0.013662499999991461,0.013212499999991741,0.020193749999987378,0.026862499999983212,0.027256249999982964,0.03921249999997549,0.044549999999972154,0.04212499999997367,0.05109374999996807,0.19366874999987896,0.18696249999988315,0.17536874999989038,0.3538124999997789,0.36939999999976914,0.3047749999998095,0.20374999999987264,0.2007812499998745,0.2044874999998722,0.06498749999995938,0.06182499999996136,0.07290624999995443,0.032681249999979574,0.03178749999998013,0.039274999999975455,0.02611249999998368,0.026662499999983335,0.03660624999997712,0.03991249999997505,0.03998749999997501,0.05608124999996495
tag.txt,0.01356874999999152,0.01382499999999136,0.024218749999984863,0.024937499999984413,0.028018749999982488,0.04436874999997227,0.040887499999974444,0.04046249999997471,0.051143749999968034,0.19481874999987825,0.18310624999988556,0.16413124999989742,0.3426624999997858,0.35431249999977854,0.27318124999982923,0.21356874999986653,0.20491249999987193,0.20069374999987458,0.06444999999995972,0.06078749999996201,0.07598124999995251,0.03270624999997956,0.03393124999997879,0.045593749999971504,0.031912499999980054,0.0374437499999766,0.05434374999996604,0.040487499999974697,0.043199999999973,0.06634374999995854
tag.txt,0.01654374999998966,0.015337499999990414,0.020799999999987,0.031093749999980567,0.030762499999980774,0.03949999999997531,0.04904374999996935,0.04617499999997114,0.05498749999996563,0.19197499999988002,0.18838124999988226,0.17884374999988822,0.33784374999978883,0.3528124999997795,0.3019374999998113,0.19877499999987577,0.2033937499998729,0.20484999999987197,0.06948124999995657,0.0649687499999594,0.07548749999995281,0.0348749999999782,0.03195624999998003,0.038412499999975994,0.026631249999983356,0.024837499999984476,0.030706249999980808,0.043737499999972666,0.04137499999997414,0.05447499999996595
tag.txt,0.013962499999991274,0.014587499999990882,0.022706249999985807,0.029912499999981305,0.029274999999981705,0.04254374999997341,0.04476874999997202,0.0420749999999737,0.051656249999967714,0.19500624999987812,0.18649374999988344,0.1707374999998933,0.3556749999997777,0.36760624999977026,0.29739999999981415,0.19444999999987847,0.19896874999987565,0.20139374999987414,0.06640624999995849,0.06294999999996066,0.07877499999995076,0.03417499999997864,0.0321499999999799,0.0412812499999742,0.02521874999998424,0.02518124999998426,0.033874999999978825,0.04042499999997473,0.040712499999974554,0.05963124999996273
tag.txt,0.013462499999991585,0.014149999999991156,0.022937499999985664,0.028681249999982075,0.0292812499999817,0.04299374999997313,0.04408124999997245,0.04190624999997381,0.052437499999967226,0.19536874999987788,0.188806249999882,0.17156874999989277,0.35190624999978004,0.36076874999977454,0.28618124999982114,0.20102499999987436,0.20188749999987382,0.2039874999998725,0.06610624999995868,0.06328124999996045,0.0785687499999509,0.033106249999979305,0.03248749999997969,0.04161249999997399,0.026268749999983583,0.02748749999998282,0.03869374999997582,0.039993749999975,0.039943749999975034,0.06101874999996186
tag.txt,0.013299999999991688,0.01697499999998939,0.02734374999998291,0.027118749999983052,0.03124374999998047,0.04796874999997002,0.04215624999997365,0.040212499999974866,0.048774999999969516,0.18759999999988275,0.17486874999989072,0.15241249999990475,0.3409062499997869,0.3396874999997877,0.25559999999984023,0.20772499999987018,0.20393749999987254,0.198381249999876,0.06476874999995952,0.06458124999995964,0.08214374999994865,0.03724374999997672,0.03938749999997538,0.05213749999996741,0.038856249999975716,0.04596874999997127,0.0631937499999605,0.0403249999999748,0.04313749999997304,0.07204374999995497
tag.txt,0.01457499999999089,0.013168749999991769,0.017306249999989184,0.02804374999998247,0.026093749999983692,0.0332749999999792,0.04762499999997023,0.043643749999972725,0.05319999999996675,0.1988812499998757,0.19698124999987687,0.1915374999998803,0.3427187499997858,0.36649999999977095,0.3217812499997989,0.19668124999987707,0.19835624999987603,0.20296874999987313,0.07083749999995573,0.06388749999996007,0.0705624999999559,0.03325624999997921,0.029499999999981562,0.03473124999997829,0.027362499999982897,0.025143749999984286,0.028537499999982164,0.04001874999997499,0.03672499999997705,0.046099999999971185
tag.txt,0.014837499999990726,0.01288124999999195,0.016899999999989437,0.027124999999983048,0.025662499999983962,0.03229999999997981,0.04856249999996965,0.04385624999997259,0.053993749999966256,0.20056249999987466,0.1965124999998772,0.19380624999987886,0.3387499999997883,0.3688499999997695,0.3205937499997996,0.2001562499998749,0.20073124999987454,0.20563124999987148,0.0707249999999558,0.06310624999996056,0.07113124999995554,0.03257499999997964,0.029274999999981705,0.03357499999997902,0.027162499999983023,0.024087499999984944,0.02747499999998283,0.039543749999975286,0.0350374999999781,0.04459374999997213
tag.txt,0.015099999999990562,0.013493749999991566,0.017093749999989315,0.028199999999982375,0.026524999999983423,0.033187499999979254,0.049174999999969264,0.04460624999997212,0.054137499999966164,0.19828124999987606,0.1963312499998773,0.19204999999987996,0.33859374999978836,0.36442499999977224,0.3209937499997994,0.19813124999987616,0.1985249999998759,0.2019187499998738,0.0721499999999549,0.0643124999999598,0.07141874999995536,0.033012499999979364,0.03034999999998103,0.0342437499999786,0.027074999999983078,0.02500624999998437,0.028774999999982016,0.04028124999997482,0.03642499999997723,0.046181249999971134
tag.txt,0.01628749999998982,0.015831249999990107,0.020868749999986957,0.02919999999998175,0.029124999999981797,0.03801249999997624,0.04915624999996928,0.045768749999971395,0.055174999999965516,0.1982124999998761,0.19237499999987975,0.18434999999988477,0.32612499999979616,0.34413749999978493,0.2952187499998155,0.20124999999987422,0.20148124999987407,0.20213749999987365,0.07213749999995492,0.0675312499999578,0.0756999999999527,0.03493749999997817,0.03351874999997905,0.039962499999975025,0.029681249999981448,0.029506249999981558,0.035506249999977806,0.043012499999973114,0.040724999999974545,0.05306874999996683
tag.txt,0.007299999999995438,0.007931249999995043,0.015587499999990258,0.02033749999998729,0.02098749999998688,0.03289999999997944,0.034312499999978555,0.03094374999998066,0.041587499999974006,0.18625624999988358,0.17845624999988846,0.17110624999989305,0.4107687499997433,0.4242874999997348,0.34006249999978744,0.2086312499998696,0.2094249999998691,0.2164999999998647,0.05672499999996455,0.05401249999996624,0.06878749999995701,0.02651249999998343,0.024806249999984497,0.0347124999999783,0.021337499999986662,0.021356249999986653,0.030999999999980626,0.027818749999982614,0.027793749999982627,0.04775624999997015
tag.txt,0.006468749999995957,0.00763124999999523,0.01671874999998955,0.020024999999987483,0.021656249999986464,0.03496249999997815,0.031143749999980534,0.02963124999998148,0.04057499999997464,0.18339999999988538,0.17033124999989355,0.16133124999989917,0.42003124999973745,0.4283062499997323,0.3358249999997901,0.20756874999987027,0.2103812499998685,0.21574374999986515,0.05504999999996559,0.0534312499999666,0.06963749999995647,0.027781249999982636,0.025318749999984177,0.03742499999997661,0.021862499999986337,0.02473749999998454,0.03633124999997729,0.02666874999998333,0.02857499999998214,0.05144999999996784
tag.txt,0.008087499999994946,0.009643749999993973,0.01785624999998884,0.021906249999986308,0.02302499999998561,0.03701874999997686,0.033893749999978816,0.03302499999997936,0.04470624999997206,0.18485624999988445,0.174399999999891,0.163193749999898,0.3953187499997529,0.40359374999974773,0.31825624999980107,0.21400624999986625,0.21578749999986513,0.2168249999998645,0.05862499999996336,0.056449999999964716,0.0724749999999547,0.028187499999982383,0.027024999999983108,0.038506249999975935,0.025462499999984085,0.026856249999983213,0.039287499999975446,0.029656249999981465,0.030193749999981128,0.05187499999996758
tag.txt,0.007537499999995289,0.010024999999993735,0.01966249999998771,0.019549999999987782,0.02234999999998603,0.03982499999997511,0.03257499999997964,0.030749999999980782,0.04118749999997426,0.18108749999988683,0.16919374999989426,0.15459999999990337,0.39435624999975355,0.39751874999975156,0.30308749999981055,0.2178999999998638,0.2195249999998628,0.21723749999986422,0.0577624999999639,0.057218749999964236,0.07300624999995436,0.028999999999981874,0.028406249999982244,0.04206249999997371,0.0328062499999795,0.03538124999997789,0.05258124999996713,0.02742499999998286,0.02963124999998148,0.05674999999996453
tag.txt,0.015581249999990261,0.013087499999991821,0.014874999999990703,0.03297499999997939,0.02662499999998336,0.03221874999997986,0.04916874999996927,0.04187499999997383,0.05062499999996836,0.1918312499998801,0.19112499999988056,0.19528124999987795,0.28644999999982096,0.3253062499997967,0.2986937499998133,0.20117499999987426,0.212781249999867,0.20581249999987136,0.08617499999994614,0.07794999999995128,0.08118749999994926,0.042181249999973636,0.03453749999997841,0.03812499999997617,0.04179374999997388,0.03511874999997805,0.03614999999997741,0.05266874999996708,0.041593749999974006,0.047031249999970604
tag.txt,0.013574999999991516,0.011468749999992832,0.01382499999999136,0.02766249999998271,0.023574999999985264,0.029881249999981326,0.04563124999997148,0.03913749999997554,0.04872499999996955,0.19688124999987694,0.19531874999987792,0.19626874999987734,0.31684374999980197,0.3472874999997829,0.31593124999980254,0.20228124999987357,0.21099374999986814,0.2055812499998715,0.07604999999995248,0.07222499999995485,0.0745624999999534,0.03728749999997669,0.031399999999980374,0.036362499999977274,0.03851249999997593,0.032106249999979936,0.035168749999978016,0.045274999999971706,0.0364874999999772,0.04369374999997269
tag.txt,0.015112499999990555,0.012724999999992046,0.014837499999990726,0.0324812499999797,0.02636874999998352,0.03189999999998006,0.048743749999969534,0.04121249999997424,0.04922499999996923,0.19356874999987903,0.19377499999987888,0.1974187499998766,0.29044999999981846,0.3271687499997955,0.30070624999981205,0.2004812499998747,0.20905624999986933,0.20459374999987212,0.08539374999994663,0.078412499999951,0.0790312499999506,0.040649999999974595,0.03484999999997822,0.03869374999997582,0.041499999999974065,0.034643749999978345,0.03613124999997742,0.05161874999996774,0.04178749999997388,0.047462499999970334
tag.txt,0.014931249999990667,0.012874999999991954,0.015212499999990492,0.030393749999981005,0.02556874999998402,0.0315187499999803,0.04676249999997077,0.040643749999974596,0.05016249999996865,0.19108749999988056,0.19131249999988043,0.19384999999987884,0.3113687499998054,0.33726874999978923,0.3092312499998067,0.20337499999987288,0.21308124999986683,0.2024187499998735,0.07726249999995172,0.07420624999995362,0.07721249999995174,0.03813124999997617,0.03306249999997934,0.03831249999997605,0.03954999999997528,0.033012499999979364,0.03660624999997712,0.047137499999970536,0.03896874999997564,0.04547499999997158
tag.txt,0.012043749999992472,0.00948749999999407,0.011331249999992918,0.02724999999998297,0.022024999999986233,0.029112499999981806,0.04178749999997388,0.035849999999977594,0.042956249999973155,0.1830312499998856,0.1842999999998848,0.1835187499998853,0.34381249999978514,0.3756749999997652,0.35497499999977816,0.20581249999987136,0.2116999999998677,0.2062374999998711,0.07251249999995468,0.0699187499999563,0.06853749999995716,0.03665624999997709,0.029924999999981296,0.03479374999997825,0.0347124999999783,0.028781249999982012,0.030818749999980737,0.04238124999997351,0.03233749999997979,0.037718749999976424
tag.txt,0.012093749999992442,0.009731249999993918,0.011043749999993097,0.027337499999982914,0.022324999999986047,0.02947499999998158,0.041237499999974225,0.035074999999978075,0.04154999999997403,0.18104999999988683,0.18024999999988733,0.1785687499998884,0.35106249999978056,0.38733124999975793,0.3691687499997693,0.20617499999987113,0.20948749999986907,0.2054374999998716,0.07101249999995561,0.06642499999995849,0.06609999999995869,0.03605624999997747,0.029956249999981276,0.033374999999979144,0.03383749999997885,0.02788749999998257,0.029399999999981625,0.040137499999974915,0.03153124999998029,0.03588124999997758
tag.txt,0.013724999999991421,0.011431249999992855,0.013337499999991663,0.03106874999998058,0.02523124999998423,0.032187499999979885,0.04588124999997133,0.03985624999997509,0.04663749999997085,0.18418749999988487,0.187199999999883,0.18440624999988475,0.3209812499997994,0.3524562499997797,0.334424999999791,0.20054374999987465,0.2067374999998708,0.1996749999998752,0.0775937499999515,0.07366874999995396,0.07446874999995345,0.04059374999997463,0.033481249999979076,0.03860624999997587,0.038156249999976154,0.03248749999997969,0.033818749999978866,0.04726874999997046,0.03744999999997659,0.042437499999973476
tag.txt,0.011824999999992609,0.010037499999993727,0.011324999999992922,0.025356249999984152,0.022299999999986064,0.029156249999981777,0.03955624999997528,0.03598749999997751,0.042537499999973416,0.1814749999998866,0.17931249999988794,0.1783812499998885,0.369631249999769,0.3966312499997521,0.3767937499997645,0.20589999999987132,0.20823124999986986,0.20123749999987423,0.06684374999995822,0.06398749999996,0.06404999999995997,0.0334312499999791,0.02859374999998213,0.03313749999997929,0.0295999999999815,0.024849999999984468,0.02808124999998245,0.03638124999997726,0.030068749999981208,0.03529999999997794
tag.txt,0.006968749999995644,0.005799999999996375,0.009418749999994112,0.016768749999989518,0.015037499999990602,0.021287499999986696,0.03146249999998033,0.027093749999983065,0.03656874999997715,0.1994874999998753,0.19458749999987837,0.1959562499998775,0.4132812499997417,0.43976249999972516,0.3864312499997585,0.2089937499998694,0.21010624999986868,0.2153874999998654,0.05556874999996527,0.04938124999996914,0.060312499999962306,0.021637499999986477,0.01940624999998787,0.02333124999998542,0.019637499999987727,0.016474999999989703,0.020149999999987407,0.02619374999998363,0.02234999999998603,0.031156249999980526
tag.txt,0.006874999999995703,0.006206249999996121,0.011799999999992625,0.017206249999989248,0.0163187499999898,0.02556874999998402,0.031237499999980475,0.027443749999982846,0.03796874999997627,0.20537499999987163,0.19829999999987608,0.19204374999987997,0.40736874999974537,0.42918749999973177,0.36385624999977256,0.20882499999986948,0.21114374999986804,0.21673749999986452,0.05563749999996523,0.05051249999996843,0.06410624999995994,0.022987499999985634,0.01987499999998758,0.02709999999998306,0.018537499999988414,0.01649374999998969,0.02259374999998588,0.02594999999998378,0.024518749999984674,0.03822499999997611
tag.txt,0.006124999999996172,0.006437499999995977,0.012118749999992426,0.01673749999998954,0.016774999999989517,0.027093749999983065,0.02921874999998174,0.026137499999983663,0.03596874999997752,0.2012999999998742,0.1926437499998796,0.18711874999988304,0.4136249999997415,0.4340437499997287,0.3640124999997725,0.2119999999998675,0.20826874999986983,0.21493749999986567,0.05595624999996503,0.05006249999996871,0.0644749999999597,0.022031249999986232,0.021849999999986342,0.02918749999998176,0.018693749999988317,0.01884999999998822,0.026874999999983204,0.024312499999984805,0.024931249999984417,0.03821249999997612
tag.txt,0.007618749999995238,0.007187499999995507,0.012293749999992316,0.01854374999998841,0.017387499999989134,0.026781249999983263,0.03137499999998039,0.028468749999982206,0.04071874999997455,0.20440624999987225,0.19764999999987648,0.19318124999987926,0.3961624999997524,0.41556874999974025,0.3497499999997814,0.2148624999998657,0.21748124999986407,0.2216062499998615,0.05954999999996278,0.0534374999999666,0.06728124999995795,0.022599999999985874,0.020324999999987298,0.027643749999982724,0.01794999999998878,0.016756249999989526,0.023337499999985415,0.026931249999983167,0.025737499999983916,0.03740624999997662
tag.txt,0.009737499999993914,0.006931249999995668,0.00916874999999427,0.024074999999984952,0.017912499999988805,0.02505624999998434,0.03652499999997717,0.029381249999981637,0.03756874999997652,0.18731249999988292,0.18490624999988442,0.18709374999988307,0.3625187499997734,0.4061874999997461,0.3762562499997648,0.20711874999987054,0.21463124999986585,0.20796249999987002,0.07108124999995558,0.06339374999996038,0.06644374999995847,0.033624999999978984,0.025412499999984118,0.030962499999980648,0.031143749999980534,0.02476874999998452,0.026887499999983196,0.03686249999997696,0.026474999999983453,0.032599999999979624
tag.txt,0.009324999999994171,0.006649999999995844,0.008731249999994544,0.023606249999985247,0.01833749999998854,0.025049999999984345,0.03641874999997724,0.029112499999981806,0.036274999999977325,0.1844812499998847,0.18018124999988738,0.18394999999988504,0.36634374999977104,0.4178499999997388,0.38949374999975656,0.20860624999986963,0.20901874999986936,0.2043312499998723,0.07033124999995605,0.06156874999996152,0.06383124999996011,0.03403124999997873,0.026568749999983394,0.030981249999980635,0.030499999999980938,0.02456249999998465,0.026362499999983524,0.036356249999977275,0.026149999999983655,0.030993749999980627
tag.txt,0.009474999999994078,0.00694374999999566,0.009299999999994188,0.02297499999998564,0.018212499999988616,0.025099999999984312,0.0372812499999767,0.029893749999981317,0.03697499999997689,0.18662499999988336,0.18436249999988477,0.18753749999988278,0.3678749999997701,0.4087374999997445,0.3795312499997628,0.20768749999987018,0.21031874999986855,0.2055999999998715,0.07015624999995615,0.0649562499999594,0.06676249999995827,0.03262499999997961,0.026643749999983347,0.031031249999980606,0.029699999999981436,0.023606249999985247,0.025787499999983882,0.03559999999997775,0.026324999999983546,0.03237499999997977
tag.txt,0.009074999999994329,0.007112499999995555,0.009162499999994274,0.023418749999985364,0.018981249999988136,0.024987499999984383,0.03675624999997703,0.029162499999981772,0.03682499999997699,0.18360624999988526,0.1822374999998861,0.18373749999988517,0.3747249999997658,0.4121187499997424,0.38618749999975865,0.20940624999986912,0.2145562499998659,0.2091312499998693,0.06808749999995745,0.061924999999961296,0.06390624999996006,0.03195624999998003,0.02585624999998384,0.030343749999981035,0.028899999999981937,0.022937499999985664,0.025174999999984266,0.034068749999978706,0.025112499999984304,0.03054374999998091
tag.txt,0.011606249999992746,0.008299999999994813,0.010262499999993586,0.025918749999983802,0.019818749999987614,0.024418749999984737,0.04146249999997408,0.031831249999980105,0.04011249999997493,0.19059374999988088,0.1843249999998848,0.19548749999987783,0.33251249999979215,0.390418749999756,0.3561249999997774,0.21220624999986737,0.215956249999865,0.21241249999986725,0.07581249999995261,0.06529999999995918,0.06889374999995694,0.0340812499999787,0.027524999999982796,0.02982499999998136,0.033968749999978766,0.02606249999998371,0.02798749999998251,0.041837499999973854,0.03046249999998096,0.03447499999997845
tag.txt,0.009749999999993906,0.0074374999999953515,0.009493749999994066,0.02243124999998598,0.01723124999998923,0.022199999999986123,0.038068749999976205,0.029081249999981823,0.03769999999997644,0.1948499999998782,0.1908749999998807,0.20059374999987462,0.3622687499997736,0.41271874999974206,0.37291874999976693,0.20740624999987037,0.20777499999987015,0.2086374999998696,0.06961249999995649,0.061331249999961666,0.06473124999995954,0.03091249999998068,0.02449374999998469,0.027943749999982535,0.029381249999981637,0.023543749999985285,0.025299999999984186,0.03531874999997792,0.025512499999984055,0.03048124999998095
tag.txt,0.011556249999992777,0.008581249999994637,0.010462499999993461,0.025618749999983988,0.018968749999988144,0.024868749999984455,0.04154999999997403,0.03187499999998008,0.041418749999974115,0.19008124999988119,0.187218749999883,0.19498749999987813,0.33481249999979074,0.387156249999758,0.3497624999997814,0.21143749999986786,0.2142499999998661,0.21321874999986673,0.07699374999995189,0.06732499999995792,0.07019999999995613,0.03342499999997911,0.02766249999998271,0.030331249999981044,0.03349374999997907,0.02628749999998357,0.028137499999982413,0.04103124999997435,0.03067499999998083,0.036612499999977115
tag.txt,0.011331249999992918,0.00923124999999423,0.011318749999992926,0.025768749999983895,0.020599999999987125,0.02599999999998375,0.04134999999997416,0.03382499999997886,0.04385624999997259,0.19558124999987775,0.19146874999988034,0.19443124999987849,0.3421999999997861,0.3819874999997613,0.34838124999978226,0.20567499999987146,0.2116749999998677,0.21064374999986835,0.07396874999995377,0.06641249999995849,0.07068124999995583,0.03384374999997885,0.027656249999982715,0.030549999999980905,0.031837499999980104,0.026306249999983558,0.02803124999998248,0.03844374999997597,0.030837499999980728,0.036106249999977434
tag.txt,0.005031249999996855,0.003318749999997926,0.006312499999996055,0.014012499999991242,0.010893749999993192,0.016562499999989648,0.02588749999998382,0.018762499999988275,0.028868749999981957,0.19863124999987586,0.1884812499998822,0.19721874999987674,0.4164749999997397,0.46329999999971044,0.40775624999974514,0.2254499999998591,0.2237999999998601,0.22474374999985952,0.053556249999966526,0.04485624999997197,0.054818749999965735,0.02034999999998728,0.015543749999990286,0.020887499999986944,0.018018749999988738,0.01406249999999121,0.017799999999988873,0.022587499999985883,0.016981249999989387,0.025031249999984354
tag.txt,0.005006249999996871,0.0037687499999976446,0.008074999999994953,0.01433749999999104,0.011649999999992718,0.01876874999998827,0.026087499999983697,0.02017499999998739,0.03134374999998041,0.20135624999987414,0.1929437499998794,0.1953874999998779,0.41603124999974,0.45444999999971597,0.3932562499997542,0.22421249999985987,0.22441249999985974,0.22584374999985884,0.05494999999996566,0.04648124999997095,0.05863124999996336,0.019699999999987686,0.015337499999990414,0.02214374999998616,0.016324999999989796,0.013174999999991766,0.01851249999998843,0.021993749999986253,0.017606249999988995,0.028037499999982476
tag.txt,0.004162499999997398,0.0036374999999977268,0.008706249999994559,0.013062499999991836,0.010818749999993238,0.020643749999987096,0.023368749999985394,0.01740624999998912,0.028056249999982463,0.2011499999998743,0.19237499999987975,0.19112499999988056,0.42805624999973246,0.46086249999971196,0.3924749999997547,0.22326874999986046,0.22233124999986104,0.2257874999998589,0.05078749999996826,0.044487499999972195,0.059012499999963115,0.018668749999988334,0.015987499999990006,0.02353749999998529,0.01688124999998945,0.014412499999990992,0.02086249999998696,0.02059374999998713,0.01768124999998895,0.02979374999998138
tag.txt,0.005293749999996692,0.0042187499999973635,0.008537499999994664,0.014668749999990831,0.012243749999992348,0.02105624999998684,0.02609999999998369,0.02029999999998731,0.031931249999980045,0.19494999999987817,0.1883062499998823,0.18985624999988135,0.4178499999997388,0.45194374999971754,0.385606249999759,0.22854374999985716,0.22929999999985667,0.23174374999985517,0.0561624999999649,0.04779999999997012,0.060824999999961986,0.018899999999988187,0.014881249999990699,0.022156249999986152,0.015837499999990103,0.013168749999991769,0.019293749999987942,0.021693749999986443,0.017837499999988852,0.028993749999981878
tag.txt,0.009549999999994032,0.008331249999994792,0.010381249999993512,0.01990624999998756,0.01832499999998855,0.02251249999998593,0.035849999999977594,0.03243124999997973,0.04001249999997499,0.1934124999998791,0.18793124999988253,0.1942312499998786,0.39411874999975366,0.4237124999997352,0.38519374999975925,0.20799374999987,0.20631249999987106,0.20907499999986934,0.06171874999996142,0.055249999999965466,0.06086249999996196,0.025443749999984097,0.02259374999998588,0.02539374999998413,0.022118749999986177,0.01934374999998791,0.021962499999986274,0.02988749999998132,0.025768749999983895,0.030374999999981014
tag.txt,0.009224999999994234,0.007993749999995003,0.010012499999993742,0.019749999999987656,0.01735624999998915,0.022043749999986224,0.03565624999997771,0.032243749999979844,0.04068749999997457,0.19381249999987887,0.18941874999988162,0.19498749999987813,0.3916187499997552,0.4220812499997362,0.3822249999997611,0.21347499999986658,0.21189999999986756,0.21450624999986592,0.061581249999961514,0.054912499999965676,0.06085624999996196,0.024249999999984843,0.02174374999998641,0.02434999999998478,0.021912499999986304,0.018237499999988603,0.020456249999987214,0.02871874999998205,0.02411249999998493,0.02987499999998133
tag.txt,0.009387499999994133,0.008606249999994622,0.010631249999993356,0.019924999999987546,0.01870624999998831,0.022918749999985676,0.03580624999997762,0.032424999999979734,0.03941874999997536,0.19399374999987876,0.18873749999988204,0.19466249999987834,0.3947312499997533,0.4219562499997363,0.3828687499997607,0.20743749999987035,0.20546874999987158,0.21081249999986823,0.06105624999996184,0.05626874999996483,0.0612749999999617,0.02499374999998438,0.02291249999998568,0.025156249999984278,0.022462499999985962,0.01944374999998785,0.021587499999986506,0.03020624999998112,0.025474999999984076,0.030668749999980833
tag.txt,0.009774999999993891,0.008768749999994519,0.011512499999992805,0.021643749999986472,0.019699999999987686,0.025662499999983962,0.0364874999999772,0.033593749999979,0.04361249999997274,0.1942562499998786,0.19176874999988014,0.19219374999987987,0.37978749999976263,0.40121249999974923,0.3598624999997751,0.21396874999986626,0.21570624999986518,0.21772499999986392,0.06448749999995969,0.0595187499999628,0.06558749999995901,0.026056249999983714,0.022787499999985757,0.026981249999983137,0.021893749999986317,0.019093749999988065,0.022981249999985638,0.03164374999998022,0.027849999999982594,0.033881249999978824
tag.txt,0.007687499999995196,0.005649999999996469,0.008562499999994649,0.01934374999998791,0.014987499999990633,0.0212812499999867,0.032068749999979954,0.02534374999998416,0.0342437499999786,0.19250624999987967,0.18520624999988425,0.19235624999987977,0.38009999999976246,0.4278562499997326,0.3796812499997627,0.22342499999986035,0.22514374999985928,0.22429374999985982,0.06567499999995895,0.054837499999965726,0.06309999999996056,0.025731249999983916,0.020118749999987424,0.024506249999984683,0.023737499999985163,0.017974999999988764,0.022206249999986123,0.029724999999981423,0.022881249999985698,0.029768749999981393
tag.txt,0.006818749999995738,0.005099999999996813,0.00899374999999438,0.018093749999988692,0.014056249999991215,0.022356249999986026,0.030806249999980745,0.023112499999985554,0.033562499999979026,0.19557499999987776,0.1912249999998805,0.19388124999987882,0.3905624999997559,0.43130624999973044,0.3748499999997657,0.2204874999998622,0.22495624999985941,0.22281249999986075,0.06251874999996093,0.05159999999996775,0.0630374999999606,0.02486249999998446,0.019562499999987774,0.026537499999983415,0.022437499999985976,0.017512499999989054,0.022424999999985984,0.027837499999982602,0.02156874999998652,0.03154374999998028
tag.txt,0.007462499999995336,0.005649999999996469,0.009024999999994359,0.01859374999998838,0.015131249999990543,0.023624999999985234,0.03199374999998,0.02465624999998459,0.03548124999997782,0.1924687499998797,0.18669999999988332,0.19082499999988073,0.3812249999997617,0.4220687499997362,0.3671437499997705,0.22524999999985923,0.22667499999985832,0.22532499999985917,0.06464999999995959,0.056518749999964674,0.06580624999995888,0.02596874999998377,0.020668749999987083,0.026468749999983457,0.022987499999985634,0.018668749999988334,0.023974999999985015,0.029399999999981625,0.02326249999998546,0.032324999999979794
tag.txt,0.0056812499999964496,0.005574999999996516,0.010756249999993278,0.01593749999999004,0.014949999999990657,0.02513124999998429,0.02658749999998338,0.022374999999986017,0.03143749999998035,0.19253749999987965,0.1860749999998837,0.18376874999988516,0.4153062499997404,0.4382312499997261,0.3750624999997656,0.2241812499998599,0.22101249999986186,0.2184187499998635,0.05398749999996626,0.05086874999996821,0.06248124999996095,0.022418749999985988,0.020212499999987366,0.02833749999998229,0.020243749999987348,0.01944374999998785,0.029243749999981722,0.02311874999998555,0.021256249999986716,0.0353624999999779
tag.txt,0.010293749999993567,0.009518749999994051,0.011812499999992617,0.022999999999985626,0.021262499999986712,0.025031249999984354,0.03838749999997601,0.03538749999997788,0.04455624999997215,0.18874999999988204,0.18438749999988477,0.1879749999998825,0.37899374999976315,0.4054624999997466,0.3655874999997715,0.21154374999986778,0.20853124999986966,0.21368124999986646,0.06558124999995901,0.06070624999996206,0.06538124999995913,0.02748749999998282,0.024843749999984472,0.02777499999998264,0.02371249999998518,0.021018749999986864,0.02364374999998522,0.03224999999997984,0.02888124999998195,0.0345562499999784
tag.txt,0.010974999999993141,0.009812499999993868,0.012037499999992476,0.023124999999985546,0.021224999999986734,0.027718749999982674,0.04003124999997498,0.03667499999997708,0.046293749999971066,0.18972499999988143,0.18455624999988465,0.18787499999988258,0.3623999999997735,0.3923499999997548,0.35011249999978117,0.21795624999986377,0.21606874999986495,0.21757499999986402,0.0678312499999576,0.061299999999961684,0.06725624999995797,0.02865624999998209,0.026012499999983743,0.030018749999981238,0.024587499999984632,0.021606249999986497,0.024949999999984405,0.0347124999999783,0.030393749999981005,0.0361624999999774
tag.txt,0.01036874999999352,0.00934374999999416,0.011568749999992769,0.022962499999985647,0.02098749999998688,0.026537499999983415,0.03749999999997656,0.034743749999978285,0.04199999999997375,0.18888749999988194,0.1842999999998848,0.18978124999988139,0.3816624999997615,0.4072749999997454,0.36602499999977123,0.21026874999986858,0.20968124999986895,0.2138874999998663,0.0644749999999597,0.058668749999963334,0.06389374999996007,0.02786874999998258,0.024893749999984442,0.02774374999998266,0.023137499999985538,0.020806249999986995,0.023687499999985196,0.032868749999979456,0.029299999999981688,0.0348749999999782
tag.txt,0.009181249999994262,0.009331249999994167,0.012281249999992324,0.02169999999998644,0.020749999999987032,0.027618749999982737,0.03649374999997719,0.03399999999997875,0.043618749999972735,0.1937249999998789,0.190399999999881,0.18669999999988332,0.38499999999975937,0.39946874999975035,0.3553499999997779,0.212806249999867,0.21299999999986688,0.21912499999986304,0.06274999999996078,0.060393749999962255,0.06573124999995891,0.025756249999983903,0.023718749999985175,0.028249999999982345,0.02148749999998657,0.019787499999987634,0.02359999999998525,0.031099999999980563,0.02914999999998178,0.03772499999997642
tag.txt,0.011031249999993106,0.010306249999993558,0.012562499999992148,0.02454374999998466,0.022262499999986085,0.028537499999982164,0.0417624999999739,0.037649999999976466,0.04715624999997053,0.19922499999987547,0.1958312499998776,0.19443749999987847,0.34359374999978526,0.3675187499997703,0.3362749999997898,0.2150624999998656,0.21851249999986344,0.21446874999986595,0.07108124999995558,0.06596249999995878,0.0716624999999552,0.03065624999998084,0.026806249999983246,0.030724999999980795,0.027387499999982884,0.023824999999985108,0.027112499999983053,0.03565624999997771,0.031324999999980424,0.037062499999976836
tag.txt,0.010406249999993495,0.009262499999994211,0.011637499999992727,0.023718749999985175,0.021356249999986653,0.02854374999998216,0.04001874999997499,0.03652499999997717,0.044993749999971876,0.201606249999874,0.19950624999987532,0.19863749999987584,0.35425624999977856,0.37780624999976387,0.3438312499997851,0.21036874999986852,0.21305624999986683,0.21013749999986867,0.0676937499999577,0.06311249999996056,0.0692749999999567,0.03144999999998034,0.026999999999983124,0.0321499999999799,0.026212499999983617,0.02323124999998548,0.02538749999998413,0.03426874999997858,0.029143749999981785,0.03540624999997787
tag.txt,0.011412499999992868,0.010374999999993516,0.012981249999991886,0.024874999999984455,0.022199999999986123,0.028056249999982463,0.042424999999973484,0.038674999999975826,0.048406249999969744,0.19970624999987518,0.1969624999998769,0.19739999999987662,0.3433937499997854,0.3661374999997712,0.3332874999997917,0.21016874999986865,0.2161437499998649,0.21194374999986754,0.07173749999995517,0.06629999999995856,0.07095624999995565,0.03145624999998034,0.02684374999998322,0.03187499999998008,0.02776249999998265,0.02452499999998467,0.027274999999982952,0.037062499999976836,0.031837499999980104,0.037818749999976364
tag.txt,0.011312499999992929,0.011287499999992946,0.013287499999991695,0.024337499999984788,0.023593749999985255,0.030487499999980947,0.041837499999973854,0.0392062499999755,0.04908749999996932,0.19988749999987507,0.19915624999987552,0.1928062499998795,0.3603062499997748,0.37126249999976796,0.34104374999978687,0.20818749999986988,0.21024374999986858,0.20948124999986908,0.06606874999995871,0.06401249999995999,0.06850624999995718,0.02958124999998151,0.02723124999998298,0.03246874999997971,0.024299999999984813,0.02274999999998578,0.02531249999998418,0.03418124999997864,0.031256249999980466,0.03751874999997655
tag.txt,0.0040624999999974605,0.006643749999995847,0.01588749999999007,0.014774999999990766,0.017449999999989092,0.03564374999997772,0.02297499999998564,0.020262499999987336,0.03726249999997671,0.1865499999998834,0.16958124999989402,0.16121874999989924,0.44666874999972084,0.4531124999997168,0.3258687499997963,0.20711874999987054,0.2081499999998699,0.21699374999986437,0.05174374999996766,0.049018749999969365,0.07379999999995387,0.02524999999998422,0.025224999999984236,0.03997499999997502,0.0199999999999875,0.025399999999984126,0.040712499999974554,0.020856249999986965,0.025156249999984278,0.0526374999999671
tag.txt,0.0025749999999983906,0.00734374999999541,0.01803124999998873,0.012918749999991926,0.019587499999987757,0.0387187499999758,0.01788749999998882,0.016181249999989888,0.0337624999999789,0.1734374999998916,0.14873124999990706,0.14748124999990783,0.47233124999970477,0.46599999999970876,0.31289374999980446,0.20353749999987278,0.20244999999987348,0.21403749999986624,0.04608749999997119,0.04743124999997036,0.07404374999995372,0.026137499999983663,0.028599999999982126,0.046006249999971244,0.02556249999998402,0.0361624999999774,0.05442499999996599,0.019524999999987795,0.027512499999982804,0.06059999999996212
tag.txt,0.00385624999999759,0.008518749999994676,0.020937499999986914,0.013499999999991562,0.01883124999998823,0.04349374999997282,0.021156249999986776,0.01987499999998758,0.03703749999997685,0.17511249999989056,0.15795624999990127,0.14458749999990964,0.425618749999734,0.4198437499997376,0.26888749999983197,0.22077499999986203,0.21863749999986334,0.2145499999998659,0.052068749999967454,0.052862499999966964,0.07961249999995024,0.02828749999998232,0.030006249999981246,0.05178124999996764,0.03912499999997555,0.04818749999996988,0.07441249999995349,0.020499999999987188,0.0252812499999842,0.06469999999995957
tag.txt,0.0028874999999981953,0.008806249999994496,0.019637499999987727,0.011893749999992567,0.01911874999998805,0.03991249999997505,0.01753124999998904,0.017293749999989193,0.03054374999998091,0.16254999999989841,0.14003124999991248,0.13674374999991454,0.4412187499997242,0.4295999999997315,0.2891187499998193,0.2150624999998656,0.20904999999986934,0.20729999999987045,0.04727499999997045,0.050568749999968396,0.071987499999955,0.028712499999982054,0.03182499999998011,0.05283749999996697,0.0547187499999658,0.06774999999995765,0.09086249999994321,0.018149999999988658,0.025956249999983777,0.06105624999996184
tag.txt,0.008618749999994613,0.01057499999999339,0.021318749999986675,0.019031249999988106,0.025868749999983832,0.0422312499999736,0.031156249999980526,0.02958124999998151,0.03998749999997501,0.1884499999998822,0.16845624999989472,0.1574437499999016,0.38851874999975716,0.38979374999975636,0.2908499999998182,0.22066874999986208,0.2092812499998692,0.20514999999987177,0.0582374999999636,0.05548124999996532,0.07589999999995256,0.027849999999982594,0.032187499999979885,0.046281249999971075,0.02513749999998429,0.037906249999976306,0.0550437499999656,0.03233124999997979,0.04086874999997446,0.06579374999995888
tag.txt,0.0071999999999955,0.009756249999993902,0.02389999999998506,0.018474999999988452,0.026474999999983453,0.047562499999970274,0.030262499999981086,0.02834999999998228,0.04050624999997468,0.19240624999987974,0.17268749999989208,0.15221249999990485,0.3848562499997595,0.38106249999976183,0.26503124999983435,0.22403124999986,0.20994374999986878,0.20069374999987458,0.05969374999996269,0.05634999999996478,0.07974374999995015,0.028568749999982143,0.032349999999979784,0.051912499999967554,0.02476874999998452,0.0409499999999744,0.0633562499999604,0.029737499999981414,0.0420749999999737,0.07508124999995307
tag.txt,0.006818749999995738,0.009537499999994039,0.024362499999984775,0.016393749999989753,0.025674999999983954,0.049099999999969314,0.027618749999982737,0.026643749999983347,0.03946874999997533,0.18460624999988462,0.1657312499998964,0.14579374999990888,0.39122499999975546,0.39011874999975615,0.25798124999983874,0.228806249999857,0.20771249999987018,0.20130624999987418,0.0566437499999646,0.05476874999996577,0.0791937499999505,0.0295999999999815,0.03508749999997807,0.053956249999966274,0.02857499999998214,0.04551874999997155,0.07418749999995364,0.02971249999998143,0.0392062499999755,0.07464999999995334
tag.txt,0.006787499999995758,0.012062499999992461,0.028406249999982244,0.01704374999998935,0.030899999999980686,0.05401874999996624,0.02674999999998328,0.026312499999983554,0.03642499999997723,0.17834374999988853,0.15511874999990305,0.12922499999991924,0.3352812499997904,0.32258124999979837,0.20019374999987488,0.2482874999998448,0.21416874999986615,0.1902374999998811,0.06268124999996083,0.06103124999996185,0.08293124999994816,0.033899999999978815,0.042281249999973576,0.06549999999995906,0.06185624999996134,0.09185624999994259,0.12678124999992077,0.02906874999998183,0.04368749999997269,0.08628124999994607
tag.txt,0.0115187499999928,0.009574999999994015,0.013049999999991844,0.022193749999986127,0.019381249999987887,0.02633124999998354,0.04078124999997451,0.03682499999997699,0.04650624999997093,0.1966187499998771,0.18934999999988167,0.19043124999988098,0.36393749999977254,0.4006749999997496,0.35259999999977965,0.20754999999987028,0.20967499999986894,0.21446249999986597,0.06691874999995817,0.05985624999996259,0.06580624999995888,0.029699999999981436,0.0249562499999844,0.02902499999998186,0.02556874999998402,0.021218749999986738,0.024918749999984426,0.03521249999997799,0.028487499999982194,0.036868749999976955
tag.txt,0.011474999999992828,0.010268749999993582,0.014137499999991164,0.022418749999985988,0.02038124999998726,0.029418749999981612,0.04054374999997466,0.036456249999977215,0.047643749999970224,0.19699999999987688,0.1907499999998808,0.1881374999998824,0.36342499999977285,0.39516874999975304,0.33879374999978823,0.20758124999987027,0.2078187499998701,0.21271874999986706,0.06834374999995728,0.0612749999999617,0.06969999999995644,0.029962499999981275,0.026556249999983402,0.0326374999999796,0.025156249999984278,0.022074999999986203,0.026731249999983293,0.03409374999997869,0.029249999999981718,0.04008124999997495
tag.txt,0.010774999999993266,0.009674999999993952,0.013956249999991278,0.02204999999998622,0.019724999999987673,0.02886249999998196,0.040906249999974435,0.03481249999997824,0.04505624999997184,0.1940812499998787,0.1892874999998817,0.18698124999988314,0.37278124999976703,0.40411874999974745,0.3479124999997826,0.20540624999987162,0.2062749999998711,0.2113499999998679,0.06491874999995942,0.058774999999963266,0.06757499999995777,0.029893749999981317,0.026012499999983743,0.031112499999980555,0.024437499999984725,0.02102499999998686,0.026118749999983676,0.034749999999978284,0.030293749999981065,0.041074999999974326
tag.txt,0.01076874999999327,0.01033749999999354,0.016537499999989665,0.02264374999998585,0.021368749999986645,0.034399999999978496,0.03972499999997517,0.03511874999997805,0.04569374999997144,0.19496874999987815,0.1875437499998828,0.17866249999988834,0.36870624999976953,0.393581249999754,0.32569374999979644,0.2070437499998706,0.20707499999987058,0.20917499999986927,0.06659374999995837,0.059543749999962786,0.07306874999995433,0.029674999999981452,0.02743749999998285,0.03530624999997793,0.025368749999984144,0.025143749999984286,0.033037499999979354,0.034506249999978436,0.03284999999997947,0.048424999999969735
tag.txt,0.01607499999998995,0.014456249999990964,0.016693749999989568,0.03062499999998086,0.028906249999981933,0.03485624999997822,0.05053749999996841,0.04596874999997127,0.054218749999966113,0.1940874999998787,0.19353749999987904,0.19308124999987933,0.32544999999979657,0.3475312499997828,0.3144312499998035,0.2006249999998746,0.20444374999987222,0.20502499999987187,0.07436249999995352,0.06844999999995721,0.07434374999995354,0.035787499999977636,0.03163124999998023,0.03569374999997769,0.0294374999999816,0.0262374999999836,0.028343749999982286,0.043012499999973114,0.038837499999975725,0.04331249999997293
tag.txt,0.015962499999990023,0.01425624999999109,0.01658749999998963,0.03153749999998029,0.030137499999981165,0.03785624999997634,0.04973124999996892,0.04616249999997115,0.054406249999965996,0.1944124999998785,0.19319999999987925,0.1896187499998815,0.33033749999979356,0.3509374999997807,0.3176124999998015,0.19830624999987606,0.2020937499998737,0.20257499999987338,0.07193124999995504,0.06715624999995802,0.07209374999995494,0.036262499999977334,0.031924999999980046,0.03654374999997716,0.028856249999981966,0.025612499999983992,0.028212499999982366,0.04266249999997333,0.038518749999975926,0.044493749999972194
tag.txt,0.016606249999989622,0.01571249999999018,0.018012499999988742,0.03102499999998061,0.029256249999981714,0.0364874999999772,0.049449999999969095,0.04616874999997114,0.055093749999965566,0.19539374999987788,0.19401249999987874,0.19117499999988052,0.33031249999979356,0.34824374999978236,0.3105687499998059,0.20199374999987374,0.2044812499998722,0.2057562499998714,0.07044999999995596,0.06579999999995888,0.0740749999999537,0.03433749999997854,0.03139374999998038,0.034493749999978444,0.027881249999982573,0.025062499999984337,0.027756249999982652,0.04254999999997341,0.039868749999975084,0.04658124999997089
tag.txt,0.01747499999998908,0.01748749999998907,0.02238749999998601,0.034749999999978284,0.033381249999979136,0.04134374999997416,0.05187499999996758,0.04937499999996914,0.056868749999964455,0.1921749999998799,0.18981249999988137,0.18186249999988632,0.3266499999997958,0.3394749999997878,0.29737499999981415,0.19386874999987883,0.19808749999987618,0.19896249999987564,0.070393749999956,0.0675062499999578,0.07614999999995241,0.03769374999997644,0.034212499999978614,0.039606249999975245,0.02916874999998177,0.027318749999982926,0.031843749999980096,0.04594999999997128,0.04334374999997291,0.0535999999999665
tag.txt,0.01220624999999237,0.010618749999993363,0.013074999999991828,0.02278124999998576,0.022137499999986165,0.026743749999983284,0.04049999999997469,0.03683749999997698,0.04390624999997256,0.19239374999987977,0.18637499999988352,0.188774999999882,0.38072499999976206,0.4067187499997458,0.36680624999977074,0.1965124999998772,0.1966749999998771,0.20171249999987392,0.06361874999996024,0.05860624999996337,0.06444374999995972,0.029781249999981385,0.0273562499999829,0.030406249999980997,0.026418749999983487,0.023143749999985534,0.02620624999998362,0.03506249999997808,0.03153124999998029,0.0379249999999763
tag.txt,0.011368749999992895,0.010599999999993375,0.013956249999991278,0.022962499999985647,0.021799999999986375,0.027781249999982636,0.04004999999997497,0.03732499999997667,0.044068749999972456,0.19459374999987838,0.1891437499998818,0.19013124999988118,0.3831687499997605,0.4033499999997479,0.35890624999977566,0.19729999999987669,0.19900624999987562,0.20362499999987274,0.0615999999999615,0.05633124999996479,0.06276874999996077,0.02923124999998173,0.02740624999998287,0.03136874999998039,0.02502499999998436,0.02316874999998552,0.026968749999983145,0.03469999999997831,0.03186874999998008,0.04042499999997473
tag.txt,0.011643749999992722,0.010824999999993234,0.013799999999991375,0.02248124999998595,0.02166249999998646,0.027837499999982602,0.03989999999997506,0.036262499999977334,0.044481249999972196,0.19383749999987884,0.1886249999998821,0.18771249999988268,0.37944999999976287,0.4025499999997484,0.3570812499997768,0.20148124999987407,0.1982124999998761,0.20503749999987186,0.061143749999961784,0.058074999999963704,0.06444999999995972,0.029156249999981777,0.027493749999982817,0.031493749999980315,0.025206249999984245,0.02316874999998552,0.027281249999982948,0.03569999999997769,0.033124999999979296,0.040824999999974486
tag.txt,0.011718749999992676,0.011224999999992984,0.015324999999990421,0.02201249999998624,0.02193124999998629,0.028649999999982093,0.039356249999975404,0.03709374999997682,0.04526249999997171,0.19830624999987606,0.19175624999988014,0.1878437499998826,0.3763374999997648,0.39386874999975385,0.3480249999997825,0.20238749999987352,0.19864374999987586,0.20329999999987294,0.060981249999961885,0.05852499999996342,0.0651124999999593,0.029831249999981355,0.028918749999981924,0.033537499999979035,0.024693749999984565,0.02391874999998505,0.029831249999981355,0.03437499999997851,0.03411874999997867,0.043112499999973054
tag.txt,0.010949999999993156,0.009943749999993786,0.012093749999992442,0.02371249999998518,0.022074999999986203,0.027643749999982724,0.03946249999997534,0.03692499999997692,0.044793749999972,0.1943999999998785,0.18983124999988135,0.1902624999998811,0.38453749999975967,0.40458124999974715,0.3673749999997704,0.19499999999987813,0.20009374999987495,0.20391874999987256,0.0646374999999596,0.06027499999996233,0.06474999999995953,0.02985624999998134,0.025912499999983806,0.03065624999998084,0.02466874999998458,0.022243749999986098,0.02430624999998481,0.032774999999979515,0.028118749999982425,0.03419999999997862
tag.txt,0.010037499999993727,0.00894374999999441,0.01194999999999253,0.023956249999985028,0.021843749999986346,0.027831249999982606,0.03949999999997531,0.03569374999997769,0.04408749999997245,0.19304999999987935,0.18789374999988256,0.18699374999988314,0.3913687499997554,0.41493749999974067,0.377549999999764,0.19036249999988103,0.19515624999987802,0.19738124999987663,0.06278124999996076,0.058931249999963166,0.06290624999996068,0.030968749999980644,0.026687499999983322,0.03177499999998014,0.026068749999983706,0.022112499999986178,0.024843749999984472,0.03190624999998006,0.027799999999982623,0.03468124999997833
tag.txt,0.01036874999999352,0.009774999999993891,0.012824999999991985,0.022399999999986,0.021349999999986657,0.027462499999982837,0.03949374999997532,0.03667499999997708,0.04436874999997227,0.19558124999987775,0.190387499999881,0.1899187499998813,0.3884874999997572,0.4072124999997455,0.36805624999976994,0.19387499999987884,0.19763749999987648,0.20043749999987473,0.06292499999996067,0.05902499999996311,0.06635624999995852,0.030649999999980842,0.027256249999982964,0.030393749999981005,0.024568749999984645,0.02167499999998645,0.02436874999998477,0.03164999999998022,0.02900624999998187,0.03581249999997762
tag.txt,0.010068749999993708,0.010406249999993495,0.014274999999991078,0.023243749999985474,0.022906249999985685,0.030343749999981035,0.04034374999997478,0.03652499999997717,0.04521249999997174,0.1934124999998791,0.1880062499998825,0.18294374999988566,0.3891812499997568,0.4054312499997466,0.3579437499997763,0.19527499999987796,0.19703124999987687,0.20329374999987293,0.06156249999996152,0.059112499999963056,0.06739374999995788,0.030449999999980968,0.02806249999998246,0.03348749999997907,0.024756249999984527,0.022637499999985853,0.02601874999998374,0.03170624999998018,0.029881249999981326,0.03908749999997557
tag.txt,0.013424999999991609,0.010843749999993223,0.014231249999991105,0.023462499999985335,0.02083124999998698,0.02748749999998282,0.04358749999997276,0.03837499999997602,0.047137499999970536,0.20756249999987028,0.20504374999987185,0.20321249999987298,0.35046874999978095,0.38691874999975817,0.34392499999978504,0.20298749999987314,0.20299374999987313,0.20998124999986875,0.06623749999995861,0.05710624999996431,0.06350624999996031,0.030456249999980964,0.026006249999983747,0.02897499999998189,0.026362499999983524,0.022281249999986073,0.024537499999984665,0.035449999999977846,0.0295999999999815,0.03700624999997687
tag.txt,0.012231249999992356,0.010381249999993512,0.013837499999991352,0.022668749999985832,0.020906249999986932,0.02658749999998338,0.043793749999972625,0.03674999999997703,0.045431249999971605,0.20817499999986988,0.2044749999998722,0.20346249999987284,0.35860624999977586,0.3918124999997551,0.34738124999978287,0.20234374999987353,0.20236249999987352,0.2075187499998703,0.06361249999996024,0.05718124999996426,0.06470624999995955,0.029756249999981402,0.025699999999983937,0.029418749999981612,0.02533124999998417,0.021993749999986253,0.02488124999998445,0.033481249999979076,0.028437499999982227,0.036774999999977014
tag.txt,0.014024999999991234,0.011124999999993047,0.014268749999991082,0.023912499999985053,0.021081249999986826,0.02670624999998331,0.04532499999997167,0.04076249999997452,0.05014374999996866,0.20758749999987025,0.20406249999987247,0.20314999999987304,0.3462249999997836,0.38154374999976154,0.3401812499997874,0.20284999999987322,0.20316874999987303,0.20752499999987029,0.06660624999995837,0.05916874999996302,0.06549999999995906,0.031587499999980256,0.026756249999983276,0.02947499999998158,0.02572499999998392,0.022374999999986017,0.025306249999984185,0.0361562499999774,0.029956249999981276,0.03774374999997641
tag.txt,0.012693749999992066,0.011524999999992796,0.018181249999988637,0.022793749999985752,0.022381249999986013,0.031218749999980488,0.04093124999997442,0.037031249999976854,0.046218749999971116,0.21129374999986794,0.20345624999987283,0.19321249999987924,0.3560562499997775,0.3795499999997628,0.32645624999979594,0.20043749999987473,0.2014312499998741,0.20276249999987328,0.062349999999961034,0.056706249999964556,0.06871874999995706,0.031099999999980563,0.02846249999998221,0.03468749999997832,0.026556249999983402,0.026687499999983322,0.0324812499999797,0.035787499999977636,0.03276874999997952,0.04606249999997121
tag.txt,0.008381249999994761,0.005212499999996742,0.007862499999995085,0.020087499999987445,0.013181249999991762,0.019124999999988047,0.03624374999997735,0.022681249999985824,0.03308749999997932,0.19943124999987535,0.1929374999998794,0.201624999999874,0.37668124999976454,0.4532999999997167,0.398356249999751,0.20009999999987493,0.19366874999987896,0.20538749999987163,0.06547499999995908,0.0526437499999671,0.05705624999996434,0.030118749999981174,0.022793749999985752,0.025099999999984312,0.030074999999981204,0.02286249999998571,0.024162499999984897,0.03340624999997912,0.02071874999998705,0.028237499999982353
tag.txt,0.009587499999994007,0.005531249999996543,0.008449999999994719,0.02187499999998633,0.014468749999990958,0.019799999999987626,0.03871249999997581,0.024424999999984733,0.034837499999978226,0.19665624999987708,0.1908749999998807,0.20086249999987446,0.3576124999997765,0.43736874999972664,0.38486249999975947,0.2091187499998693,0.20712499999987055,0.21531249999986543,0.07086874999995571,0.05609374999996494,0.060649999999962095,0.03093124999998067,0.02233749999998604,0.02453124999998467,0.029549999999981532,0.02036874999998727,0.02259374999998588,0.03508749999997807,0.02140624999998662,0.028099999999982438
tag.txt,0.008637499999994601,0.004993749999996879,0.0071999999999955,0.019956249999987526,0.012849999999991969,0.01829999999998856,0.037031249999976854,0.023312499999985428,0.03281874999997949,0.1987249999998758,0.19336874999987913,0.20471249999987207,0.3701937499997686,0.4441562499997224,0.3953812499997529,0.20300624999987313,0.20054999999987466,0.20684374999987074,0.06790624999995756,0.053899999999966315,0.057206249999964244,0.029981249999981262,0.02233749999998604,0.025462499999984085,0.03063749999998085,0.022624999999985858,0.024681249999984573,0.0339249999999788,0.021906249999986308,0.02739374999998288
tag.txt,0.009381249999994137,0.005893749999996316,0.00871874999999455,0.02084999999998697,0.014712499999990804,0.02209374999998619,0.03718749999997676,0.025793749999983878,0.035531249999977796,0.1988812499998757,0.19431874999987855,0.19946874999987532,0.36706874999977057,0.4334499999997291,0.3814374999997616,0.20923124999986922,0.2068874999998707,0.21409999999986618,0.06821249999995736,0.055349999999965406,0.06128749999996169,0.029299999999981688,0.022106249999986182,0.025668749999983958,0.027174999999983015,0.019799999999987626,0.022674999999985828,0.03271249999997956,0.021687499999986447,0.029018749999981865
tag.txt,0.017718749999988927,0.015637499999990225,0.018362499999988523,0.03186874999998008,0.028887499999981945,0.03513124999997804,0.053543749999966535,0.04725624999997047,0.056037499999964976,0.1892749999998817,0.18794999999988252,0.1865999999998834,0.3014562499998116,0.33115624999979304,0.2984999999998134,0.1995249999998753,0.20409999999987244,0.20203124999987374,0.08030624999994981,0.07591874999995255,0.07988749999995007,0.03957499999997527,0.03476874999997827,0.03942499999997536,0.037206249999976744,0.031493749999980315,0.034493749999978444,0.049524999999969045,0.04283124999997323,0.049531249999969044
tag.txt,0.017193749999989252,0.015112499999990555,0.017618749999988987,0.03028749999998107,0.02836874999998227,0.034587499999978386,0.05217499999996739,0.04770624999997018,0.05634999999996478,0.1916437499998802,0.18874374999988203,0.18758749999988275,0.30986874999980635,0.337662499999789,0.30391874999981006,0.20216249999987365,0.2068874999998707,0.20615624999987114,0.07910624999995056,0.0728124999999545,0.07787499999995133,0.03694374999997691,0.03291874999997942,0.03666249999997709,0.0334374999999791,0.028468749999982206,0.03204999999997997,0.04718124999997051,0.041318749999974175,0.0471937499999705
tag.txt,0.01747499999998908,0.016006249999989997,0.018037499999988726,0.031249999999980467,0.028649999999982093,0.034581249999978386,0.05173124999996767,0.0462374999999711,0.05591249999996505,0.19127499999988046,0.18849999999988218,0.18763124999988273,0.3064062499998085,0.3336624999997915,0.3028499999998107,0.19966874999987522,0.2046374999998721,0.20172499999987392,0.0798499999999501,0.07394999999995377,0.07818124999995113,0.038506249999975935,0.033706249999978934,0.0382374999999761,0.03503124999997811,0.03138749999998038,0.03377499999997889,0.0488062499999695,0.04326249999997296,0.04906874999996933
tag.txt,0.01774374999998891,0.01671874999998955,0.018493749999988443,0.031812499999980114,0.02988749999998132,0.03649374999997719,0.05111249999996805,0.04740624999997037,0.055493749999965314,0.19146249999988033,0.18868749999988207,0.18599999999988376,0.31293124999980443,0.33404999999979124,0.30361874999981026,0.19778749999987638,0.20236249999987352,0.2012812499998742,0.07781249999995137,0.07378124999995389,0.07733124999995167,0.03847499999997595,0.03393749999997879,0.03818124999997614,0.03376874999997889,0.030531249999980917,0.033306249999979186,0.04709374999997057,0.04263749999997335,0.049799999999968876
tag.txt,0.016556249999989652,0.013749999999991406,0.016887499999989446,0.03744999999997659,0.029706249999981435,0.0403187499999748,0.0483187499999698,0.04213124999997367,0.052618749999967115,0.1810812499998868,0.18109999999988682,0.1810937499998868,0.281593749999824,0.3139374999998038,0.2779687499998263,0.19044999999988096,0.2040312499998725,0.19398124999987876,0.08451249999994719,0.08393749999994754,0.08663124999994586,0.048162499999969896,0.03916249999997552,0.04742499999997036,0.05187499999996758,0.04417499999997239,0.046474999999970956,0.0599999999999625,0.048068749999969955,0.05659999999996462
tag.txt,0.016837499999989475,0.013774999999991391,0.01670624999998956,0.03871249999997581,0.030793749999980753,0.043368749999972894,0.048849999999969466,0.04305624999997309,0.052537499999967166,0.177606249999889,0.17908749999988807,0.1764937499998897,0.2821124999998237,0.31546874999980284,0.2812499999998242,0.19124374999988047,0.20346249999987284,0.19309374999987933,0.08701874999994562,0.08476874999994702,0.08503749999994685,0.04863124999996961,0.04054374999997466,0.04957499999996902,0.04921249999996924,0.041256249999974216,0.04521874999997174,0.05977499999996264,0.04778749999997013,0.05671874999996455
tag.txt,0.015212499999990492,0.013174999999991766,0.016131249999989918,0.035237499999977974,0.02844999999998222,0.03766874999997646,0.04699374999997063,0.04215624999997365,0.052443749999967225,0.18597499999988376,0.18768749999988268,0.18371874999988516,0.29804999999981374,0.32393749999979754,0.29434999999981604,0.1905562499998809,0.20410624999987242,0.19528749999987793,0.08299999999994813,0.08100624999994938,0.08334999999994791,0.04391874999997255,0.037387499999976634,0.044406249999972246,0.046024999999971235,0.03831249999997605,0.04121249999997424,0.05503124999996561,0.043781249999972634,0.05143124999996786
tag.txt,0.01611249999998993,0.01425624999999109,0.0167999999999895,0.036449999999977216,0.03111874999998055,0.04129374999997419,0.04982499999996886,0.04419374999997238,0.05308749999996682,0.18152499999988655,0.18089374999988694,0.17743749999988911,0.295962499999815,0.3246249999997971,0.2972812499998142,0.193631249999879,0.20430624999987232,0.1929374999998794,0.0852812499999467,0.08043124999994973,0.0828749999999482,0.04485624999997197,0.03854374999997591,0.04563749999997148,0.04368749999997269,0.03741874999997662,0.04076249999997452,0.05266874999996708,0.044212499999972364,0.05188749999996757
tag.txt,0.01901249999998812,0.018024999999988734,0.02039999999998725,0.033699999999978934,0.03323124999997923,0.03894999999997566,0.0516812499999677,0.05044999999996847,0.05716874999996427,0.18632499999988356,0.18278749999988575,0.18104374999988684,0.32036874999979975,0.3339312499997913,0.3048812499998094,0.19828124999987606,0.2012687499998742,0.19846249999987595,0.0742187499999536,0.07139999999995537,0.07608124999995244,0.03811249999997618,0.03486874999997821,0.03890624999997568,0.030824999999980736,0.02902499999998186,0.03255624999997965,0.047474999999970326,0.04501249999997187,0.05154999999996778
tag.txt,0.017074999999989328,0.016456249999989715,0.01884999999998822,0.03314999999997928,0.03172499999998017,0.03769374999997644,0.05118749999996801,0.04827499999996983,0.054912499999965676,0.18739999999988288,0.1859249999998838,0.18248749999988595,0.3297687499997939,0.3459062499997838,0.31641249999980225,0.1939124999998788,0.19893124999987566,0.19603749999987746,0.07251249999995468,0.06874999999995703,0.0742187499999536,0.037481249999976575,0.03411249999997868,0.03862499999997586,0.031018749999980614,0.028424999999982235,0.03169999999998019,0.04649374999997094,0.041493749999974065,0.04906249999996934
tag.txt,0.01718124999998926,0.016756249999989526,0.018481249999988448,0.030324999999981048,0.030137499999981165,0.036024999999977485,0.0504062499999685,0.048406249999969744,0.054743749999965785,0.19179374999988014,0.188762499999882,0.18556874999988401,0.334387499999791,0.34291874999978567,0.31736874999980164,0.19641874999987724,0.201599999999874,0.1998249999998751,0.07050624999995593,0.06834374999995728,0.07341249999995411,0.035274999999977956,0.03283124999997948,0.03719374999997675,0.02964999999998147,0.02734374999998291,0.029699999999981436,0.044056249999972465,0.04289999999997319,0.0476812499999702
tag.txt,0.019293749999987942,0.018537499999988414,0.021368749999986645,0.035093749999978066,0.03479999999997825,0.04084999999997447,0.0521499999999674,0.050487499999968447,0.05694374999996441,0.18136874999988664,0.1790249999998881,0.17526249999989046,0.3260874999997962,0.33738124999978913,0.3075124999998078,0.1982312499998761,0.19867499999987584,0.19579999999987763,0.07154999999995527,0.07071249999995581,0.07672499999995204,0.0377624999999764,0.03528124999997795,0.03993124999997504,0.030537499999980913,0.029274999999981705,0.03246874999997971,0.04792499999997005,0.04582499999997136,0.05313749999996679
tag.txt,0.017387499999989134,0.014899999999990688,0.0167999999999895,0.034224999999978606,0.0286374999999821,0.034049999999978715,0.05263124999996711,0.045668749999971454,0.054412499999965995,0.18949374999988156,0.18978124999988139,0.19127499999988046,0.28709374999982057,0.3201812499997999,0.29243124999981723,0.19545624999987785,0.20356874999987276,0.19783749999987635,0.08423749999994735,0.0798312499999501,0.08263749999994835,0.0440062499999725,0.03719999999997675,0.04088124999997445,0.04189374999997381,0.03572499999997767,0.03929374999997544,0.05357499999996652,0.044506249999972186,0.050381249999968514
tag.txt,0.016268749999989833,0.014137499999991164,0.015987499999990006,0.033524999999979044,0.026768749999983268,0.034074999999978706,0.05095624999996815,0.04426874999997233,0.05365624999996647,0.19068749999988083,0.19114374999988054,0.18891874999988192,0.2945499999998159,0.3281312499997949,0.3019312499998113,0.19459374999987838,0.2035312499998728,0.19805624999987623,0.08171874999994892,0.07649374999995219,0.07816249999995115,0.04168749999997395,0.03613749999997742,0.04001249999997499,0.042618749999973365,0.03561874999997774,0.0396812499999752,0.05339374999996663,0.04376874999997264,0.04951874999996905
tag.txt,0.016174999999989892,0.014243749999991097,0.01588749999999007,0.032243749999979844,0.02683124999998323,0.031593749999980256,0.051162499999968025,0.04437499999997226,0.05276874999996702,0.19509374999987805,0.19308124999987933,0.19655624999987714,0.29769999999981395,0.3306312499997934,0.3035874999998103,0.19309374999987933,0.20188124999987384,0.1969624999998769,0.08105624999994934,0.0750499999999531,0.0776062499999515,0.04177499999997389,0.03547499999997783,0.03956874999997527,0.04119999999997425,0.035593749999977754,0.03778749999997638,0.05049999999996844,0.04283749999997322,0.0476812499999702
tag.txt,0.016906249999989433,0.01505624999999059,0.016506249999989682,0.03243124999997973,0.028093749999982442,0.033481249999979076,0.05111874999996805,0.0451249999999718,0.05282499999996698,0.19170624999988017,0.19252499999987968,0.19289374999987943,0.3028562499998107,0.3313687499997929,0.30540624999980914,0.19398749999987874,0.19915624999987552,0.1959937499998775,0.0796624999999502,0.07691874999995192,0.07854374999995091,0.040906249999974435,0.03484999999997822,0.038918749999975674,0.04009374999997494,0.0348749999999782,0.03750624999997656,0.05033124999996854,0.04203124999997373,0.04792499999997005
tag.txt,0.011893749999992567,0.009262499999994211,0.011587499999992758,0.02714999999998303,0.0206374999999871,0.027912499999982555,0.04281249999997324,0.03526249999997796,0.043131249999973045,0.19900624999987562,0.19788124999987633,0.20116874999987427,0.3204312499997997,0.35798749999977625,0.32926249999979423,0.20198749999987375,0.2129687499998669,0.20331249999987294,0.07688124999995195,0.07018124999995613,0.0729687499999544,0.03642499999997723,0.029899999999981313,0.03581249999997762,0.03908124999997557,0.03229374999997982,0.03459999999997838,0.044331249999972296,0.033624999999978984,0.04024374999997485
tag.txt,0.011862499999992586,0.009656249999993965,0.01236874999999227,0.027281249999982948,0.021074999999986826,0.02694374999998316,0.04306874999997308,0.034581249999978386,0.04502499999997186,0.1944124999998785,0.19603749999987746,0.1962937499998773,0.3239437499997975,0.36258124999977337,0.32969374999979395,0.20611874999987118,0.214412499999866,0.20808124999986996,0.07618749999995238,0.06963749999995647,0.0739124999999538,0.03686249999997696,0.029249999999981718,0.034324999999978546,0.03606874999997746,0.029193749999981755,0.03274374999997953,0.04419374999997238,0.03357499999997902,0.04061249999997462
tag.txt,0.01094374999999316,0.00908749999999432,0.010968749999993144,0.02478749999998451,0.020199999999987374,0.025362499999984148,0.04094374999997441,0.03388749999997882,0.042524999999973424,0.2006374999998746,0.19939999999987537,0.20184374999987384,0.3409812499997869,0.37383749999976634,0.34484999999978444,0.2043187499998723,0.20891874999986942,0.20436874999987226,0.07076249999995578,0.06568749999995895,0.06916874999995677,0.034068749999978706,0.029162499999981772,0.03253124999997967,0.033443749999979094,0.02892499999998192,0.03108749999998057,0.039112499999975556,0.03089374999998069,0.03729374999997669
tag.txt,0.011668749999992708,0.0099187499999938,0.012124999999992421,0.02551874999998405,0.02051249999998718,0.02663749999998335,0.041074999999974326,0.03511249999997806,0.04264374999997335,0.20041874999987475,0.19884374999987572,0.20003124999987498,0.33973124999978765,0.37129374999976794,0.34216249999978615,0.2012999999998742,0.20835624999986976,0.2038249999998726,0.07195624999995502,0.06685624999995822,0.06952499999995655,0.03401874999997874,0.02902499999998186,0.033599999999979,0.033956249999978774,0.028168749999982395,0.030749999999980782,0.04035624999997478,0.031912499999980054,0.03869999999997581
tag.txt,0.01374374999999141,0.010124999999993672,0.012581249999992137,0.029718749999981427,0.023193749999985504,0.028712499999982054,0.04658749999997088,0.03642499999997723,0.04717499999997052,0.19308749999987931,0.1910437499998806,0.1955062499998778,0.3068812499998082,0.35669374999977704,0.3208187499997995,0.19943124999987535,0.2092499999998692,0.20576874999987138,0.08178749999994889,0.07450624999995344,0.07734999999995165,0.039287499999975446,0.031162499999980522,0.035512499999977805,0.040643749999974596,0.03201874999997999,0.0340874999999787,0.04883124999996948,0.03558124999997776,0.04248749999997344
tag.txt,0.012924999999991922,0.010018749999993738,0.012024999999992484,0.028568749999982143,0.02158124999998651,0.027524999999982796,0.04504999999997184,0.03624999999997734,0.046443749999970974,0.1955124999998778,0.19309374999987933,0.19763749999987648,0.31576249999980266,0.36636874999977104,0.32958749999979403,0.19950624999987532,0.20613749999987116,0.20358749999987275,0.07973124999995017,0.07140624999995537,0.07623749999995236,0.03795624999997628,0.030568749999980896,0.034468749999978454,0.03873749999997579,0.030131249999981166,0.032168749999979894,0.04624999999997109,0.03444374999997847,0.0403187499999748
tag.txt,0.01313749999999179,0.01049374999999344,0.012418749999992238,0.02900624999998187,0.02201249999998624,0.028562499999982147,0.04418749999997238,0.03678124999997701,0.046549999999970906,0.19429374999987856,0.18919999999988174,0.19646249999987722,0.3174249999998016,0.36248124999977344,0.32663124999979587,0.19992499999987504,0.20851874999986966,0.20398124999987252,0.07927499999995045,0.07181249999995512,0.07561249999995275,0.03786249999997634,0.030949999999980656,0.035612499999977745,0.03881249999997574,0.03179999999998012,0.03315624999997928,0.0460749999999712,0.03594999999997753,0.04101249999997437
tag.txt,0.01291249999999193,0.010712499999993306,0.013268749999991707,0.029849999999981343,0.022499999999985937,0.0291187499999818,0.04462499999997211,0.037393749999976626,0.04758749999997026,0.19399999999987874,0.19081249999988073,0.19413749999987867,0.32024999999979986,0.36506249999977186,0.32748124999979533,0.19783124999987636,0.2062312499998711,0.20213749999987365,0.078406249999951,0.07020624999995612,0.07444999999995347,0.038074999999976204,0.03083124999998073,0.035449999999977846,0.03794374999997629,0.03146874999998033,0.03386874999997883,0.046106249999971184,0.03478124999997826,0.042499999999973434
tag.txt,0.011656249999992714,0.0102374999999936,0.01220624999999237,0.024331249999984792,0.021799999999986375,0.028018749999982488,0.041987499999973754,0.039099999999975564,0.0465562499999709,0.19448749999987844,0.19093124999988068,0.19432499999987854,0.3640062499997725,0.38794374999975756,0.35092499999978066,0.19900624999987562,0.20331874999987293,0.20245624999987347,0.0689562499999569,0.06538749999995913,0.06824374999995735,0.03246249999997971,0.02709999999998306,0.033293749999979194,0.027293749999982943,0.023581249999985263,0.026699999999983313,0.03581249999997762,0.030599999999980875,0.0372749999999767
tag.txt,0.009324999999994171,0.008843749999994472,0.011193749999993004,0.02185624999998634,0.019243749999987972,0.025062499999984337,0.03959374999997525,0.03556249999997777,0.04393749999997254,0.20473749999987204,0.20237499999987352,0.20343749999987285,0.3723312499997673,0.39541874999975285,0.358462499999776,0.20022499999987486,0.20123749999987423,0.20249999999987345,0.06375624999996016,0.06007499999996245,0.06461874999995962,0.029843749999981347,0.026781249999983263,0.030393749999981005,0.026643749999983347,0.023062499999985584,0.026293749999983566,0.0316874999999802,0.027399999999982876,0.03409999999997869
tag.txt,0.011037499999993101,0.010349999999993531,0.012906249999991933,0.02259374999998588,0.020587499999987133,0.02666874999998333,0.040556249999974654,0.037393749999976626,0.04505624999997184,0.20113124999987428,0.19925624999987546,0.19861249999987587,0.36888749999976944,0.3836874999997602,0.3501812499997811,0.20279374999987326,0.20729374999987044,0.20514374999987178,0.06572499999995893,0.06270624999996081,0.06775624999995765,0.02913749999998179,0.026856249999983213,0.03139374999998038,0.024987499999984383,0.022056249999986215,0.0257624999999839,0.03314999999997928,0.029812499999981368,0.036518749999977174
tag.txt,0.01116874999999302,0.010731249999993293,0.013268749999991707,0.02363124999998523,0.022381249999986013,0.028906249999981933,0.04070624999997456,0.037737499999976415,0.044918749999971926,0.19704374999987684,0.19349374999987906,0.1926374999998796,0.3724874999997672,0.3889124999997569,0.3522999999997798,0.20195624999987377,0.20343749999987285,0.2022374999998736,0.06380624999996012,0.0604812499999622,0.06697499999995814,0.030331249999981044,0.02855624999998215,0.031912499999980054,0.025637499999983975,0.02371249999998518,0.02785624999998259,0.03323124999997923,0.0305562499999809,0.03898749999997563
tag.txt,0.012106249999992434,0.009724999999993923,0.011656249999992714,0.02551874999998405,0.020706249999987058,0.026049999999983718,0.04327499999997295,0.03503124999997811,0.04471874999997205,0.19494999999987817,0.18965624999988145,0.19686249999987696,0.3329812499997919,0.38068124999976205,0.3449874999997844,0.20898749999986937,0.20974374999986892,0.20457499999987214,0.07406249999995371,0.06644999999995847,0.07014999999995615,0.03369374999997894,0.028874999999981953,0.032756249999979524,0.033381249999979136,0.027462499999982837,0.030118749999981174,0.04104374999997435,0.031668749999980206,0.03812499999997617
tag.txt,0.011387499999992882,0.009262499999994211,0.011268749999992956,0.023862499999985087,0.01961249999998774,0.02452499999998467,0.04228749999997357,0.03446249999997846,0.04331249999997293,0.19569374999987768,0.19166249999988022,0.19779999999987638,0.3467437499997833,0.39111874999975554,0.355162499999778,0.20583124999987135,0.20651874999987094,0.20569374999987144,0.07173749999995517,0.0632187499999605,0.06763124999995773,0.03282499999997948,0.028049999999982467,0.030949999999980656,0.031324999999980424,0.026312499999983554,0.028293749999982316,0.03830624999997606,0.029781249999981385,0.0353624999999779
tag.txt,0.011593749999992754,0.009699999999993937,0.011449999999992844,0.024937499999984413,0.020649999999987095,0.02526249999998421,0.04169374999997394,0.03468124999997833,0.0444749999999722,0.1955124999998778,0.1905437499998809,0.1956999999998777,0.34584374999978384,0.38740624999975787,0.3528874999997794,0.203231249999873,0.203193749999873,0.2033812499998729,0.07131249999995543,0.06609999999995869,0.06954999999995654,0.033724999999978925,0.029549999999981532,0.03156874999998027,0.03299999999997937,0.027412499999982867,0.02951874999998155,0.03914999999997553,0.030762499999980774,0.03620624999997737
tag.txt,0.012168749999992394,0.01051249999999343,0.012012499999992493,0.024168749999984893,0.020774999999987016,0.02635624999998353,0.04166249999997396,0.035512499999977805,0.045418749999971614,0.19621874999987737,0.19382499999987887,0.19693749999987692,0.3527999999997795,0.38582499999975883,0.34968749999978144,0.20253124999987343,0.20443124999987222,0.20374374999987266,0.0707187499999558,0.06367499999996021,0.06897499999995689,0.03256874999997964,0.02857499999998214,0.031581249999980264,0.02966249999998146,0.026068749999983706,0.028293749999982316,0.03749999999997656,0.03079999999998075,0.03699374999997688
tag.txt,0.012524999999992173,0.011056249999993089,0.012599999999992124,0.027062499999983086,0.02166249999998646,0.028843749999981974,0.044562499999972145,0.03804999999997622,0.047474999999970326,0.19765624999987647,0.19670624999987707,0.19665624999987708,0.3273624999997954,0.36090624999977444,0.3332437499997917,0.20051249999987467,0.20778124999987013,0.20018124999987488,0.07701249999995187,0.06921249999995674,0.07385624999995384,0.03694374999997691,0.03129999999998044,0.035356249999977905,0.03488749999997819,0.03030624999998106,0.03243124999997973,0.04147499999997408,0.03301874999997936,0.039356249999975404
tag.txt,0.012187499999992383,0.009731249999993918,0.011287499999992946,0.025787499999983882,0.021624999999986485,0.03025624999998109,0.042606249999973374,0.03486874999997821,0.0454437499999716,0.19493124999987815,0.1954937499998778,0.19368749999987894,0.33272499999979205,0.37313124999976677,0.34136249999978663,0.20454999999987217,0.20827499999986981,0.20198124999987377,0.07597499999995251,0.067206249999958,0.07181874999995512,0.03601249999997749,0.029449999999981595,0.03558124999997776,0.03351874999997905,0.027931249999982543,0.031012499999980618,0.04170624999997393,0.03228749999997982,0.03756874999997652
tag.txt,0.012324999999992297,0.01054374999999341,0.012199999999992375,0.026106249999983684,0.021937499999986287,0.028012499999982492,0.04325624999997296,0.03631249999997731,0.04548124999997157,0.19811249999987618,0.19776249999987638,0.1991937499998755,0.3323374999997923,0.3645124999997722,0.33661874999978963,0.19958124999987525,0.20666874999987084,0.20257499999987338,0.07374999999995391,0.06841874999995724,0.07068124999995583,0.036968749999976895,0.030468749999980956,0.03513124999997804,0.03470624999997831,0.029831249999981355,0.031218749999980488,0.042856249999973214,0.033543749999979035,0.0388874999999757
tag.txt,0.011568749999992769,0.010106249999993683,0.011806249999992621,0.025612499999983992,0.021974999999986266,0.029418749999981612,0.042537499999973416,0.03623749999997735,0.04529374999997169,0.19812499999987618,0.19579374999987761,0.1945624999998784,0.34243124999978597,0.37515624999976555,0.34565624999978395,0.2049749999998719,0.2084749999998697,0.2044749999998722,0.07320624999995425,0.06616249999995864,0.07003749999995623,0.03401249999997874,0.02931249999998168,0.033781249999978884,0.029781249999981385,0.02615624999998365,0.02812499999998242,0.03774999999997641,0.03062499999998086,0.03684374999997697
tag.txt,0.01897499999998814,0.016693749999989568,0.01921874999998799,0.034587499999978386,0.031062499999980585,0.0375999999999765,0.05419999999996612,0.047556249999970275,0.05698124999996439,0.18791874999988256,0.18537499999988413,0.1836624999998852,0.2900374999998187,0.3236874999997977,0.2924874999998172,0.20103124999987435,0.20851874999986966,0.20738749999987038,0.08423749999994735,0.07684374999995197,0.08104374999994934,0.04049374999997469,0.034806249999978243,0.03854374999997591,0.03613749999997742,0.030549999999980905,0.033287499999979195,0.05238124999996726,0.044906249999971934,0.049787499999968884
tag.txt,0.017068749999989332,0.014968749999990644,0.017337499999989164,0.03161249999998024,0.02769374999998269,0.03426249999997859,0.05051874999996842,0.045787499999971386,0.054387499999966005,0.19051874999988092,0.1862312499998836,0.18626874999988358,0.308824999999807,0.3432374999997855,0.30887499999980694,0.20289999999987318,0.20851249999986968,0.20878124999986952,0.07821874999995111,0.07206249999995495,0.07656249999995215,0.03787499999997633,0.03128749999998044,0.03537499999997789,0.033818749999978866,0.028699999999982063,0.0311999999999805,0.0486437499999696,0.04151874999997405,0.046949999999970654
tag.txt,0.01665624999998959,0.014956249999990652,0.016937499999989412,0.030412499999980993,0.027024999999983108,0.03284999999997947,0.04973124999996892,0.045249999999971716,0.0553687499999654,0.19596249999987753,0.19267499999987958,0.19203124999987997,0.30892499999980694,0.33863124999978833,0.3066937499998083,0.2007937499998745,0.20561874999987148,0.20539999999987163,0.07922499999995049,0.07364999999995397,0.07701249999995187,0.0371187499999768,0.03220624999997987,0.036006249999977494,0.03402499999997873,0.02881249999998199,0.03193749999998004,0.04714999999997053,0.04117499999997427,0.045762499999971396
tag.txt,0.017893749999988818,0.016243749999989846,0.018218749999988612,0.030993749999980627,0.028843749999981974,0.03638124999997726,0.05284374999996697,0.0476874999999702,0.0558312499999651,0.1907499999998808,0.18918124999988176,0.1846499999998846,0.3108687499998057,0.33461874999979085,0.30665624999980834,0.2014437499998741,0.20908124999986932,0.20772499999987018,0.07893749999995066,0.07326249999995421,0.07806874999995121,0.0374437499999766,0.032362499999979776,0.036043749999977476,0.0321499999999799,0.027606249999982745,0.02982499999998136,0.04667499999997083,0.0411124999999743,0.04659999999997087
tag.txt,0.011481249999992824,0.00894374999999441,0.011574999999992766,0.025412499999984118,0.02028749999998732,0.02814374999998241,0.04258749999997338,0.034912499999978176,0.04557499999997151,0.19117499999988052,0.1899124999998813,0.19030624999988105,0.33429374999979106,0.3757124999997652,0.3377499999997889,0.21841249999986348,0.22693749999985816,0.22198124999986127,0.07548749999995281,0.06631874999995856,0.07291874999995443,0.03219374999997988,0.024468749999984708,0.02999999999998125,0.029718749999981427,0.023124999999985546,0.025699999999983937,0.03923749999997548,0.029381249999981637,0.03604999999997747
tag.txt,0.009524999999994047,0.00759999999999525,0.01079999999999325,0.022437499999985976,0.01781249999998887,0.026149999999983655,0.03771249999997643,0.03118749999998051,0.042093749999973694,0.19260624999987963,0.18697499999988315,0.18916249999988177,0.3638062499997726,0.4078624999997451,0.35912499999977554,0.21699374999986437,0.22163124999986147,0.21926874999986296,0.06689374999995819,0.057043749999964345,0.06651874999995842,0.029031249999981856,0.02276874999998577,0.028237499999982353,0.027049999999983095,0.02156874999998652,0.02456249999998465,0.03394374999997878,0.02554999999998403,0.0340812499999787
tag.txt,0.011274999999992954,0.009124999999994297,0.012093749999992442,0.024631249999984606,0.02055624999998715,0.027499999999982812,0.0417624999999739,0.035506249999977806,0.04630624999997106,0.1915374999998803,0.19188749999988006,0.19221249999987985,0.3435499999997853,0.37873124999976326,0.3379249999997888,0.21558124999986525,0.22139999999986162,0.22021249999986237,0.07436874999995352,0.06478124999995952,0.07141874999995536,0.031012499999980618,0.02531249999998418,0.030037499999981225,0.02828749999998232,0.022756249999985777,0.02564374999998397,0.037993749999976255,0.029943749999981284,0.0366499999999771
tag.txt,0.010299999999993563,0.008618749999994613,0.011781249999992636,0.02377499999998514,0.020487499999987197,0.028631249999982105,0.04049999999997469,0.035256249999977965,0.045593749999971504,0.19043749999988097,0.18810624999988243,0.18801249999988248,0.36058749999977463,0.3903187499997561,0.34886874999978196,0.2172562499998642,0.22263124999986086,0.2180812499998637,0.0692812499999567,0.0622374999999611,0.0697687499999564,0.028762499999982025,0.02346874999998533,0.02921874999998174,0.02523124999998423,0.021006249999986872,0.024506249999984683,0.03386874999997883,0.02786874999998258,0.03553749999997779
tag.txt,0.010006249999993746,0.007918749999995051,0.010137499999993664,0.021093749999986817,0.017381249999989138,0.02269999999998581,0.03717499999997677,0.03130624999998043,0.0403187499999748,0.19544999999987783,0.18544374999988408,0.19323749999987921,0.37592499999976503,0.42457499999973464,0.37626874999976484,0.2041249999998724,0.20331249999987294,0.21026874999986858,0.06636874999995852,0.05718124999996426,0.06266874999996083,0.029381249999981637,0.024124999999984922,0.027493749999982817,0.027581249999982762,0.022724999999985798,0.024812499999984493,0.03289374999997944,0.02603124999998373,0.032093749999979944
tag.txt,0.009549999999994032,0.00806249999999496,0.010549999999993407,0.020999999999986876,0.017831249999988856,0.023699999999985188,0.037718749999976424,0.031218749999980488,0.040731249999974545,0.19306874999987933,0.18586874999988384,0.19017499999988113,0.382424999999761,0.42484999999973444,0.376006249999765,0.2044749999998722,0.20325624999987296,0.2103999999998685,0.06468749999995957,0.057318749999964176,0.06355624999996028,0.028599999999982126,0.0241562499999849,0.027281249999982948,0.02631874999998355,0.022056249999986215,0.024218749999984863,0.0321562499999799,0.025381249999984135,0.033381249999979136
tag.txt,0.00950624999999406,0.008087499999994946,0.010806249999993247,0.021193749999986754,0.017443749999989096,0.022406249999985996,0.036949999999976904,0.03145624999998034,0.041143749999974284,0.19578749999987763,0.18713749999988305,0.19224374999987984,0.38089999999976193,0.42423749999973487,0.37862499999976335,0.20119374999987424,0.20044999999987473,0.20532499999987167,0.06501249999995937,0.05708124999996433,0.06240624999996099,0.028918749999981924,0.02451249999998468,0.02859374999998213,0.027412499999982867,0.02295624999998565,0.025543749999984034,0.033124999999979296,0.02663749999998335,0.03290624999997943
tag.txt,0.010281249999993573,0.008806249999994496,0.011874999999992577,0.02076874999998702,0.017974999999988764,0.024249999999984843,0.038168749999976145,0.03208124999997995,0.0417624999999739,0.19579999999987763,0.19115624999988054,0.19098124999988064,0.38396874999976,0.41864999999973834,0.3720124999997675,0.1992124999998755,0.19970624999987518,0.2060437499998712,0.06401249999995999,0.05737499999996414,0.06364374999996023,0.0289624999999819,0.025237499999984227,0.02931249999998168,0.026662499999983335,0.02257499999998589,0.025781249999983887,0.0321624999999799,0.026437499999983478,0.03433749999997854
tag.txt,0.011843749999992598,0.009637499999993977,0.011643749999992722,0.02354999999998528,0.01998749999998751,0.024762499999984523,0.0423999999999735,0.03684374999997697,0.04548749999997157,0.20409374999987245,0.1998374999998751,0.20359374999987276,0.3484687499997822,0.38554999999975903,0.35078749999978076,0.2028624999998732,0.20659374999987087,0.2094437499998691,0.06998124999995627,0.06163749999996147,0.06629999999995856,0.03126874999998046,0.026218749999983613,0.028481249999982198,0.029074999999981827,0.02434999999998478,0.0260812499999837,0.036456249999977215,0.02934374999998166,0.03341874999997911
tag.txt,0.011293749999992941,0.009243749999994222,0.011568749999992769,0.022793749999985752,0.019606249999987745,0.025687499999983945,0.040968749999974394,0.03569999999997769,0.044749999999972034,0.20600624999987124,0.2026937499998733,0.20296874999987313,0.3564562499997772,0.3889999999997569,0.3532437499997792,0.20119999999987426,0.20408749999987244,0.20524999999987173,0.06579999999995888,0.06058749999996213,0.06536249999995915,0.03138749999998038,0.026599999999983377,0.030187499999981132,0.02876874999998202,0.023943749999985036,0.026362499999983524,0.03532499999997792,0.028537499999982164,0.03461874999997836
tag.txt,0.012443749999992223,0.010499999999993438,0.013162499999991773,0.02539374999998413,0.021862499999986337,0.027362499999982897,0.044306249999972305,0.03921874999997549,0.04613749999997117,0.20484374999987198,0.19976249999987514,0.2012999999998742,0.34010624999978745,0.37451249999976594,0.3401749999997874,0.19975624999987515,0.20481874999987199,0.20603749999987123,0.06982499999995635,0.06393749999996004,0.06813124999995741,0.03411249999997868,0.028456249999982215,0.031399999999980374,0.03065624999998084,0.025318749999984177,0.02843124999998223,0.0385562499999759,0.03161249999998024,0.03786249999997634
tag.txt,0.013524999999991547,0.011612499999992741,0.014131249999991168,0.024618749999984615,0.022599999999985874,0.029287499999981696,0.044587499999972136,0.03946249999997534,0.047224999999970485,0.2027312499998733,0.19834999999987604,0.19880624999987576,0.3465624999997834,0.3750562499997656,0.33851249999978844,0.19849374999987593,0.20441249999987224,0.2054374999998716,0.06931874999995667,0.0633749999999604,0.06830624999995731,0.03266249999997958,0.028487499999982194,0.03276874999997952,0.028793749999982004,0.024087499999984944,0.027031249999983107,0.03870624999997581,0.03255624999997965,0.03849374999997594
tag.txt,0.01388749999999132,0.012468749999992207,0.01540624999999037,0.02641249999998349,0.023849999999985095,0.031337499999980416,0.04503124999997186,0.04164374999997397,0.05061249999996837,0.19656874999987714,0.19061874999988085,0.1908874999998807,0.3463374999997835,0.3737999999997664,0.33107499999979306,0.20661249999987086,0.211224999999868,0.21275624999986703,0.0705562499999559,0.06425624999995984,0.07078124999995576,0.03116874999998052,0.02674999999998328,0.0313624999999804,0.026068749999983706,0.022674999999985828,0.025499999999984063,0.03735624999997665,0.03271249999997956,0.04028124999997482
tag.txt,0.012649999999992093,0.010974999999993141,0.015218749999990488,0.023787499999985133,0.022693749999985816,0.03127499999998045,0.04526874999997171,0.04027499999997483,0.0499187499999688,0.19874999999987578,0.1956749999998777,0.19013749999988117,0.35716874999977677,0.38467499999975957,0.33491249999979067,0.20314374999987303,0.20426249999987234,0.2097624999998689,0.06772499999995767,0.06153749999996154,0.0699062499999563,0.030343749999981035,0.026868749999983208,0.03102499999998061,0.025362499999984148,0.022037499999986228,0.02609999999998369,0.03579999999997763,0.030999999999980626,0.04174374999997391
tag.txt,0.01323124999999173,0.01196874999999252,0.01523124999999048,0.024043749999984973,0.022674999999985828,0.029768749999981393,0.043781249999972634,0.04087499999997445,0.05078124999996826,0.20138124999987414,0.19494374999987815,0.19262499999987961,0.35354374999977906,0.37924999999976294,0.33305624999979183,0.20283749999987322,0.2062187499998711,0.21082499999986823,0.06888749999995694,0.06203124999996123,0.06931249999995667,0.03021874999998111,0.026937499999983162,0.0311999999999805,0.025612499999983992,0.02295624999998565,0.02612499999998367,0.03646249999997721,0.03214374999997991,0.041074999999974326
tag.txt,0.013431249999991606,0.012537499999992164,0.01726249999998921,0.025268749999984207,0.024387499999984758,0.03388749999997882,0.0446312499999721,0.04197499999997376,0.0513562499999679,0.19874999999987578,0.19213749999987992,0.18583124999988385,0.3539499999997788,0.37596874999976504,0.32408749999979747,0.2040062499998725,0.20524374999987172,0.2091187499998693,0.0675312499999578,0.0627249999999608,0.07063124999995586,0.029962499999981275,0.027237499999982977,0.03373124999997892,0.02513124999998429,0.02333124999998542,0.028487499999982194,0.03733749999997667,0.03445624999997846,0.045606249999971496
tag.txt,0.010206249999993621,0.008131249999994919,0.010681249999993325,0.0220812499999862,0.017374999999989142,0.024037499999984977,0.039256249999975464,0.032243749999979844,0.04291249999997318,0.20093749999987442,0.19798124999987626,0.19987499999987507,0.3545874999997784,0.39643749999975225,0.3529187499997794,0.21323124999986673,0.21554374999986528,0.21739999999986412,0.06823749999995735,0.06035624999996228,0.06586249999995883,0.029637499999981477,0.02366874999998521,0.028037499999982476,0.02724999999998297,0.02195624999998628,0.024262499999984834,0.034574999999978394,0.026306249999983558,0.03401249999997874
tag.txt,0.009299999999994188,0.007737499999995164,0.011043749999993097,0.020874999999986953,0.017862499999988835,0.02473749999998454,0.0375999999999765,0.032356249999979776,0.04270624999997331,0.20034374999987478,0.19652499999987716,0.1961187499998774,0.3727124999997671,0.40723749999974546,0.3620874999997737,0.21158124999986777,0.21340624999986663,0.2152249999998655,0.06504374999995935,0.05828749999996357,0.06433124999995979,0.02753124999998279,0.022549999999985908,0.027643749999982724,0.02409374999998494,0.019843749999987597,0.02274999999998578,0.030918749999980677,0.02419374999998488,0.03335624999997915
tag.txt,0.008899999999994437,0.007749999999995157,0.012024999999992484,0.020587499999987133,0.017331249999989168,0.02502499999998436,0.03715624999997678,0.03129999999998044,0.042181249999973636,0.20460624999987212,0.2001749999998749,0.1964749999998772,0.37063749999976836,0.4054124999997466,0.35676874999977704,0.2083312499998698,0.2099124999998688,0.21303124999986686,0.06451249999995969,0.05787499999996383,0.06603749999995873,0.02851249999998218,0.023881249999985074,0.02843124999998223,0.024712499999984556,0.021062499999986835,0.024506249999984683,0.03204374999997997,0.025299999999984186,0.0355187499999778
tag.txt,0.009874999999993828,0.008668749999994582,0.012081249999992449,0.020599999999987125,0.01854374999998841,0.026037499999983726,0.039174999999975514,0.033962499999978774,0.04359374999997275,0.20157499999987402,0.19539999999987787,0.195199999999878,0.3705249999997684,0.4016749999997489,0.35498124999977815,0.20933749999986917,0.21268124999986707,0.21464374999986585,0.06650624999995844,0.0596749999999627,0.06624999999995859,0.027893749999982568,0.023831249999985104,0.028506249999982185,0.02350624999998531,0.02008124999998745,0.02389999999998506,0.031006249999980622,0.025481249999984076,0.034806249999978243
tag.txt,0.010474999999993453,0.008787499999994508,0.012249999999992343,0.02180624999998637,0.01987499999998758,0.02673749999998329,0.03913124999997554,0.034981249999978134,0.04488749999997194,0.19727499999987672,0.18984374999988135,0.1923187499998798,0.3704062499997685,0.404812499999747,0.35399374999977873,0.21145624999986784,0.2137249999998664,0.21572499999986516,0.06539999999995913,0.05748749999996407,0.0670437499999581,0.027943749999982535,0.023162499999985525,0.02806874999998246,0.023299999999985437,0.01985624999998759,0.02341249999998537,0.0328062499999795,0.027468749999982833,0.03556249999997777
tag.txt,0.010299999999993563,0.008687499999994571,0.012806249999991996,0.020887499999986944,0.018987499999988132,0.02700624999998312,0.03854374999997591,0.035074999999978075,0.04616874999997114,0.20023124999987485,0.1942499999998786,0.19315624999987926,0.37496249999976566,0.404868749999747,0.3486437499997821,0.20935624999986915,0.21017499999986863,0.21433124999986605,0.06451874999995967,0.057718749999963924,0.06656874999995839,0.027974999999982514,0.023112499999985554,0.029924999999981296,0.022531249999985917,0.01991874999998755,0.02401874999998499,0.030693749999980816,0.027206249999982998,0.03737499999997664
tag.txt,0.009893749999993817,0.008499999999994687,0.01262499999999211,0.020799999999987,0.018806249999988246,0.025974999999983765,0.036706249999977056,0.03377499999997889,0.04454374999997216,0.1972562499998767,0.19171874999988017,0.19212499999987992,0.38150624999976157,0.4087624999997445,0.3534374999997791,0.20836874999986976,0.20679374999987074,0.2116562499998677,0.06371874999996018,0.05881874999996324,0.06868749999995707,0.027237499999982977,0.024324999999984796,0.028249999999982345,0.02297499999998564,0.020499999999987188,0.02529374999998419,0.03153749999998029,0.0279999999999825,0.03740624999997662
tag.txt,0.010731249999993293,0.009156249999994277,0.013962499999991274,0.021781249999986388,0.02078124999998701,0.03004374999998122,0.03817499999997614,0.034999999999978125,0.045674999999971454,0.19742499999987662,0.19304374999987936,0.1897687499998814,0.37737499999976415,0.39993749999975003,0.3417687499997864,0.20941874999986912,0.211237499999868,0.21594999999986503,0.06411874999995992,0.058074999999963704,0.06830624999995731,0.02674999999998328,0.024181249999984885,0.030324999999981048,0.021993749999986253,0.020106249999987433,0.02523124999998423,0.03223124999997985,0.028481249999982198,0.03896874999997564
tag.txt,0.006168749999996144,0.0076249999999952345,0.012437499999992227,0.018181249999988637,0.01923124999998798,0.02777499999998264,0.029156249999981777,0.028024999999982484,0.03809999999997619,0.18860624999988213,0.1790562499998881,0.1785249999998884,0.4145562499997409,0.4190624999997381,0.3497499999997814,0.2171374999998643,0.2206437499998621,0.22347499999986034,0.055181249999965515,0.053543749999966535,0.0680062499999575,0.02500624999998437,0.024556249999984653,0.03179999999998012,0.019912499999987555,0.021387499999986632,0.029193749999981755,0.026093749999983692,0.026868749999983208,0.04093749999997441
tag.txt,0.006156249999996153,0.0077249999999951715,0.01337499999999164,0.018899999999988187,0.021049999999986843,0.0321499999999799,0.03014374999998116,0.02846249999998221,0.039349999999975405,0.18818749999988238,0.1758249999998901,0.1710499999998931,0.4088937499997444,0.4137312499997414,0.3380812499997887,0.21849374999986343,0.22041249999986223,0.21947499999986284,0.05641249999996474,0.0550374999999656,0.07044999999995596,0.025924999999983798,0.025274999999984202,0.035018749999978116,0.019706249999987685,0.023531249999985293,0.03358124999997901,0.02718124999998301,0.028949999999981907,0.04746874999997033
tag.txt,0.005668749999996457,0.0103999999999935,0.014637499999990852,0.01526249999999046,0.019418749999987862,0.031931249999980045,0.02631874999998355,0.02556249999998402,0.0366374999999771,0.18153124999988654,0.16746249999989535,0.16443749999989724,0.3963562499997523,0.3900187499997562,0.30600624999980874,0.22603124999985874,0.22401249999986,0.222418749999861,0.05479374999996575,0.056118749999964926,0.07106874999995558,0.029193749999981755,0.03188124999998007,0.043549999999972784,0.04092499999997442,0.04814374999996991,0.06186249999996134,0.02391874999998505,0.026981249999983137,0.04744999999997034
tag.txt,0.005787499999996383,0.009968749999993769,0.01497499999999064,0.015612499999990242,0.019681249999987698,0.03266249999997958,0.025731249999983916,0.025299999999984186,0.03723124999997673,0.1758249999998901,0.16349374999989782,0.15750624999990157,0.37640624999976474,0.3721562499997674,0.2874062499998204,0.23034374999985605,0.22501874999985935,0.21924999999986297,0.05496874999996564,0.05561874999996524,0.07144374999995534,0.02982499999998136,0.03185624999998009,0.043549999999972784,0.06214374999996116,0.07054999999995591,0.08684374999994572,0.023356249999985403,0.02635624999998353,0.04913124999996929
tag.txt,0.004274999999997328,0.006399999999996,0.015637499999990225,0.01448124999999095,0.017849999999988844,0.033368749999979144,0.023124999999985546,0.020437499999987226,0.035781249999977637,0.2054499999998716,0.1875187499998828,0.17639374999988974,0.41337499999974164,0.42689999999973316,0.31861249999980085,0.22054999999986216,0.21629999999986482,0.21764999999986398,0.05451249999996593,0.0503999999999685,0.07698749999995189,0.02299374999998563,0.024324999999984796,0.038324999999976045,0.01928124999998795,0.024487499999984695,0.03819374999997613,0.02195624999998628,0.025381249999984135,0.04904999999996934
tag.txt,0.003356249999997902,0.006668749999995832,0.015918749999990052,0.012524999999992173,0.019237499999987976,0.034737499999978286,0.019687499999987694,0.017562499999989024,0.034218749999978613,0.19996249999987503,0.17830624999988856,0.16563749999989646,0.430449999999731,0.4365374999997272,0.32312499999979805,0.2166749999998646,0.206406249999871,0.20950624999986905,0.051399999999967874,0.04964374999996897,0.07677499999995202,0.023612499999985243,0.02674999999998328,0.043106249999973055,0.023224999999985483,0.03351874999997905,0.04658124999997089,0.01910624999998806,0.025368749999984144,0.050393749999968505
tag.txt,0.005043749999996848,0.006968749999995644,0.015531249999990292,0.015512499999990305,0.017106249999989307,0.03476874999997827,0.025624999999983984,0.021737499999986414,0.03666249999997709,0.19459374999987838,0.1828687499998857,0.1721624999998924,0.40739999999974535,0.42121874999973674,0.3172749999998017,0.22321249999986048,0.21734374999986417,0.21475624999986578,0.05652499999996467,0.053281249999966696,0.07453749999995342,0.02372499999998517,0.024774999999984514,0.03956249999997527,0.02594999999998378,0.03062499999998086,0.04606249999997121,0.022412499999985992,0.024074999999984952,0.048681249999969575
tag.txt,0.0035937499999977537,0.008687499999994571,0.018956249999988153,0.012237499999992352,0.019112499999988056,0.04074999999997453,0.02030624999998731,0.018649999999988343,0.03308749999997932,0.19008124999988119,0.16982499999989387,0.1527812499999045,0.41431249999974107,0.4151187499997405,0.292843749999817,0.220812499999862,0.20789374999987006,0.19901874999987562,0.05271249999996706,0.05271874999996705,0.0758499999999526,0.025931249999983794,0.03003124999998123,0.051243749999967975,0.04168749999997395,0.054249999999966096,0.07604999999995248,0.01832499999998855,0.02371249999998518,0.05941874999996286
tag.txt,0.011699999999992687,0.009624999999993984,0.01374374999999141,0.023162499999985525,0.021412499999986616,0.02902499999998186,0.04321874999997299,0.03751874999997655,0.04994999999996878,0.20901249999986937,0.20498749999987187,0.20157499999987402,0.36068749999977456,0.39276874999975453,0.3359062499997901,0.19738124999987663,0.2019124999998738,0.20986874999986882,0.06536874999995915,0.05794374999996379,0.06710624999995805,0.030793749999980753,0.025406249999984122,0.030274999999981077,0.02474999999998453,0.020499999999987188,0.024293749999984817,0.0339249999999788,0.027924999999982547,0.03825624999997609
tag.txt,0.010812499999993242,0.008612499999994618,0.013662499999991461,0.022874999999985702,0.02113749999998679,0.02956874999998152,0.04093124999997442,0.03666874999997708,0.04804374999996997,0.2121437499998674,0.206437499999871,0.20195624999987377,0.36728124999977046,0.4009437499997494,0.3403687499997873,0.19561249999987773,0.19691874999987694,0.20440624999987225,0.0632187499999605,0.05616874999996489,0.06793749999995753,0.03065624999998084,0.025868749999983832,0.030668749999980833,0.024124999999984922,0.020193749999987378,0.02434999999998478,0.032343749999979785,0.027049999999983095,0.0390374999999756
tag.txt,0.012824999999991985,0.011131249999993043,0.0155187499999903,0.024999999999984375,0.0235187499999853,0.031493749999980315,0.044818749999971985,0.039943749999975034,0.05093124999996817,0.20747499999987032,0.20106874999987434,0.19575624999987765,0.35046874999978095,0.3800374999997625,0.32820624999979486,0.20018124999987488,0.20489999999987193,0.20949999999986907,0.06745624999995783,0.06043124999996223,0.07066874999995583,0.032087499999979945,0.026868749999983208,0.03134999999998041,0.024324999999984796,0.020981249999986885,0.025349999999984156,0.0353624999999779,0.03111874999998055,0.041224999999974234
tag.txt,0.011493749999992817,0.010087499999993695,0.01651249999998968,0.023893749999985066,0.023324999999985423,0.03211874999997993,0.043381249999972886,0.03833749999997604,0.04939374999996913,0.20849999999986968,0.20330624999987293,0.19353749999987904,0.3670312499997706,0.3899437499997563,0.329624999999794,0.19609999999987743,0.20038749999987476,0.206381249999871,0.06373124999996017,0.057043749999964345,0.06996249999995627,0.029062499999981836,0.02658749999998338,0.03290624999997943,0.02385624999998509,0.020818749999986987,0.02580624999998387,0.032949999999979405,0.03016249999998115,0.04375624999997265
tag.txt,0.01556874999999027,0.012087499999992445,0.01388749999999132,0.03162499999998023,0.023931249999985044,0.02979374999998138,0.05004999999996872,0.03996874999997502,0.05018749999996863,0.1941062499998787,0.1937812499998789,0.198431249999876,0.2977624999998139,0.34630624999978354,0.31403124999980375,0.1916812499998802,0.20227499999987358,0.19893749999987567,0.08114374999994929,0.07362499999995398,0.07669999999995206,0.04237499999997352,0.03481249999997824,0.038156249999976154,0.04358124999997276,0.034249999999978596,0.03622499999997736,0.052106249999967436,0.03896249999997565,0.04364999999997272
tag.txt,0.015512499999990305,0.012149999999992406,0.01403124999999123,0.032756249999979524,0.024793749999984505,0.030631249999980854,0.049174999999969264,0.04062499999997461,0.04982499999996886,0.19062499999988086,0.18964999999988147,0.1959687499998775,0.3011062499998118,0.35079999999978073,0.31644374999980224,0.19267499999987958,0.2006624999998746,0.19721874999987674,0.08164374999994897,0.07432499999995355,0.07691874999995192,0.042362499999973525,0.03452499999997842,0.037899999999976314,0.04203749999997373,0.03358124999997901,0.03605624999997747,0.052106249999967436,0.0388874999999757,0.045006249999971874
tag.txt,0.015512499999990305,0.012237499999992352,0.013981249999991261,0.031049999999980593,0.023312499999985428,0.02940624999998162,0.04946249999996909,0.04027499999997483,0.049368749999969146,0.19239374999987977,0.19225624999987984,0.198362499999876,0.3059312499998088,0.35509999999977804,0.3204624999997997,0.19477499999987827,0.2033624999998729,0.20204374999987373,0.07864999999995084,0.07193124999995504,0.07335624999995415,0.04041874999997474,0.03245624999997972,0.03601249999997749,0.041156249999974276,0.0323124999999798,0.03438124999997851,0.050649999999968345,0.03675624999997703,0.04262499999997336
tag.txt,0.01577499999999014,0.012906249999991933,0.014649999999990844,0.030837499999980728,0.024056249999984965,0.029593749999981503,0.049599999999969,0.04113124999997429,0.05076874999996827,0.19411249999987867,0.1932499999998792,0.1966312499998771,0.30852499999980715,0.3543687499997785,0.3211374999997993,0.19366874999987896,0.20138124999987414,0.20004999999987497,0.0793624999999504,0.07204999999995497,0.07463124999995335,0.03993749999997504,0.03255624999997965,0.03671874999997705,0.03906249999997559,0.03063749999998085,0.032756249999979524,0.0491187499999693,0.03766249999997646,0.04306249999997309
tag.txt,0.01572499999999017,0.012331249999992293,0.014618749999990863,0.0340812499999787,0.026499999999983436,0.03418124999997864,0.04734999999997041,0.04118124999997426,0.048324999999969795,0.1862312499998836,0.18531249999988417,0.1841374999998849,0.3004687499998122,0.3426124999997859,0.32278124999979824,0.18851874999988216,0.20185624999987384,0.1942124999998786,0.08254374999994842,0.07721874999995174,0.07652499999995217,0.045337499999971664,0.03710624999997681,0.0411124999999743,0.045418749999971614,0.03608124999997745,0.03829999999997606,0.054324999999966046,0.039799999999975126,0.04580624999997137
tag.txt,0.01356874999999152,0.01043124999999348,0.011649999999992718,0.029931249999981292,0.023881249999985074,0.03038124999998101,0.04444999999997222,0.036187499999977384,0.04588749999997132,0.18823749999988235,0.18626874999988358,0.18756874999988277,0.3293812499997941,0.37434374999976605,0.3511999999997805,0.19227499999987982,0.20021874999987485,0.19063749999988086,0.07673749999995204,0.07020624999995612,0.07064999999995585,0.0407999999999745,0.032537499999979666,0.03861874999997586,0.03973124999997517,0.032012499999979994,0.033899999999978815,0.04488749999997194,0.03391249999997881,0.03950624999997531
tag.txt,0.015043749999990598,0.011849999999992594,0.013306249999991684,0.03246249999997971,0.025931249999983794,0.033293749999979194,0.04754999999997028,0.04069999999997456,0.04845624999996972,0.18788124999988257,0.1891249999998818,0.18674374999988327,0.30935624999980665,0.3463374999997835,0.32780624999979513,0.18970624999988142,0.20394374999987253,0.19706874999987684,0.08094374999994941,0.07538749999995288,0.07583124999995261,0.043212499999972995,0.03459374999997838,0.038918749999975674,0.042518749999973425,0.03416249999997865,0.03521249999997799,0.051324999999967924,0.03796874999997627,0.043362499999972895
tag.txt,0.014306249999991059,0.01204999999999247,0.013349999999991657,0.030312499999981056,0.025043749999984346,0.0316812499999802,0.0465562499999709,0.03946874999997533,0.04774374999997016,0.18948749999988157,0.18756249999988278,0.18408124999988495,0.3282499999997948,0.3660749999997712,0.3479937499997825,0.19225624999987984,0.1994874999998753,0.1927937499998795,0.07541874999995286,0.07054374999995591,0.07068124999995583,0.04084374999997447,0.03348749999997907,0.03794374999997629,0.03804999999997622,0.03123124999998048,0.03323124999997923,0.04451874999997218,0.03504999999997809,0.04049999999997469
tag.txt,0.019293749999987942,0.017768749999988894,0.019674999999987702,0.033556249999979026,0.03124374999998047,0.03674999999997703,0.05477499999996577,0.05069999999996831,0.05818749999996363,0.19113749999988053,0.18728749999988295,0.18778749999988265,0.2978249999998139,0.3243249999997973,0.29361874999981646,0.19850624999987593,0.20344374999987286,0.20260624999987337,0.08039374999994975,0.07542499999995286,0.07927499999995045,0.0403249999999748,0.03556874999997777,0.03873749999997579,0.033806249999978874,0.02964999999998147,0.03273124999997954,0.050381249999968514,0.044587499999972136,0.050631249999968354
tag.txt,0.018487499999988444,0.016393749999989753,0.018562499999988397,0.031756249999980155,0.029431249999981604,0.03642499999997723,0.05335624999996665,0.05001874999996874,0.05693124999996442,0.19364374999987896,0.19189374999988007,0.18939374999988162,0.30646874999980844,0.3321124999997924,0.3014687499998116,0.1985624999998759,0.20201874999987374,0.20309374999987306,0.07833124999995104,0.07289999999995443,0.0771062499999518,0.038856249999975716,0.034724999999978294,0.03706874999997683,0.03289374999997944,0.028599999999982126,0.031674999999980205,0.047643749999970224,0.04190624999997381,0.04827499999996983
tag.txt,0.017818749999988864,0.016474999999989703,0.018231249999988604,0.0305562499999809,0.0281624999999824,0.03253124999997967,0.05196249999996752,0.0483124999999698,0.05626874999996483,0.19498124999987815,0.19373124999987892,0.19186874999988007,0.31508749999980307,0.3373374999997892,0.3102187499998061,0.19749999999987655,0.19899999999987564,0.2006624999998746,0.07582499999995261,0.0716812499999552,0.07606249999995246,0.03721249999997674,0.03452499999997842,0.03633124999997729,0.03292499999997942,0.028668749999982084,0.030699999999980812,0.04613124999997117,0.042106249999973686,0.047124999999970545
tag.txt,0.019718749999987677,0.01846249999998846,0.02043124999998723,0.033187499999979254,0.03127499999998045,0.03759374999997651,0.05443749999996598,0.05154374999996778,0.05984999999996259,0.19301249999987938,0.1932937499998792,0.1883187499998823,0.30667499999980835,0.32343124999979783,0.2950062499998156,0.19443124999987849,0.198418749999876,0.1996624999998752,0.07908124999995057,0.07449999999995344,0.07783749999995135,0.038918749999975674,0.03546874999997783,0.03916874999997552,0.03189374999998006,0.029099999999981814,0.031843749999980096,0.0486437499999696,0.044506249999972186,0.05028749999996857
tag.txt,0.009612499999993992,0.007962499999995024,0.010662499999993335,0.02269999999998581,0.019318749999987925,0.026362499999983524,0.036793749999977005,0.031581249999980264,0.042024999999973736,0.19109374999988057,0.1870499999998831,0.188806249999882,0.3700687499997687,0.4052937499997467,0.3640812499997724,0.21398749999986624,0.2187312499998633,0.21445624999986596,0.06958124999995652,0.0609499999999619,0.0678437499999576,0.028662499999982084,0.02377499999998514,0.02906874999998183,0.02483124999998448,0.020087499999987445,0.023418749999985364,0.03266874999997958,0.02524999999998422,0.0332749999999792
tag.txt,0.008006249999994997,0.0063499999999960316,0.009418749999994112,0.019943749999987534,0.016849999999989467,0.025081249999984324,0.03428124999997857,0.029156249999981777,0.03900624999997562,0.19166249999988022,0.1857874999998839,0.1866937499998833,0.39641874999975224,0.43658124999972714,0.38889999999975694,0.20391874999987256,0.20275624999987327,0.2044624999998722,0.06318124999996051,0.056618749999964614,0.06359999999996024,0.027756249999982652,0.02358749999998526,0.0289624999999819,0.024931249999984417,0.019387499999987883,0.023112499999985554,0.029899999999981313,0.022924999999985672,0.030762499999980774
tag.txt,0.008074999999994953,0.006712499999995804,0.009962499999993773,0.020087499999987445,0.017674999999988953,0.024556249999984653,0.034056249999978715,0.029812499999981368,0.03984999999997509,0.19787499999987632,0.19524374999987798,0.19459999999987837,0.3882999999997573,0.4172312499997392,0.37204374999976747,0.2084687499998697,0.21032499999986853,0.21364374999986646,0.06314374999996053,0.05689999999996444,0.06502499999995937,0.02718124999998301,0.0231999999999855,0.027431249999982855,0.02291249999998568,0.01905624999998809,0.021668749999986456,0.029899999999981313,0.0238437499999851,0.031218749999980488
tag.txt,0.008081249999994948,0.007431249999995356,0.010937499999993164,0.021524999999986548,0.01906874999998808,0.028249999999982345,0.03562499999997774,0.031574999999980265,0.04219374999997363,0.19211249999987992,0.18882499999988198,0.18453749999988467,0.3929937499997544,0.41883124999973825,0.3692999999997692,0.20755624999987027,0.209618749999869,0.21299374999986687,0.06371874999996018,0.05699999999996438,0.0652749999999592,0.02726249999998296,0.023462499999985335,0.028537499999982164,0.02187499999998633,0.019431249999987854,0.023556249999985276,0.029249999999981718,0.024756249999984527,0.03441874999997849
tag.txt,0.007893749999995066,0.0055562499999965275,0.007931249999995043,0.017674999999988953,0.013893749999991316,0.019268749999987955,0.0339249999999788,0.02508749999998432,0.03410624999997868,0.19275624999987953,0.17974999999988767,0.19242499999987972,0.3993562499997504,0.46284374999971073,0.404812499999747,0.20690624999987067,0.20199999999987375,0.2121749999998674,0.061574999999961515,0.04999999999996875,0.05693124999996442,0.025462499999984085,0.020906249999986932,0.023812499999985116,0.025462499999984085,0.019199999999988,0.021431249999986607,0.028987499999981882,0.020762499999987024,0.027106249999983057
tag.txt,0.007318749999995426,0.005299999999996688,0.009843749999993847,0.016862499999989462,0.014837499999990726,0.022556249999985904,0.0321562499999799,0.023481249999985323,0.034737499999978286,0.19436249999987854,0.18142499999988662,0.18917499999988177,0.4022249999997486,0.45958749999971277,0.3853124999997592,0.21043749999986847,0.20576874999987138,0.21786249999986385,0.06094374999996191,0.048931249999969416,0.05956874999996277,0.025624999999983984,0.02046249999998721,0.025812499999983866,0.022843749999985723,0.019206249999987997,0.023581249999985263,0.027224999999982985,0.020999999999986876,0.03154999999998028
tag.txt,0.006518749999995925,0.005156249999996777,0.008787499999994508,0.017012499999989366,0.013949999999991282,0.02046249999998721,0.03124374999998047,0.022774999999985765,0.03240624999997974,0.19299999999987938,0.18153749999988653,0.18953124999988155,0.4137999999997414,0.46708749999970806,0.40418124999974736,0.204774999999872,0.1977562499998764,0.20929999999986917,0.057556249999964025,0.04922499999996923,0.05719374999996425,0.025362499999984148,0.0214437499999866,0.02526249999998421,0.02423749999998485,0.020212499999987366,0.023718749999985175,0.02649374999998344,0.020856249999986965,0.029156249999981777
tag.txt,0.008199999999994875,0.006312499999996055,0.010712499999993306,0.018306249999988557,0.016068749999989956,0.023531249999985293,0.03394374999997878,0.025543749999984034,0.03544374999997785,0.19273124999987953,0.18234374999988603,0.190412499999881,0.39481249999975326,0.4439749999997225,0.375999999999765,0.21098749999986813,0.20796874999987003,0.21662499999986462,0.062181249999961136,0.05243124999996723,0.06068749999996207,0.026187499999983634,0.02171249999998643,0.027337499999982914,0.024612499999984615,0.020724999999987045,0.026199999999983625,0.028037499999982476,0.022918749999985676,0.033049999999979346
tag.txt,0.01422499999999111,0.013324999999991672,0.013181249999991762,0.027537499999982788,0.02513124999998429,0.027924999999982547,0.041581249999974014,0.04057499999997464,0.04428124999997232,0.17944999999988784,0.18038749999988726,0.18199374999988624,0.36904999999976934,0.3817812499997614,0.3641937499997724,0.198418749999876,0.199999999999875,0.20184999999987385,0.06408124999995995,0.060999999999961876,0.06469999999995957,0.03476874999997827,0.031768749999980146,0.03347499999997908,0.029449999999981595,0.02674999999998328,0.027993749999982505,0.0414374999999741,0.03928124999997545,0.04040624999997475
tag.txt,0.013124999999991796,0.012374999999992265,0.012849999999991969,0.025837499999983853,0.02452499999998467,0.027049999999983095,0.039099999999975564,0.036962499999976896,0.04061874999997461,0.17708749999988932,0.17528749999989043,0.17756874999988903,0.39944999999975034,0.41559999999974023,0.39432499999975357,0.19081249999988073,0.19093749999988066,0.1945812499998784,0.05777499999996389,0.054581249999965886,0.058406249999963494,0.03173124999998017,0.029781249999981385,0.030056249999981216,0.026643749999983347,0.02454374999998466,0.026424999999983483,0.03843749999997598,0.03540624999997787,0.03811874999997618
tag.txt,0.013993749999991255,0.014262499999991086,0.014387499999991008,0.027962499999982522,0.02657499999998339,0.02881249999998199,0.04273749999997329,0.04119999999997425,0.04513749999997179,0.18167499999988646,0.18089999999988693,0.18057499999988713,0.37329374999976667,0.38205624999976123,0.36539374999977164,0.1956812499998777,0.19671874999987704,0.19955624999987528,0.06204999999996122,0.06083749999996198,0.06400624999995999,0.034656249999978336,0.03116874999998052,0.032868749999979456,0.027593749999982754,0.02657499999998339,0.027012499999983116,0.04035624999997478,0.039706249999975185,0.04224999999997359
tag.txt,0.01609999999998994,0.0161562499999899,0.015581249999990261,0.03011249999998118,0.029249999999981718,0.03084999999998072,0.04475624999997203,0.043449999999972844,0.04691874999997068,0.17640624999988974,0.174399999999891,0.1750249999998906,0.3682999999997698,0.3777749999997639,0.36428749999977234,0.19291874999987943,0.19419374999987862,0.1989187499998757,0.06438749999995975,0.06307499999996058,0.06526874999995921,0.035437499999977855,0.032793749999979506,0.033037499999979354,0.028412499999982244,0.02696249999998315,0.02743749999998285,0.04316874999997302,0.04194374999997379,0.042674999999973325
tag.txt,0.01571249999999018,0.015512499999990305,0.01531249999999043,0.026262499999983587,0.026306249999983558,0.027712499999982678,0.04291249999997318,0.04220624999997362,0.04548124999997157,0.18096874999988688,0.1784062499998885,0.18244999999988598,0.37351874999976653,0.3874812499997578,0.3672187499997705,0.1987562499998758,0.19474374999987829,0.20056249999987466,0.06025624999996234,0.0577562499999639,0.06009374999996244,0.03351249999997905,0.03148749999998032,0.032243749999979844,0.02777499999998264,0.026793749999983255,0.02729999999998294,0.0403249999999748,0.03930624999997543,0.04162499999997398
tag.txt,0.016418749999989737,0.016149999999989905,0.016374999999989766,0.027081249999983074,0.026837499999983225,0.02812499999998242,0.04435624999997228,0.044331249999972296,0.04861874999996961,0.18606249999988372,0.18376874999988516,0.18769999999988268,0.3620937499997737,0.3723062499997673,0.353612499999779,0.19653749999987716,0.19558749999987776,0.19716249999987678,0.06294999999996066,0.05974999999996266,0.06296874999996065,0.034037499999978724,0.03268749999997957,0.03416874999997865,0.02777499999998264,0.02653124999998342,0.027843749999982598,0.04268749999997332,0.04204999999997372,0.04342499999997286
tag.txt,0.016168749999989896,0.016387499999989757,0.016024999999989985,0.0260812499999837,0.026162499999983647,0.027349999999982905,0.04333749999997291,0.04227499999997358,0.04749374999997032,0.18547499999988407,0.1835437499998853,0.1858812499998838,0.3708437499997682,0.37978124999976265,0.36149999999977406,0.1963499999998773,0.1948499999998782,0.19811874999987616,0.0599937499999625,0.05819999999996363,0.061512499999961556,0.03378749999997888,0.032437499999979726,0.033037499999979354,0.026968749999983145,0.02648124999998345,0.0268812499999832,0.04099374999997438,0.039881249999975076,0.04219999999997363
tag.txt,0.016887499999989446,0.016937499999989412,0.016868749999989458,0.026949999999983158,0.027562499999982774,0.029274999999981705,0.04547499999997158,0.04478749999997201,0.048856249999969466,0.18828124999988233,0.18609374999988368,0.18881249999988198,0.3577374999997764,0.364793749999772,0.3458062499997839,0.19544374999987785,0.1937937499998789,0.19851874999987593,0.06393124999996004,0.062168749999961144,0.0654437499999591,0.03444374999997847,0.03374374999997891,0.034743749999978285,0.027512499999982804,0.027199999999982998,0.027737499999982665,0.04333749999997291,0.04291874999997317,0.04393749999997254
tag.txt,0.01571249999999018,0.015512499999990305,0.01531249999999043,0.026262499999983587,0.026306249999983558,0.027712499999982678,0.04291249999997318,0.04220624999997362,0.04548124999997157,0.18096874999988688,0.1784062499998885,0.18244999999988598,0.37351874999976653,0.3874812499997578,0.3672187499997705,0.1987562499998758,0.19474374999987829,0.20056249999987466,0.06025624999996234,0.0577562499999639,0.06009374999996244,0.03351249999997905,0.03148749999998032,0.032243749999979844,0.02777499999998264,0.026793749999983255,0.02729999999998294,0.0403249999999748,0.03930624999997543,0.04162499999997398
tag.txt,0.016418749999989737,0.016149999999989905,0.016374999999989766,0.027081249999983074,0.026837499999983225,0.02812499999998242,0.04435624999997228,0.044331249999972296,0.04861874999996961,0.18606249999988372,0.18376874999988516,0.18769999999988268,0.3620937499997737,0.3723062499997673,0.353612499999779,0.19653749999987716,0.19558749999987776,0.19716249999987678,0.06294999999996066,0.05974999999996266,0.06296874999996065,0.034037499999978724,0.03268749999997957,0.03416874999997865,0.02777499999998264,0.02653124999998342,0.027843749999982598,0.04268749999997332,0.04204999999997372,0.04342499999997286
tag.txt,0.016168749999989896,0.016387499999989757,0.016024999999989985,0.0260812499999837,0.026162499999983647,0.027349999999982905,0.04333749999997291,0.04227499999997358,0.04749374999997032,0.18547499999988407,0.1835437499998853,0.1858812499998838,0.3708437499997682,0.37978124999976265,0.36149999999977406,0.1963499999998773,0.1948499999998782,0.19811874999987616,0.0599937499999625,0.05819999999996363,0.061512499999961556,0.03378749999997888,0.032437499999979726,0.033037499999979354,0.026968749999983145,0.02648124999998345,0.0268812499999832,0.04099374999997438,0.039881249999975076,0.04219999999997363
tag.txt,0.016887499999989446,0.016937499999989412,0.016868749999989458,0.026949999999983158,0.027562499999982774,0.029274999999981705,0.04547499999997158,0.04478749999997201,0.048856249999969466,0.18828124999988233,0.18609374999988368,0.18881249999988198,0.3577374999997764,0.364793749999772,0.3458062499997839,0.19544374999987785,0.1937937499998789,0.19851874999987593,0.06393124999996004,0.062168749999961144,0.0654437499999591,0.03444374999997847,0.03374374999997891,0.034743749999978285,0.027512499999982804,0.027199999999982998,0.027737499999982665,0.04333749999997291,0.04291874999997317,0.04393749999997254
tag.txt,0.012437499999992227,0.012449999999992219,0.012518749999992175,0.02161874999998649,0.021143749999986784,0.02305624999998559,0.03873749999997579,0.03864999999997584,0.043468749999972835,0.19924374999987546,0.19530624999987795,0.19857499999987588,0.3801249999997624,0.3928124999997545,0.37066874999976834,0.20117499999987426,0.1985374999998759,0.20344374999987286,0.058262499999963586,0.05666249999996459,0.05994999999996253,0.02803124999998248,0.02622499999998361,0.027831249999982606,0.02554999999998403,0.024074999999984952,0.024824999999984484,0.034818749999978235,0.034137499999978664,0.03566249999997771
tag.txt,0.011706249999992684,0.011862499999992586,0.012293749999992316,0.021287499999986696,0.021868749999986333,0.02425624999998484,0.038149999999976154,0.03749374999997657,0.0433499999999729,0.2041624999998724,0.20089999999987443,0.20233749999987355,0.3790749999997631,0.38748749999975785,0.36346874999977286,0.19826249999987608,0.1975812499998765,0.2014749999998741,0.05857499999996339,0.05692499999996442,0.06179999999996137,0.028362499999982273,0.02714999999998303,0.029449999999981595,0.025756249999983903,0.02465624999998459,0.024812499999984493,0.034662499999978336,0.034074999999978706,0.03675624999997703
tag.txt,0.012737499999992038,0.012787499999992008,0.013149999999991781,0.021706249999986434,0.021981249999986262,0.0243187499999848,0.039606249999975245,0.03879999999997575,0.04358124999997276,0.19813749999987618,0.19757499999987652,0.1995124999998753,0.38202499999976125,0.38779374999975763,0.3672437499997705,0.19741249999987662,0.1982437499998761,0.20083749999987446,0.0587249999999633,0.05577499999996514,0.0596812499999627,0.028262499999982336,0.027962499999982522,0.029724999999981423,0.025756249999983903,0.024468749999984708,0.02481874999998449,0.03563124999997773,0.03461249999997837,0.037131249999976794
tag.txt,0.014049999999991219,0.014424999999990985,0.014931249999990667,0.023987499999985007,0.02444999999998472,0.027718749999982674,0.041849999999973846,0.041412499999974116,0.04631874999997105,0.19964374999987522,0.19709999999987682,0.19684999999987696,0.36266249999977335,0.36977499999976887,0.3484624999997822,0.20204374999987373,0.199987499999875,0.20408749999987244,0.06144999999996159,0.06011249999996243,0.06268124999996083,0.029912499999981305,0.02971249999998143,0.03254374999997966,0.026362499999983524,0.025362499999984148,0.02594999999998378,0.03803749999997623,0.03766249999997646,0.040456249999974714
tag.txt,0.013418749999991613,0.013843749999991347,0.014374999999991015,0.02492499999998442,0.02486249999998446,0.028168749999982395,0.03963749999997523,0.0391999999999755,0.045193749999971757,0.17773124999988893,0.17661249999988962,0.17720624999988924,0.3849874999997594,0.39111249999975556,0.36361874999977273,0.20407499999987244,0.20199374999987374,0.20683749999987072,0.05940624999996287,0.05897499999996314,0.06419999999995987,0.03084999999998072,0.029687499999981444,0.031756249999980155,0.02523124999998423,0.024587499999984632,0.026343749999983537,0.03973749999997516,0.03912499999997555,0.04229999999997356
tag.txt,0.01246249999999221,0.012593749999992129,0.013062499999991836,0.02465624999998459,0.02460624999998462,0.02839999999998225,0.03709374999997682,0.03736874999997664,0.04263124999997336,0.17291249999989192,0.17031874999989355,0.1708874999998932,0.4067374999997458,0.4137187499997414,0.3857187499997589,0.2017749999998739,0.20099999999987436,0.2062374999998711,0.05504999999996559,0.054318749999966054,0.058681249999963325,0.029587499999981507,0.028374999999982265,0.030649999999980842,0.02376249999998515,0.02254374999998591,0.02434999999998478,0.035962499999977526,0.035156249999978025,0.03938124999997539
tag.txt,0.015137499999990539,0.015849999999990094,0.01644999999998972,0.026593749999983377,0.027368749999982893,0.030443749999980972,0.041493749999974065,0.0422374999999736,0.048518749999969676,0.1784062499998885,0.1771249999998893,0.17701874999988937,0.3763062499997648,0.3767999999997645,0.3484812499997822,0.20178124999987387,0.199974999999875,0.20476874999987202,0.06118124999996176,0.06139374999996163,0.0663937499999585,0.032674999999979575,0.03138124999998038,0.0337624999999789,0.025399999999984126,0.025624999999983984,0.027956249999982526,0.04102499999997436,0.042243749999973594,0.04620624999997112
tag.txt,0.013481249999991575,0.014499999999990937,0.015512499999990305,0.026568749999983394,0.0263999999999835,0.03059374999998088,0.039287499999975446,0.03926249999997546,0.04358749999997276,0.1723062499998923,0.17109999999989306,0.1710312499998931,0.40053124999974965,0.40328749999974794,0.3723312499997673,0.198431249999876,0.1969749999998769,0.2046437499998721,0.05624374999996485,0.05609374999996494,0.06087499999996195,0.031256249999980466,0.030387499999981006,0.03230624999997981,0.023906249999985058,0.02354999999998528,0.025768749999983895,0.037987499999976256,0.03844374999997597,0.0433499999999729
tag.txt,0.011468749999992832,0.011331249999992918,0.012406249999992246,0.020962499999986898,0.021306249999986683,0.024424999999984733,0.03640624999997725,0.0359999999999775,0.04146249999997408,0.18118749999988676,0.17931249999988794,0.18294999999988565,0.4088937499997444,0.41892499999973815,0.38500624999975935,0.20569374999987144,0.20166874999987397,0.209574999999869,0.05461249999996587,0.05179999999996762,0.057987499999963756,0.02674999999998328,0.02627499999998358,0.02761249999998274,0.02110624999998681,0.020681249999987075,0.02217499999998614,0.03291874999997942,0.032699999999979565,0.03639999999997725
tag.txt,0.010774999999993266,0.010606249999993371,0.011837499999992602,0.01990624999998756,0.020356249999987277,0.02409999999998494,0.0366437499999771,0.036037499999977476,0.04289999999997319,0.18962499999988147,0.18684374999988324,0.18806874999988246,0.39422499999975363,0.4062249999997461,0.3702749999997686,0.21128124999986794,0.2073624999998704,0.21475624999986578,0.05743124999996411,0.05481249999996574,0.06156874999996152,0.027049999999983095,0.026349999999983532,0.02806249999998246,0.021031249999986856,0.019893749999987567,0.021812499999986367,0.03203124999997998,0.031512499999980306,0.036618749999977114
tag.txt,0.011224999999992984,0.01145624999999284,0.01251249999999218,0.020424999999987235,0.02113749999998679,0.02462499999998461,0.035531249999977796,0.03481249999997824,0.040549999999974655,0.18210624999988617,0.17909374999988806,0.1836874999998852,0.4172499999997392,0.4261312499997337,0.3893999999997566,0.20057499999987463,0.19646249999987722,0.20644374999987097,0.05223749999996735,0.05123124999996798,0.056293749999964816,0.027037499999983103,0.026593749999983377,0.027893749999982568,0.021018749999986864,0.020743749999987036,0.022612499999985866,0.03259374999997963,0.03233749999997979,0.03598124999997751
tag.txt,0.012706249999992059,0.013662499999991461,0.01508749999999057,0.022568749999985895,0.023368749999985394,0.0279999999999825,0.03845624999997597,0.038487499999975944,0.04648749999997095,0.1885999999998821,0.18523749999988423,0.18469999999988457,0.38605624999975874,0.38857499999975714,0.3486312499997821,0.20586249999987133,0.2046374999998721,0.2106999999998683,0.05813124999996367,0.05691249999996443,0.06457499999995964,0.02884999999998197,0.028956249999981903,0.032343749999979785,0.022837499999985727,0.02294374999998566,0.025624999999983984,0.035931249999977544,0.037218749999976736,0.04384999999997259
tag.txt,0.014412499999990992,0.012856249999991964,0.012793749999992004,0.025018749999984363,0.02337499999998539,0.025481249999984076,0.042024999999973736,0.038774999999975766,0.044799999999972,0.18841249999988224,0.1831999999998855,0.19067499999988083,0.3588749999997757,0.38933749999975664,0.3626249999997734,0.19529374999987795,0.19553124999987778,0.19974374999987515,0.06644374999995847,0.06156249999996152,0.06433749999995979,0.03427499999997858,0.02983749999998135,0.03129374999998044,0.03384999999997884,0.0289624999999819,0.029037499999981852,0.04139374999997413,0.03656249999997715,0.03921249999997549
tag.txt,0.012518749999992175,0.011674999999992703,0.01193749999999254,0.02196874999998627,0.021031249999986856,0.023543749999985285,0.04018749999997488,0.03705624999997684,0.043618749999972735,0.19413124999987866,0.19098749999988063,0.1964562499998772,0.37783749999976385,0.4035374999997478,0.37437499999976603,0.19176249999988015,0.18920624999988175,0.19421874999987862,0.062362499999961025,0.05749374999996407,0.0612812499999617,0.032324999999979794,0.0294437499999816,0.031031249999980606,0.029449999999981595,0.02609999999998369,0.026968749999983145,0.03745624999997659,0.033468749999979085,0.03656874999997715
tag.txt,0.013937499999991288,0.01278124999999201,0.013587499999991507,0.024456249999984716,0.023868749999985082,0.0252812499999842,0.042187499999973635,0.03803749999997623,0.04538124999997164,0.19048749999988093,0.18793124999988253,0.19331874999987916,0.36466874999977206,0.39014999999975614,0.3596687499997752,0.19328749999987918,0.19231249999987982,0.19882499999987574,0.0657624999999589,0.060981249999961885,0.06498749999995938,0.034306249999978555,0.0305562499999809,0.03186249999998009,0.0310374999999806,0.027806249999982623,0.02841874999998224,0.039868749999975084,0.03557499999997776,0.038668749999975834
tag.txt,0.015281249999990448,0.014131249999991168,0.01457499999999089,0.025531249999984042,0.024006249999984994,0.02705624999998309,0.04290624999997318,0.0409562499999744,0.04632499999997105,0.1912124999998805,0.18860624999988213,0.19283124999987947,0.3590812499997756,0.3821499999997612,0.3534499999997791,0.19262499999987961,0.1929812499998794,0.19993749999987503,0.0667124999999583,0.061581249999961514,0.06518749999995926,0.0340874999999787,0.030587499999980883,0.03262499999997961,0.03108749999998057,0.027618749999982737,0.028024999999982484,0.04147499999997408,0.037381249999976635,0.03998749999997501
tag.txt,0.01699374999998938,0.01614374999998991,0.015787499999990132,0.028631249999982105,0.027349999999982905,0.02990624999998131,0.047993749999970005,0.04391874999997255,0.04967499999996895,0.1921812499998799,0.1897749999998814,0.1918187499998801,0.3385562499997884,0.36071249999977456,0.34476249999978453,0.1822312499998861,0.1865624999998834,0.18634374999988354,0.06973124999995642,0.06571249999995893,0.06805624999995746,0.039012499999975615,0.034137499999978664,0.035749999999977654,0.03768749999997645,0.033306249999979186,0.03334374999997916,0.04698124999997064,0.04238124999997351,0.04455624999997215
tag.txt,0.017074999999989328,0.01580624999999012,0.01556874999999027,0.02936249999998165,0.02781249999998262,0.03059374999998088,0.047206249999970494,0.04360624999997274,0.0497562499999689,0.19264999999987958,0.19062499999988086,0.19251874999987967,0.34064999999978707,0.3642187499997724,0.3464187499997835,0.18163124999988647,0.18413124999988492,0.1867499999998833,0.07000624999995625,0.06581874999995886,0.0676937499999577,0.03836874999997602,0.03428749999997857,0.03559999999997775,0.03667499999997708,0.03201874999997999,0.031912499999980054,0.046374999999971016,0.041674999999973955,0.043187499999973004
tag.txt,0.018349999999988532,0.01729999999998919,0.017174999999989265,0.03004374999998122,0.029206249999981747,0.03299374999997938,0.049618749999968986,0.04665624999997084,0.05176249999996765,0.1873812499998829,0.18696874999988314,0.18713749999988305,0.33493749999979067,0.3544062499997785,0.3380437499997887,0.183962499999885,0.18404999999988497,0.18439999999988474,0.06968749999995645,0.06674999999995829,0.06901874999995686,0.03853124999997592,0.03539374999997788,0.03770624999997643,0.0377624999999764,0.033524999999979044,0.034049999999978715,0.04972499999996892,0.04574374999997141,0.04771249999997018
tag.txt,0.019193749999988005,0.018212499999988616,0.017749999999988907,0.032106249999979936,0.031593749999980256,0.034324999999978546,0.04966874999996896,0.046181249999971134,0.052362499999967275,0.18854999999988215,0.1859124999998838,0.187218749999883,0.33094999999979313,0.35133124999978044,0.332799999999792,0.1837999999998851,0.18612499999988366,0.18881249999988198,0.06965624999995647,0.0665624999999584,0.06870624999995706,0.040487499999974697,0.03563124999997773,0.03766874999997646,0.03666874999997708,0.033549999999979034,0.033381249999979136,0.048918749999969424,0.044899999999971935,0.04697499999997064
tag.txt,0.015093749999990566,0.015206249999990496,0.016056249999989964,0.02713749999998304,0.026887499999983196,0.03189374999998006,0.04391874999997255,0.04321874999997299,0.04993749999996879,0.18826249999988234,0.18598749999988376,0.18393749999988504,0.3413999999997866,0.35321874999977926,0.329581249999794,0.21112499999986806,0.21147499999986782,0.21018749999986863,0.07047499999995595,0.06668749999995832,0.07155624999995527,0.031768749999980146,0.029937499999981288,0.033224999999979236,0.028231249999982354,0.026593749999983377,0.028874999999981953,0.04258749999997338,0.04078749999997451,0.044749999999972034
tag.txt,0.013543749999991535,0.013356249999991653,0.014149999999991156,0.02572499999998392,0.025593749999984004,0.030649999999980842,0.040731249999974545,0.03956874999997527,0.04800624999997,0.19238749999987975,0.18962499999988147,0.18761874999988273,0.361574999999774,0.3739249999997663,0.3451437499997843,0.20555624999987152,0.20571249999987143,0.20793124999987003,0.06461249999995962,0.061812499999961364,0.06808749999995745,0.03089374999998069,0.027981249999982513,0.03155624999998028,0.026699999999983313,0.024949999999984405,0.026699999999983313,0.03827499999997608,0.037474999999976576,0.0401562499999749
tag.txt,0.014762499999990773,0.014818749999990739,0.015293749999990442,0.026437499999983478,0.026281249999983575,0.03134374999998041,0.04273749999997329,0.043562499999972776,0.050649999999968345,0.1865749999998834,0.18510624999988431,0.18398124999988502,0.35079374999978075,0.35563124999977774,0.3303874999997935,0.2097499999998689,0.21190624999986757,0.21144374999986784,0.06857499999995714,0.06553749999995905,0.07134374999995541,0.031331249999980416,0.029818749999981364,0.032618749999979615,0.02803124999998248,0.026699999999983313,0.028481249999982198,0.04100624999997437,0.040637499999974604,0.04445624999997221
tag.txt,0.014849999999990718,0.015443749999990347,0.0164812499999897,0.028093749999982442,0.028649999999982093,0.033724999999978925,0.043187499999973004,0.04333749999997291,0.04949374999996907,0.18583749999988386,0.18215624999988614,0.18026249999988733,0.35874374999977576,0.3653812499997716,0.3361499999997899,0.20198124999987377,0.20133749999987416,0.20514999999987177,0.06584999999995884,0.0651187499999593,0.07097499999995564,0.03238749999997976,0.030681249999980825,0.03371249999997893,0.02811249999998243,0.02716874999998302,0.02888124999998195,0.0409562499999744,0.040724999999974545,0.045168749999971766
tag.txt,0.014093749999991191,0.014449999999990968,0.014956249999990652,0.027037499999983103,0.025943749999983785,0.03060624999998087,0.041656249999973964,0.04075624999997453,0.04829374999996982,0.17974999999988767,0.1780687499998887,0.17789374999988883,0.36069374999977455,0.37271874999976706,0.34538749999978413,0.20709374999987057,0.20741249999987035,0.20833749999986978,0.06804999999995746,0.06449999999995969,0.06902499999995686,0.03186249999998009,0.029506249999981558,0.03331249999997918,0.028599999999982126,0.026756249999983276,0.028443749999982223,0.041162499999974275,0.03988749999997507,0.04374374999997266
tag.txt,0.01425624999999109,0.014249999999991094,0.014818749999990739,0.027537499999982788,0.027193749999983002,0.031656249999980214,0.04134999999997416,0.04069999999997456,0.047574999999970266,0.17976249999988764,0.17656249999988965,0.17834374999988853,0.3702437499997686,0.3800062499997625,0.35176249999978015,0.1986999999998758,0.20154999999987402,0.20166249999987396,0.06690624999995819,0.06378124999996014,0.06973749999995642,0.03224999999997984,0.02978749999998138,0.033206249999979245,0.028631249999982105,0.02649374999998344,0.028374999999982265,0.04036249999997477,0.0396749999999752,0.042862499999973214
tag.txt,0.014168749999991145,0.014468749999990958,0.01497499999999064,0.026712499999983305,0.026406249999983495,0.03179999999998012,0.04171874999997392,0.04179999999997387,0.04828749999996982,0.18090624999988694,0.17975624999988765,0.1809187499998869,0.3625749999997734,0.3681874999997699,0.3406374999997871,0.2060749999998712,0.20751249999987031,0.20728124999987044,0.0678312499999576,0.06574999999995891,0.07123124999995548,0.03194374999998004,0.029349999999981655,0.033031249999979355,0.02759999999998275,0.026487499999983444,0.028181249999982387,0.040468749999974706,0.04028124999997482,0.04365624999997272
tag.txt,0.013412499999991617,0.013687499999991446,0.014906249999990684,0.025893749999983815,0.027118749999983052,0.03301874999997936,0.040006249999975,0.04006249999997496,0.04723749999997048,0.18152499999988655,0.17794999999988878,0.17672499999988955,0.37830624999976353,0.38264999999976085,0.3516812499997802,0.1985437499998759,0.20083124999987448,0.20380624999987262,0.06490624999995943,0.0633562499999604,0.06831249999995731,0.03114999999998053,0.028806249999981996,0.033706249999978934,0.027443749999982846,0.02658749999998338,0.02773124999998267,0.03881249999997574,0.03894999999997566,0.042874999999973205
tag.txt,0.023012499999985617,0.02279999999998575,0.022806249999985748,0.03728749999997669,0.03691249999997693,0.04059999999997462,0.05302499999996686,0.05164999999996772,0.05690624999996444,0.1784312499998885,0.17638749999988976,0.1777437499998889,0.2952562499998155,0.3054374999998091,0.28636874999982104,0.2006249999998746,0.20220624999987363,0.20074999999987453,0.0775999999999515,0.07530624999995293,0.07973749999995017,0.0409562499999744,0.03799999999997625,0.0411187499999743,0.03658124999997714,0.03468124999997833,0.035687499999977695,0.057224999999964235,0.056618749999964614,0.05828124999996357
tag.txt,0.019993749999987504,0.01948749999998782,0.020243749999987348,0.034468749999978454,0.034487499999978445,0.037906249999976306,0.04973124999996892,0.04914374999996929,0.05511249999996556,0.1858812499998838,0.18326874999988546,0.1817874999998864,0.31627499999980235,0.3268749999997957,0.30628124999980855,0.1959937499998775,0.19783124999987636,0.1971374999998768,0.07284374999995447,0.06968124999995645,0.07548749999995281,0.038774999999975766,0.0371124999999768,0.03926249999997546,0.034318749999978554,0.031812499999980114,0.032956249999979405,0.05171874999996767,0.050299999999968564,0.05382499999996636
tag.txt,0.020537499999987163,0.021437499999986603,0.0211187499999868,0.03404374999997872,0.03348749999997907,0.03794999999997628,0.05194374999996754,0.051318749999967925,0.05689374999996444,0.18499999999988437,0.18219999999988612,0.18221249999988612,0.3101249999998062,0.3169999999998019,0.29905624999981306,0.19848124999987596,0.20066874999987458,0.20019999999987487,0.07354999999995403,0.07111249999995556,0.07513749999995303,0.03914999999997553,0.03673749999997704,0.038599999999975876,0.034131249999978665,0.032968749999979396,0.03411249999997868,0.053037499999966854,0.05306874999996683,0.0547187499999658
tag.txt,0.022931249999985668,0.02363124999998523,0.023799999999985125,0.03847499999997595,0.03906874999997558,0.04317499999997301,0.054568749999965895,0.05361249999996649,0.05856874999996339,0.17916874999988802,0.17716874999988927,0.17479999999989074,0.3035312499998103,0.30806249999980745,0.2921437499998174,0.19344999999987908,0.19448749999987844,0.1934437499998791,0.07566874999995271,0.07388124999995382,0.07693124999995192,0.04081874999997449,0.039193749999975505,0.041324999999974174,0.035612499999977745,0.03447499999997845,0.03650624999997718,0.05577499999996514,0.05641874999996474,0.05930624999996293
tag.txt,0.008468749999994706,0.007293749999995441,0.008706249999994559,0.016612499999989618,0.015912499999990056,0.018968749999988144,0.03012499999998117,0.027112499999983053,0.03468124999997833,0.18503124999988435,0.1763312499998898,0.18691874999988317,0.43533749999972793,0.46744374999970784,0.41864374999973836,0.19990624999987505,0.19449374999987845,0.2066937499998708,0.0513562499999679,0.04554374999997154,0.05148749999996782,0.02478124999998451,0.022981249999985638,0.024181249999984885,0.021299999999986687,0.018537499999988414,0.020899999999986936,0.027081249999983074,0.02434999999998478,0.028818749999981987
tag.txt,0.008487499999994695,0.007868749999995083,0.00931249999999418,0.016456249999989715,0.014924999999990671,0.01958124999998776,0.031093749999980567,0.028237499999982353,0.03558124999997776,0.18885624999988196,0.18377499999988514,0.1916437499998802,0.42667499999973335,0.454412499999716,0.4038124999997476,0.20100624999987438,0.1963062499998773,0.21095624999986815,0.05358749999996651,0.04772499999997017,0.05394374999996628,0.025206249999984245,0.023437499999985352,0.025368749999984144,0.021337499999986662,0.018731249999988292,0.020537499999987163,0.027293749999982943,0.024581249999984636,0.02926249999998171
tag.txt,0.008749999999994531,0.008181249999994887,0.009731249999993918,0.017637499999988978,0.0169624999999894,0.020393749999987255,0.03169374999998019,0.02969374999998144,0.03623124999997736,0.18248749999988595,0.17665624999988958,0.18565624999988398,0.4348624999997282,0.45726874999971423,0.4108749999997432,0.196824999999877,0.1942687499998786,0.20570624999987144,0.051318749999967925,0.04683124999997073,0.05365624999996647,0.025431249999984105,0.02371249999998518,0.025662499999983962,0.022787499999985757,0.0201624999999874,0.02163124999998648,0.02820624999998237,0.026262499999983587,0.030456249999980964
tag.txt,0.008818749999994489,0.008249999999994843,0.010718749999993301,0.017443749999989096,0.01753124999998904,0.02230624999998606,0.031074999999980576,0.029524999999981545,0.03768749999997645,0.19008124999988119,0.18539999999988413,0.19209999999987995,0.423962499999735,0.44122499999972425,0.38727499999975795,0.20018124999987488,0.19771874999987643,0.20966874999986895,0.05313749999996679,0.05011249999996868,0.05736249999996415,0.02523124999998423,0.024456249999984716,0.02678749999998326,0.021668749999986456,0.01940624999998787,0.021962499999986274,0.02839999999998225,0.026374999999983516,0.034131249999978665
tag.txt,0.015256249999990465,0.015099999999990562,0.015962499999990023,0.025112499999984304,0.024518749999984674,0.027637499999982728,0.042024999999973736,0.04040624999997475,0.047318749999970426,0.1998374999998751,0.19726249999987672,0.1986999999998758,0.3526749999997796,0.36661874999977084,0.3390624999997881,0.20343124999987286,0.204812499999872,0.20723749999987048,0.061837499999961354,0.05809374999996369,0.06508124999995932,0.03164374999998022,0.02859374999998213,0.030868749999980707,0.0273562499999829,0.02564999999998397,0.026568749999983394,0.040824999999974486,0.03894374999997566,0.04156249999997402
tag.txt,0.012868749999991958,0.012012499999992493,0.013406249999991621,0.022331249999986043,0.02204999999998622,0.025943749999983785,0.03942499999997536,0.037131249999976794,0.04554999999997153,0.20923124999986922,0.2073437499998704,0.20541249999987163,0.3667124999997708,0.3822437499997611,0.3497624999997814,0.19990624999987505,0.1990249999998756,0.20328749999987294,0.05763124999996398,0.054493749999965944,0.06119374999996175,0.028887499999981945,0.027112499999983053,0.03025624999998109,0.026262499999983587,0.023999999999985,0.02571249999998393,0.03674374999997704,0.034587499999978386,0.03947499999997533
tag.txt,0.012643749999992097,0.012537499999992164,0.013343749999991661,0.022006249999986245,0.021612499999986493,0.02491249999998443,0.04022499999997486,0.038331249999976044,0.04716874999997052,0.2084687499998697,0.20596874999987128,0.20764374999987023,0.3676874999997702,0.37772499999976394,0.3460374999997837,0.2011249999998743,0.20251874999987343,0.20646874999987094,0.05676249999996452,0.05436874999996602,0.06138749999996163,0.029212499999981743,0.027412499999982867,0.02961874999998149,0.025906249999983807,0.024124999999984922,0.025187499999984257,0.035962499999977526,0.03539999999997787,0.038231249999976104
tag.txt,0.015737499999990166,0.01589999999999006,0.017106249999989307,0.026231249999983604,0.02769374999998269,0.030562499999980897,0.04300624999997312,0.04166249999997396,0.05014374999996866,0.19896874999987565,0.19564999999987773,0.1948749999998782,0.35671874999977704,0.36326249999977295,0.3329374999997919,0.19785624999987633,0.19963749999987523,0.2037999999998726,0.06146249999996158,0.059787499999962634,0.06643749999995847,0.03178124999998014,0.030787499999980757,0.03289374999997944,0.0276812499999827,0.02603124999998373,0.027643749999982724,0.040556249999974654,0.03958749999997526,0.04359999999997275
tag.txt,0.02414374999998491,0.021006249999986872,0.01990624999998756,0.04033749999997479,0.03414374999997866,0.038399999999976,0.05428749999996607,0.048424999999969735,0.05596874999996502,0.1726374999998921,0.1769624999998894,0.1830687499998856,0.23828749999985108,0.27943749999982537,0.2644749999998347,0.1809499999998869,0.1956874999998777,0.2020749999998737,0.09326249999994171,0.08797499999994501,0.08929374999994419,0.054818749999965735,0.04521249999997174,0.0449624999999719,0.06841249999995724,0.05351249999996655,0.04681249999997074,0.07286249999995446,0.057637499999963974,0.0550374999999656
tag.txt,0.023812499999985116,0.021287499999986696,0.0201624999999874,0.04224999999997359,0.034581249999978386,0.04129374999997419,0.05368749999996644,0.047643749999970224,0.053299999999966687,0.17384374999989136,0.1771312499998893,0.18184999999988635,0.23498749999985313,0.27848124999982593,0.2637124999998352,0.17954999999988777,0.1975812499998765,0.1988499999998757,0.09493749999994067,0.0881749999999449,0.08979374999994388,0.0563187499999648,0.04616249999997115,0.04658124999997089,0.06711874999995805,0.051512499999967806,0.04639374999997101,0.07349374999995406,0.0574437499999641,0.05806249999996371
tag.txt,0.02404999999998497,0.021468749999986582,0.020599999999987125,0.040218749999974865,0.035493749999977814,0.03911874999997555,0.053643749999966475,0.04887499999996945,0.056274999999964825,0.17737499999988915,0.1778999999998888,0.18248749999988595,0.24819374999984486,0.2856499999998215,0.27082499999983073,0.18296874999988563,0.19559374999987775,0.19703749999987685,0.0899187499999438,0.08484374999994697,0.08724374999994547,0.052181249999967386,0.044393749999972254,0.04361249999997274,0.061399999999961624,0.04922499999996923,0.04494374999997191,0.07004999999995622,0.05655624999996465,0.05785624999996384
tag.txt,0.02628749999998357,0.024406249999984746,0.02294374999998566,0.04196874999997377,0.038149999999976154,0.04215624999997365,0.0563249999999648,0.050806249999968245,0.05726874999996421,0.17494999999989067,0.17448749999989094,0.17719999999988925,0.24503749999984686,0.2794874999998253,0.2662437499998336,0.18051874999988718,0.1924687499998797,0.19404374999987872,0.0907312499999433,0.08644374999994597,0.0873687499999454,0.05383749999996635,0.0462437499999711,0.04855624999996965,0.0588749999999632,0.04779999999997012,0.04418124999997239,0.07146874999995532,0.059706249999962685,0.060037499999962475
tag.txt,0.025031249999984354,0.021556249999986527,0.019912499999987555,0.04171249999997393,0.0340874999999787,0.037387499999976634,0.05331874999996668,0.047893749999970064,0.05452499999996592,0.16897499999989438,0.17163749999989272,0.17893124999988816,0.23241249999985475,0.2807562499998245,0.26994999999983127,0.18003749999988747,0.1964937499998772,0.20042499999987473,0.09469999999994082,0.08849374999994469,0.08874374999994454,0.055531249999965296,0.04504374999997185,0.04441874999997224,0.07030624999995606,0.05534374999996541,0.04813749999996991,0.07797499999995126,0.05869374999996332,0.05756874999996402
tag.txt,0.02465624999998459,0.021637499999986477,0.020806249999986995,0.04094374999997441,0.03401249999997874,0.03826874999997608,0.05460624999996587,0.049193749999969255,0.05538124999996539,0.1713749999998929,0.1755062499998903,0.1801499999998874,0.2374437499998516,0.28151874999982407,0.26746249999983285,0.1822187499998861,0.19560624999987775,0.1964749999998772,0.09349999999994156,0.08706874999994559,0.08844374999994473,0.05498749999996563,0.0449624999999719,0.04540624999997162,0.06599999999995874,0.052324999999967294,0.047812499999970115,0.07426874999995359,0.058168749999963645,0.05979374999996263
tag.txt,0.024968749999984396,0.022556249999985904,0.02119999999998675,0.04036874999997477,0.03459374999997838,0.03743124999997661,0.05505624999996559,0.04956874999996902,0.05630624999996481,0.1716812499998927,0.17378749999989138,0.180812499999887,0.24823124999984486,0.2868374999998207,0.27222499999982985,0.18376249999988514,0.1963187499998773,0.19910624999987556,0.0905562499999434,0.0856124999999465,0.0857687499999464,0.05331874999996668,0.04349374999997282,0.043212499999972995,0.060556249999962154,0.049687499999968944,0.046024999999971235,0.07149999999995531,0.05754374999996403,0.057912499999963805
tag.txt,0.025599999999984,0.02350624999998531,0.022281249999986073,0.040643749999974596,0.03556874999997777,0.03939374999997538,0.05598124999996501,0.05034374999996853,0.05692499999996442,0.17299374999989187,0.17460624999989088,0.17784999999988885,0.24438124999984726,0.2810062499998244,0.26754374999983277,0.18116874999988677,0.19124999999988046,0.1927874999998795,0.09031874999994355,0.08652499999994592,0.08804374999994498,0.053287499999966695,0.04511249999997181,0.04638124999997101,0.06278124999996076,0.051756249999967655,0.04799999999997,0.07284374999995447,0.0603249999999623,0.060793749999962
tag.txt,0.014674999999990827,0.012918749999991926,0.013637499999991476,0.02588749999998382,0.02371249999998518,0.025599999999984,0.04401874999997249,0.04091249999997443,0.04643124999997098,0.1864124999998835,0.18136249999988666,0.19026874999988108,0.3539249999997788,0.38456874999975965,0.3581874999997761,0.19017499999988113,0.19223124999987987,0.19612499999987743,0.06646874999995846,0.06172499999996142,0.06498749999995938,0.03658124999997714,0.03212499999997992,0.03316249999997927,0.03853124999997592,0.032437499999979726,0.031812499999980114,0.04332499999997292,0.03800624999997625,0.039787499999975134
tag.txt,0.014412499999990992,0.012999999999991876,0.013181249999991762,0.025624999999983984,0.023243749999985474,0.026049999999983718,0.044056249999972465,0.04028124999997482,0.046262499999971084,0.18737499999988289,0.1844812499998847,0.1923187499998798,0.3609562499997744,0.39241249999975475,0.3623999999997735,0.18903749999988184,0.18676874999988327,0.19274999999987952,0.06563124999995898,0.06002499999996248,0.06259374999996088,0.03446249999997846,0.0316812499999802,0.033543749999979035,0.03548124999997782,0.030574999999980892,0.030824999999980736,0.04296249999997315,0.03753124999997654,0.04007499999997495
tag.txt,0.015356249999990402,0.014368749999991019,0.01414374999999116,0.026006249999983747,0.024312499999984805,0.026756249999983276,0.04331874999997293,0.04043749999997473,0.04614999999997116,0.18728749999988295,0.183999999999885,0.1902312499998811,0.3563062499997773,0.38374374999976013,0.35741874999977663,0.18969374999988145,0.1892624999998817,0.19368749999987894,0.06634999999995853,0.0612749999999617,0.06471874999995955,0.03561874999997774,0.033118749999979304,0.03298749999997938,0.035924999999977544,0.031224999999980484,0.03196249999998002,0.044137499999972414,0.03825624999997609,0.04194374999997379
tag.txt,0.015137499999990539,0.014156249999991152,0.01443124999999098,0.026606249999983372,0.024149999999984906,0.026849999999983217,0.043362499999972895,0.04030624999997481,0.046449999999970966,0.18699374999988314,0.18371874999988516,0.18951249999988157,0.3622249999997736,0.38836249999975725,0.3601937499997749,0.18729374999988294,0.1865749999998834,0.1932687499998792,0.06444999999995972,0.06094374999996191,0.0630437499999606,0.03556249999997777,0.031749999999980155,0.03349999999997906,0.03494999999997816,0.03073749999998079,0.030949999999980656,0.04341874999997286,0.03929999999997544,0.04179999999997387
tag.txt,0.013356249999991653,0.012612499999992118,0.012649999999992093,0.02499374999998438,0.024324999999984796,0.027849999999982594,0.04249374999997344,0.0375999999999765,0.044487499999972195,0.18457499999988464,0.18235624999988603,0.1828749999998857,0.3596437499997752,0.38391249999976007,0.3636999999997727,0.2026937499998733,0.20561874999987148,0.20647499999987096,0.07015624999995615,0.06458124999995964,0.06724999999995797,0.03309374999997931,0.02901249999998187,0.031043749999980597,0.02973124999998142,0.025406249999984122,0.026293749999983566,0.03926249999997546,0.034574999999978394,0.03737499999997664
tag.txt,0.012074999999992453,0.010818749999993238,0.011181249999993011,0.023831249999985104,0.021949999999986283,0.025606249999983996,0.03861874999997586,0.03559999999997775,0.0412812499999742,0.18262499999988585,0.17924999999988797,0.18153124999988654,0.3862624999997586,0.41331874999974166,0.39211249999975495,0.19458749999987837,0.19624999999987736,0.19761249999987648,0.06329999999996044,0.05796249999996377,0.06170624999996143,0.03222499999997986,0.02814374999998241,0.030837499999980728,0.03014374999998116,0.025062499999984337,0.0247999999999845,0.03633124999997729,0.03164374999998022,0.03333124999997917
tag.txt,0.014293749999991067,0.013724999999991421,0.01339374999999163,0.026812499999983242,0.02521874999998424,0.029174999999981764,0.0422312499999736,0.03973124999997517,0.04573124999997142,0.1817562499998864,0.17862499999988835,0.18211249999988618,0.3585374999997759,0.3800062499997625,0.358406249999776,0.20090624999987444,0.20435624999987229,0.2065999999998709,0.07011874999995618,0.06505624999995933,0.06718124999995802,0.034568749999978395,0.029718749999981427,0.032693749999979566,0.029943749999981284,0.02635624999998353,0.02691249999998318,0.04083124999997448,0.037206249999976744,0.03779374999997638
tag.txt,0.01337499999999164,0.012456249999992215,0.012249999999992343,0.024937499999984413,0.024137499999984914,0.028037499999982476,0.041593749999974006,0.03860624999997587,0.0438374999999726,0.18423124999988486,0.18052499999988716,0.18040624999988725,0.3761812499997649,0.3993187499997504,0.38140624999976164,0.199974999999875,0.19970624999987518,0.20251249999987342,0.06467499999995958,0.06099374999996188,0.06311249999996056,0.031843749999980096,0.027668749999982707,0.029643749999981473,0.026743749999983284,0.023324999999985423,0.023931249999985044,0.036443749999977224,0.03326249999997921,0.03486249999997821
tag.txt,0.010331249999993544,0.009643749999993973,0.010537499999993413,0.020762499999987024,0.019587499999987757,0.021962499999986274,0.03744999999997659,0.03460624999997837,0.0407999999999745,0.19576249999987766,0.19074374999988078,0.19529999999987793,0.3713874999997679,0.3975624999997515,0.3705999999997684,0.21527499999986546,0.21402499999986624,0.21683124999986447,0.06349374999996031,0.05745624999996409,0.062024999999961236,0.027524999999982796,0.024793749999984505,0.026131249999983668,0.02478124999998451,0.021206249999986746,0.02297499999998564,0.03323124999997923,0.030374999999981014,0.03283749999997947
tag.txt,0.009524999999994047,0.00873749999999454,0.010306249999993558,0.0183999999999885,0.017324999999989172,0.02039999999998725,0.03345624999997909,0.03171874999998017,0.03924999999997547,0.19851874999987593,0.1940499999998787,0.19589999999987756,0.39368124999975396,0.4161187499997399,0.3843687499997598,0.20909374999986932,0.20748749999987032,0.21178124999986764,0.05838124999996351,0.053481249999966576,0.05837499999996352,0.02545624999998409,0.022618749999985862,0.025243749999984223,0.02297499999998564,0.020168749999987395,0.021924999999986296,0.03051249999998093,0.028293749999982316,0.03244999999997972
tag.txt,0.011674999999992703,0.010974999999993141,0.012106249999992434,0.020243749999987348,0.020068749999987458,0.023781249999985137,0.03822499999997611,0.03581249999997762,0.04162499999997398,0.19400624999987875,0.18971874999988142,0.193593749999879,0.37881249999976324,0.3982687499997511,0.36869999999976955,0.20829374999986983,0.20801874999987,0.2126312499998671,0.06278749999996076,0.05798124999996376,0.06150624999996156,0.027674999999982703,0.02500624999998437,0.027862499999982585,0.02428749999998482,0.02196874999998627,0.022918749999985676,0.033993749999978756,0.032181249999979886,0.035274999999977956
tag.txt,0.01191874999999255,0.011818749999992613,0.012906249999991933,0.021612499999986493,0.021062499999986835,0.024949999999984405,0.03836249999997602,0.03778749999997638,0.04341874999997286,0.19525624999987795,0.1905749999998809,0.19258124999987963,0.37588749999976506,0.39076874999975575,0.361562499999774,0.20936874999986915,0.2082874999998698,0.21240624999986724,0.06171249999996143,0.057974999999963764,0.06376249999996014,0.027687499999982695,0.025918749999983802,0.02777499999998264,0.02366874999998521,0.021937499999986287,0.023481249999985323,0.03452499999997842,0.03386874999997883,0.03715624999997678
tag.txt,0.018024999999988734,0.016849999999989467,0.017037499999989353,0.027806249999982623,0.02766249999998271,0.029699999999981436,0.04964374999996897,0.048262499999969836,0.05444999999996597,0.19771249999987642,0.19564999999987773,0.19829999999987608,0.342368749999786,0.3577062499997764,0.3323062499997923,0.18326249999988545,0.18339999999988538,0.19073124999988078,0.06683124999995824,0.06324374999996048,0.067187499999958,0.0366437499999771,0.03494999999997816,0.035512499999977805,0.031006249999980622,0.028599999999982126,0.029206249999981747,0.04669999999997081,0.0436749999999727,0.04556874999997152
tag.txt,0.018356249999988528,0.01697499999998939,0.017418749999989113,0.028699999999982063,0.028224999999982358,0.032324999999979794,0.04951874999996905,0.04829999999996981,0.05390624999996631,0.19559999999987776,0.19271249999987955,0.19276249999987952,0.34180624999978637,0.35723124999977673,0.3308624999997932,0.18507499999988433,0.18630624999988354,0.19308749999987931,0.06662499999995836,0.06379999999996012,0.06846874999995721,0.0377687499999764,0.034068749999978706,0.035587499999977755,0.030181249999981136,0.02819374999998238,0.02913749999998179,0.046368749999971016,0.04418749999997238,0.046443749999970974
tag.txt,0.018037499999988726,0.01729999999998919,0.01766249999998896,0.02874999999998203,0.028262499999982336,0.03159999999998025,0.04929374999996919,0.04857499999996964,0.05419374999996613,0.1961562499998774,0.1953374999998779,0.19515624999987802,0.3460437499997837,0.3558687499997776,0.3316499999997927,0.18281874999988573,0.1827062499998858,0.19019999999988113,0.06444999999995972,0.06281249999996075,0.06713749999995804,0.03718124999997676,0.034762499999978276,0.035437499999977855,0.030937499999980664,0.02934374999998166,0.030018749999981238,0.04633124999997104,0.04503124999997186,0.04694374999997066
tag.txt,0.019468749999987833,0.01914999999998803,0.019449999999987845,0.03118749999998051,0.03113749999998054,0.03449999999997844,0.0508749999999682,0.05094999999996815,0.05726874999996421,0.19290624999987943,0.18918124999988176,0.18792499999988255,0.3373624999997891,0.34516874999978425,0.32123124999979924,0.1850999999998843,0.18810624999988243,0.1950124999998781,0.06822499999995736,0.06524999999995922,0.06931874999995667,0.0377562499999764,0.03575624999997765,0.0363249999999773,0.02951874999998155,0.028618749999982113,0.029556249999981528,0.04759999999997025,0.04668124999997082,0.04941249999996912
tag.txt,0.019268749999987955,0.017468749999989083,0.017599999999989,0.02987499999998133,0.028249999999982345,0.030493749999980942,0.04876874999996952,0.047131249999970544,0.052524999999967174,0.18679999999988325,0.18362499999988524,0.18600624999988374,0.34202499999978625,0.36679999999977075,0.3457499999997839,0.18869999999988207,0.18698749999988312,0.19386249999987884,0.06814374999995741,0.06233124999996104,0.06484374999995947,0.03715624999997678,0.03426874999997858,0.034212499999978614,0.0313624999999804,0.028818749999981987,0.029306249999981684,0.047899999999970064,0.044318749999972304,0.04539999999997162
tag.txt,0.018406249999988494,0.016756249999989526,0.017399999999989126,0.029981249999981262,0.028237499999982353,0.031399999999980374,0.05010624999996868,0.048662499999969584,0.05613749999996492,0.1956812499998777,0.19320624999987923,0.1915062499998803,0.33096874999979314,0.35318124999977923,0.32551249999979653,0.1858812499998838,0.18634999999988353,0.19536874999987788,0.0707374999999558,0.06556874999995901,0.06981249999995637,0.03803749999997623,0.034918749999978176,0.036712499999977055,0.0324749999999797,0.02931249999998168,0.02956874999998152,0.04772499999997017,0.043806249999972624,0.04658124999997089
tag.txt,0.019706249999987685,0.01781249999998887,0.018537499999988414,0.029674999999981452,0.028506249999982185,0.03021874999998111,0.05067499999996833,0.04913124999996929,0.05476874999996577,0.18946249999988157,0.18628749999988356,0.18821874999988236,0.33865624999978833,0.3625499999997734,0.3398312499997876,0.18724999999988295,0.18549374999988408,0.19095624999988065,0.0678312499999576,0.06221249999996112,0.06531249999995918,0.037649999999976466,0.0353624999999779,0.035531249999977796,0.0315249999999803,0.02871874999998205,0.030537499999980913,0.04756874999997027,0.04392499999997255,0.04608749999997119
tag.txt,0.021781249999986388,0.020187499999987382,0.02081249999998699,0.03366874999997896,0.03246874999997971,0.035256249999977965,0.05298124999996689,0.05094999999996815,0.05702499999996436,0.18899999999988187,0.18759374999988276,0.18710624999988307,0.31881874999980075,0.3385812499997884,0.3144249999998035,0.1879937499998825,0.18959374999988152,0.19481874999987825,0.07164999999995522,0.065593749999959,0.07044374999995598,0.03914374999997554,0.03676874999997702,0.03734999999997666,0.03299374999997938,0.03026874999998108,0.03162499999998023,0.05196874999996752,0.047993749999970005,0.05113749999996804
