filename,lbp_R_0,lbp_G_0,lbp_B_0,lbp_R_1,lbp_G_1,lbp_B_1,lbp_R_2,lbp_G_2,lbp_B_2,lbp_R_3,lbp_G_3,lbp_B_3,lbp_R_4,lbp_G_4,lbp_B_4,lbp_R_5,lbp_G_5,lbp_B_5,lbp_R_6,lbp_G_6,lbp_B_6,lbp_R_7,lbp_G_7,lbp_B_7,lbp_R_8,lbp_G_8,lbp_B_8,lbp_R_9,lbp_G_9,lbp_B_9
tag.txt,0.021612499999986493,0.019562499999987774,0.01986874999998758,0.04262499999997336,0.03785624999997634,0.04135624999997415,0.052424999999967234,0.0452874999999717,0.054493749999965944,0.1710749999998931,0.16998749999989377,0.17701874999988937,0.24099374999984938,0.27758124999982653,0.25999999999983747,0.19808749999987618,0.22014374999986241,0.20021874999987485,0.10171249999993642,0.0955249999999403,0.09731249999993918,0.050474999999968455,0.038931249999975666,0.045862499999971336,0.05459999999996588,0.042774999999973265,0.04624999999997109,0.0663937499999585,0.052349999999967284,0.05761874999996399
tag.txt,0.02052499999998717,0.01870624999998831,0.018524999999988422,0.03924374999997547,0.034724999999978294,0.03725624999997672,0.04881249999996949,0.041068749999974334,0.04915624999996928,0.17268124999989207,0.17378749999989138,0.17518124999989051,0.25926249999983797,0.2990937499998131,0.283193749999823,0.21589999999986506,0.2247874999998595,0.2249374999998594,0.09924999999993797,0.09304374999994185,0.09314374999994178,0.04316249999997302,0.03418749999997863,0.036218749999977366,0.044818749999971985,0.03513749999997804,0.0348812499999782,0.05634374999996478,0.04546249999997159,0.04750624999997031
tag.txt,0.020962499999986898,0.01943749999998785,0.018362499999988523,0.03929374999997544,0.03563124999997773,0.03923124999997548,0.05212499999996742,0.04620624999997112,0.052087499999967445,0.17926249999988797,0.1793499999998879,0.18829374999988233,0.25145624999984284,0.2850562499998218,0.2740249999998287,0.19561249999987773,0.204812499999872,0.19196874999988,0.09469374999994082,0.08758124999994527,0.08850624999994468,0.049187499999969256,0.04172499999997392,0.045593749999971504,0.05460624999996587,0.0475187499999703,0.04776249999997015,0.06279999999996075,0.052681249999967074,0.05416874999996615
tag.txt,0.019049999999988094,0.017712499999988928,0.018487499999988444,0.03609374999997744,0.03349999999997906,0.035843749999977595,0.04837499999996977,0.040549999999974655,0.04849374999996969,0.17173749999989266,0.1713499999998929,0.17412499999989117,0.2653187499998342,0.3009687499998119,0.28025624999982485,0.22899999999985687,0.23556874999985278,0.23479374999985325,0.09909374999993807,0.09365624999994146,0.09484999999994072,0.03860624999997587,0.030993749999980627,0.03384999999997884,0.041149999999974284,0.033118749999979304,0.033468749999979085,0.051574999999967765,0.04258124999997338,0.04583124999997135
tag.txt,0.023193749999985504,0.021093749999986817,0.021718749999986426,0.04478749999997201,0.03740624999997662,0.04214999999997365,0.051481249999967824,0.04596874999997127,0.05033749999996854,0.16818749999989488,0.1790812499998881,0.17758749999988901,0.22460624999985962,0.2628874999998357,0.2531124999998418,0.1790312499998881,0.1899124999998813,0.1843374999998848,0.09658749999993964,0.0884874999999447,0.08995624999994378,0.056949999999964404,0.04819374999996988,0.05144374999996785,0.07499374999995313,0.0643249999999598,0.06222499999996111,0.08018124999994988,0.06264374999996085,0.06713124999995804
tag.txt,0.023131249999985542,0.02098749999998688,0.02102499999998686,0.038756249999975775,0.033468749999979085,0.037031249999976854,0.05264999999996709,0.046199999999971125,0.05341249999996662,0.18446874999988472,0.19114999999988053,0.18979374999988138,0.2420687499998487,0.2769124999998269,0.263931249999835,0.18939374999988162,0.19773124999987643,0.19481249999987824,0.09153124999994279,0.08595624999994628,0.08758749999994525,0.05026874999996858,0.04308749999997307,0.0449624999999719,0.06033124999996229,0.04968124999996895,0.049618749999968986,0.06739999999995787,0.054824999999965734,0.05782499999996386
tag.txt,0.022874999999985702,0.021356249999986653,0.02105624999998684,0.04008749999997494,0.034156249999978655,0.038156249999976154,0.05171249999996768,0.04654374999997091,0.05156874999996777,0.1818937499998863,0.19018749999988113,0.1889812499998819,0.24183749999984885,0.27336249999982914,0.2657749999998339,0.18103124999988685,0.18262499999988585,0.18198124999988627,0.08956249999994402,0.08213749999994867,0.08218749999994863,0.05283124999996698,0.04628749999997107,0.049031249999969356,0.06852499999995718,0.06365624999996021,0.06017499999996239,0.06964374999995647,0.059687499999962694,0.06108749999996182
tag.txt,0.023193749999985504,0.02171249999998643,0.022087499999986195,0.041399999999974124,0.03609374999997744,0.04004999999997497,0.05057499999996839,0.04532499999997167,0.05299374999996688,0.17685624999988947,0.18233749999988605,0.18174999999988642,0.23191249999985505,0.26391874999983506,0.2492874999998442,0.19494999999987817,0.19971874999987518,0.19714374999987677,0.09351874999994154,0.08400624999994749,0.08693749999994567,0.05004999999996872,0.04572499999997142,0.048412499999969744,0.06694374999995815,0.05954999999996278,0.05886249999996321,0.07059999999995588,0.06161249999996149,0.06247499999996095
tag.txt,0.01911874999998805,0.016856249999989466,0.01684374999998947,0.04006249999997496,0.03540624999997787,0.03977499999997514,0.04808124999996995,0.03945624999997534,0.048162499999969896,0.17466249999989084,0.17784999999988885,0.18564999999988396,0.2545312499998409,0.29318124999981676,0.27496249999982814,0.1979437499998763,0.2120062499998675,0.19581249999987763,0.10124999999993672,0.09906874999993809,0.0974499999999391,0.04873124999996954,0.03831874999997605,0.044656249999972086,0.0550437499999656,0.04214374999997366,0.04616249999997115,0.06057499999996214,0.04571249999997143,0.05052499999996842
tag.txt,0.022918749999985676,0.02153749999998654,0.02131249999998668,0.04530624999997168,0.04173124999997392,0.04436874999997227,0.05194374999996754,0.04724999999997047,0.05438124999996601,0.16678749999989576,0.16458124999989712,0.16614374999989617,0.25576249999984013,0.28871249999981957,0.2731249999998293,0.20474374999987202,0.2166312499998646,0.2121312499998674,0.09144374999994284,0.08266874999994833,0.08584374999994634,0.04889374999996944,0.0407937499999745,0.043124999999973046,0.050218749999968615,0.04294374999997316,0.04356874999997277,0.06198124999996126,0.05314999999996678,0.055999999999965
tag.txt,0.019424999999987858,0.01788749999998882,0.016743749999989534,0.03830624999997606,0.033443749999979094,0.03873749999997579,0.04827499999996983,0.0422374999999736,0.048412499999969744,0.1780687499998887,0.1814437499998866,0.18841874999988223,0.26456249999983467,0.29848124999981346,0.28536874999982165,0.200012499999875,0.2062312499998711,0.1953499999998779,0.09803124999993873,0.09350624999994156,0.09211249999994243,0.04562499999997149,0.03849374999997594,0.04292499999997317,0.050199999999968624,0.04264374999997335,0.04411249999997243,0.05749374999996407,0.04563124999997148,0.047818749999970114
tag.txt,0.02083124999998698,0.020318749999987302,0.019862499999987585,0.039543749999975286,0.03700624999997687,0.03989999999997506,0.05208124999996745,0.0471999999999705,0.05606874999996496,0.1684687499998947,0.16691874999989567,0.16743749999989535,0.2571187499998393,0.28042499999982473,0.2665374999998334,0.21959374999986275,0.23189999999985506,0.2244937499998597,0.09389374999994132,0.0870312499999456,0.08923749999994422,0.042868749999973206,0.0366499999999771,0.04008124999997495,0.04864999999996959,0.04263749999997335,0.04296249999997315,0.056949999999964404,0.0499124999999688,0.05341874999996661
tag.txt,0.018743749999988284,0.017431249999989105,0.017256249999989214,0.03572499999997767,0.033537499999979035,0.036362499999977274,0.05095624999996815,0.04638124999997101,0.05417499999996614,0.18664999999988335,0.18409374999988495,0.1924812499998797,0.27035624999983104,0.29710624999981433,0.27863749999982584,0.2068562499998707,0.21849999999986344,0.2030437499998731,0.09205624999994247,0.0844624999999472,0.0873687499999454,0.04206249999997371,0.036293749999977316,0.041912499999973804,0.042168749999973644,0.035249999999977966,0.03805624999997621,0.05442499999996599,0.04694374999997066,0.05070624999996831
tag.txt,0.018387499999988507,0.01691249999998943,0.017318749999989176,0.0348812499999782,0.033793749999978875,0.03607499999997745,0.05031874999996855,0.04393124999997254,0.05105624999996809,0.18779374999988263,0.19060624999988088,0.19065624999988084,0.2897374999998189,0.3171312499998018,0.3019874999998113,0.2139562499998663,0.21256874999986713,0.20818749999986988,0.08683749999994572,0.08053749999994966,0.08139374999994912,0.038593749999975877,0.03384999999997884,0.03782499999997636,0.0332749999999792,0.029724999999981423,0.03211874999997993,0.046218749999971116,0.04094374999997441,0.043381249999972886
tag.txt,0.01884999999998822,0.018262499999988586,0.017799999999988873,0.03511874999997805,0.03201874999997999,0.035174999999978016,0.05026874999996858,0.04494999999997191,0.053374999999966644,0.1916687499998802,0.19236249999987978,0.19834999999987604,0.2825499999998234,0.3083999999998073,0.2902812499998186,0.1982124999998761,0.2030374999998731,0.1913687499998804,0.08530624999994668,0.07724999999995172,0.08139999999994912,0.04361249999997274,0.038681249999975825,0.04302499999997311,0.041331249999974166,0.036612499999977115,0.03891249999997568,0.05308124999996682,0.048424999999969735,0.050312499999968556
tag.txt,0.01740624999998912,0.01635624999998978,0.016349999999989782,0.03186249999998009,0.03116874999998052,0.03278749999997951,0.046537499999970915,0.041737499999973914,0.04883124999996948,0.18769999999988268,0.18936874999988165,0.19198124999988,0.3000937499998124,0.32406249999979747,0.30517499999980924,0.2210812499998618,0.2174562499998641,0.21766874999986396,0.08918749999994426,0.08457499999994714,0.08507499999994683,0.03211874999997993,0.029462499999981587,0.03211249999997993,0.03123124999998048,0.027899999999982564,0.029193749999981755,0.042781249999973264,0.037912499999976305,0.040824999999974486
tag.txt,0.02254374999998591,0.022399999999986,0.02179374999998638,0.03652499999997717,0.03386874999997883,0.03678124999997701,0.05446249999996596,0.05014999999996866,0.0561624999999649,0.19108124999988058,0.1931312499998793,0.19049999999988093,0.26922499999983174,0.2866249999998209,0.276756249999827,0.1918437499998801,0.19897499999987564,0.19444999999987847,0.08486874999994695,0.08071249999994956,0.08111249999994931,0.04659374999997088,0.04108749999997432,0.04460624999997212,0.045962499999971276,0.0412749999999742,0.042181249999973636,0.05689374999996444,0.05177499999996764,0.05565624999996521
tag.txt,0.02376249999998515,0.023381249999985386,0.02324999999998547,0.036518749999977174,0.034574999999978394,0.03614374999997741,0.05613124999996492,0.051987499999967504,0.05957499999996276,0.1959999999998775,0.19816874999987613,0.19529374999987795,0.26553749999983406,0.281562499999824,0.267187499999833,0.18824374999988236,0.19561874999987774,0.19468124999987832,0.08286249999994821,0.0759999999999525,0.07844999999995096,0.04556874999997152,0.04130624999997418,0.043781249999972634,0.04571874999997143,0.04233749999997354,0.04360624999997274,0.05965624999996271,0.05506249999996558,0.05803124999996373
tag.txt,0.021318749999986675,0.02097499999998689,0.021143749999986784,0.03486874999997821,0.031581249999980264,0.03475624999997828,0.05361249999996649,0.04990624999996881,0.05554374999996529,0.1956874999998777,0.2002999999998748,0.1985937499998759,0.27863124999982586,0.29466874999981585,0.28258124999982337,0.18713124999988304,0.19010624999988118,0.1860874999998837,0.08098749999994938,0.07673124999995204,0.0780812499999512,0.046712499999970805,0.04251249999997343,0.04616249999997115,0.04599999999997125,0.04315624999997303,0.04349999999997281,0.05504999999996559,0.05006249999996871,0.053549999999966534
tag.txt,0.023949999999985032,0.023831249999985104,0.023356249999985403,0.036274999999977325,0.034231249999978605,0.03658749999997713,0.05571874999996518,0.05221874999996736,0.06057499999996214,0.19211249999987992,0.19354374999987903,0.1908999999998807,0.2659687499998338,0.28312499999982305,0.26616249999983366,0.19637499999987726,0.2014437499998741,0.20165624999987397,0.08154999999994902,0.07546874999995283,0.07794999999995128,0.04376249999997265,0.039993749999975,0.04249374999997344,0.045412499999971614,0.042006249999973745,0.042349999999973534,0.0588749999999632,0.054137499999966164,0.05796874999996377
tag.txt,0.014787499999990758,0.009981249999993762,0.011381249999992887,0.03114999999998053,0.022449999999985967,0.027318749999982926,0.05069374999996831,0.037031249999976854,0.04483124999997198,0.19784374999987633,0.2081562499998699,0.20851874999986966,0.25883124999983825,0.31330624999980417,0.29223749999981735,0.1844937499998847,0.19778749999987638,0.19287499999987945,0.09684999999993947,0.0897687499999439,0.08861249999994461,0.05166249999996771,0.03949999999997531,0.044237499999972354,0.0574437499999641,0.043524999999972794,0.04546874999997158,0.05624374999996485,0.03849374999997594,0.04451874999997218
tag.txt,0.0167999999999895,0.010931249999993169,0.012024999999992484,0.03585624999997759,0.027449999999982842,0.032956249999979405,0.04685624999997071,0.038406249999975994,0.04340624999997287,0.16886874999989446,0.1668687499998957,0.1649624999998969,0.2793562499998254,0.3422437499997861,0.33188124999979257,0.21504374999986559,0.23909999999985057,0.2302624999998561,0.10045624999993721,0.0846374999999471,0.0843124999999473,0.04356874999997277,0.029299999999981688,0.03339999999997913,0.04028124999997482,0.02545624999998409,0.027387499999982884,0.05291249999996693,0.035606249999977746,0.03940624999997537
tag.txt,0.014981249999990637,0.010349999999993531,0.011093749999993066,0.03169374999998019,0.023418749999985364,0.02897499999998189,0.04949999999996906,0.035418749999977864,0.043106249999973055,0.1942374999998786,0.20389374999987256,0.20460624999987212,0.26264374999983586,0.3117812499998051,0.2952562499998155,0.19459374999987838,0.21013749999986867,0.20443749999987224,0.09540624999994037,0.08830624999994481,0.08708124999994557,0.049256249999969214,0.03845624999997597,0.042937499999973164,0.051418749999967865,0.03812499999997617,0.03921874999997549,0.05626874999996483,0.04011249999997493,0.043287499999972945
tag.txt,0.016406249999989745,0.011293749999992941,0.012343749999992285,0.0358312499999776,0.02788749999998257,0.03360624999997899,0.04778749999997013,0.03766874999997646,0.04284999999997322,0.16756874999989527,0.16732499999989542,0.16514374999989678,0.2678312499998326,0.3257562499997964,0.31812499999980115,0.22823124999985736,0.2529312499998419,0.2438124999998476,0.09912499999993804,0.08412499999994742,0.08198124999994875,0.042268749999973584,0.028699999999982063,0.03340624999997912,0.038518749999975926,0.02456249999998465,0.026599999999983377,0.05643124999996473,0.03974999999997516,0.04213124999997367
tag.txt,0.016643749999989597,0.012887499999991945,0.014399999999991,0.03177499999998014,0.024812499999984493,0.028599999999982126,0.05096249999996815,0.04229374999997357,0.04819999999996988,0.18266874999988583,0.17911249999988804,0.1812874999998867,0.2876312499998202,0.3393562499997879,0.31676874999980204,0.20461874999987212,0.22236249999986102,0.21891249999986317,0.09548124999994033,0.08291249999994818,0.08724999999994547,0.041224999999974234,0.030024999999981233,0.03302499999997936,0.03787499999997633,0.02759999999998275,0.029624999999981486,0.05111874999996805,0.03863749999997585,0.041931249999973795
tag.txt,0.016743749999989534,0.01291249999999193,0.013924999999991297,0.02936249999998165,0.023949999999985032,0.028187499999982383,0.050743749999968286,0.041406249999974123,0.049274999999969205,0.19757499999987652,0.20059999999987463,0.20008124999987495,0.2742749999998286,0.3150437499998031,0.2963624999998148,0.19756874999987653,0.21548124999986532,0.20925624999986922,0.09500624999994062,0.08726249999994547,0.08966874999994395,0.044399999999972246,0.03345624999997909,0.03805624999997621,0.042781249999973264,0.03163124999998023,0.03325624999997921,0.05154374999996778,0.03825624999997609,0.041931249999973795
tag.txt,0.01764999999998897,0.012937499999991914,0.014087499999991196,0.033968749999978766,0.027331249999982918,0.030693749999980816,0.05169374999996769,0.04282499999997323,0.04950624999996906,0.17769999999988895,0.17491249999989067,0.17686249999988946,0.2796937499998252,0.3346062499997909,0.3145124999998034,0.21958749999986277,0.23283749999985448,0.23098124999985564,0.09688124999993945,0.08160624999994899,0.08549999999994656,0.038837499999975725,0.028699999999982063,0.03048124999998095,0.03364999999997897,0.024324999999984796,0.02609999999998369,0.05033749999996854,0.03991874999997505,0.0412749999999742
tag.txt,0.01571249999999018,0.01185624999999259,0.012649999999992093,0.028824999999981983,0.023143749999985534,0.027806249999982623,0.048837499999969475,0.040893749999974444,0.048931249999969416,0.20197499999987376,0.20313124999987303,0.20142499999987412,0.28466874999982206,0.3237812499997976,0.30854374999980716,0.185587499999884,0.19990624999987505,0.19308749999987931,0.08613749999994616,0.0822312499999486,0.08219374999994863,0.04890624999996943,0.03941249999997537,0.044074999999972456,0.0476812499999702,0.0361562499999774,0.03830624999997606,0.051668749999967706,0.03948749999997532,0.04298124999997314
tag.txt,0.013424999999991609,0.012024999999992484,0.013893749999991316,0.03238749999997976,0.02913749999998179,0.038087499999976196,0.0411187499999743,0.036474999999977206,0.043131249999973045,0.18906874999988182,0.1863812499998835,0.18956874999988152,0.3262312499997961,0.3506187499997809,0.3217562499997989,0.17928124999988795,0.1784312499998885,0.17129999999989293,0.07514374999995303,0.0747187499999533,0.07387499999995382,0.043799999999972625,0.04145624999997409,0.047481249999970325,0.051149999999968034,0.04837499999996977,0.05069374999996831,0.04839374999996975,0.04238124999997351,0.050212499999968616
tag.txt,0.013531249999991543,0.012556249999992152,0.014599999999990875,0.03358749999997901,0.028118749999982425,0.0353687499999779,0.03668749999997707,0.032518749999979675,0.03949999999997531,0.17417499999989114,0.16882499999989448,0.17988749999988757,0.3382437499997886,0.3643562499997723,0.3265374999997959,0.19706249999987682,0.19857499999987588,0.1878437499998826,0.07012499999995617,0.0683374999999573,0.07041874999995598,0.037812499999976365,0.03577499999997764,0.04001874999997499,0.05011249999996868,0.047718749999970174,0.05178124999996764,0.048662499999969584,0.04321874999997299,0.05404374999996622
tag.txt,0.012218749999992362,0.011556249999992777,0.013593749999991503,0.030587499999980883,0.026743749999983284,0.03545624999997784,0.03990624999997506,0.034981249999978134,0.041987499999973754,0.19220624999987987,0.18839374999988226,0.1917124999998802,0.33978124999978765,0.3608312499997745,0.32747499999979535,0.17850624999988843,0.17743749999988911,0.17211874999989243,0.06946249999995659,0.06913749999995679,0.07031249999995605,0.04153749999997404,0.03975624999997515,0.04489374999997194,0.05033124999996854,0.04923749999996923,0.05229999999996731,0.04546249999997159,0.041924999999973796,0.05014999999996866
tag.txt,0.014499999999990937,0.014106249999991183,0.016093749999989942,0.034981249999978134,0.029881249999981326,0.03799999999997625,0.03710624999997681,0.033699999999978934,0.04026874999997483,0.17675624999988954,0.17144374999989284,0.17788749999988882,0.3254687499997966,0.3468812499997832,0.31557499999980276,0.19147499999988032,0.1912249999998805,0.18004999999988747,0.07283124999995448,0.07194374999995504,0.07153124999995529,0.03921249999997549,0.038668749999975834,0.04302499999997311,0.053624999999966484,0.053362499999966645,0.05766874999996396,0.05404374999996622,0.04878749999996951,0.05989999999996256
tag.txt,0.013481249999991575,0.011837499999992602,0.014537499999990914,0.03428749999997857,0.02766249999998271,0.03818749999997613,0.03763124999997648,0.032106249999979936,0.03938749999997538,0.174412499999891,0.17063124999989335,0.17527499999989046,0.329631249999794,0.3574499999997766,0.32284999999979824,0.19140624999988037,0.19346249999987908,0.1811062499998868,0.07169999999995519,0.07165624999995522,0.07204374999995497,0.04164374999997397,0.03835624999997603,0.04504374999997185,0.05368124999996645,0.051412499999967866,0.0550374999999656,0.05212499999996742,0.045424999999971606,0.056531249999964665
tag.txt,0.011412499999992868,0.010862499999993211,0.012293749999992316,0.025706249999983933,0.02350624999998531,0.02838124999998226,0.03716874999997677,0.031174999999980517,0.039868749999975084,0.19383749999987884,0.18743749999988285,0.19564999999987773,0.36372499999977265,0.3943812499997535,0.3550749999997781,0.1865437499998834,0.18183124999988634,0.1809187499998869,0.0660874999999587,0.062437499999960976,0.06473124999995954,0.03563124999997773,0.033462499999979085,0.03729374999997669,0.04130624999997418,0.04026249999997483,0.04316249999997302,0.038581249999975885,0.034643749999978345,0.04262499999997336
tag.txt,0.01305624999999184,0.011893749999992567,0.014618749999990863,0.033624999999978984,0.02742499999998286,0.03657499999997714,0.03834999999997603,0.03294374999997941,0.03911874999997555,0.1736062499998915,0.17034999999989353,0.17481249999989074,0.3388187499997882,0.36196249999977376,0.33029374999979355,0.18963749999988147,0.19143749999988036,0.17955624999988778,0.07061874999995586,0.06905624999995684,0.07234374999995478,0.040393749999974755,0.03784374999997635,0.043112499999973054,0.05245624999996722,0.05174374999996766,0.05447499999996595,0.0494374999999691,0.04534374999997166,0.055093749999965566
tag.txt,0.012887499999991945,0.01262499999999211,0.014606249999990871,0.027962499999982522,0.024874999999984455,0.030024999999981233,0.04026874999997483,0.034062499999978714,0.041587499999974006,0.19203124999987997,0.18882499999988198,0.19531874999987792,0.3447812499997845,0.37156874999976774,0.3371437499997893,0.18357499999988527,0.17892499999988817,0.1761312499998899,0.07000624999995625,0.06881249999995699,0.06933124999995667,0.039512499999975303,0.036449999999977216,0.04135624999997415,0.0446312499999721,0.044231249999972355,0.046456249999970965,0.04434374999997229,0.039624999999975236,0.04804374999996997
tag.txt,0.02614374999998366,0.017981249999988763,0.02119999999998675,0.03958124999997526,0.03113749999998054,0.04340624999997287,0.05948749999996282,0.04753749999997029,0.061406249999961623,0.1772874999998892,0.17756874999988903,0.1736312499998915,0.24538749999984663,0.31160624999980524,0.26279374999983574,0.18683124999988324,0.2140624999998662,0.2062062499998711,0.09750624999993905,0.08270624999994831,0.08884999999994447,0.05274374999996703,0.03829374999997607,0.04538124999997164,0.04897499999996939,0.03331249999997918,0.03870624999997581,0.06605624999995871,0.04579374999997138,0.058418749999963486
tag.txt,0.029018749999981865,0.018956249999988153,0.022206249999986123,0.04189999999997381,0.033268749999979204,0.046774999999970764,0.06034374999996228,0.04562499999997149,0.05634999999996478,0.17171874999989267,0.17082499999989323,0.16398124999989752,0.24835624999984476,0.3293062499997942,0.2875187499998203,0.18596874999988378,0.21242499999986722,0.20468749999987207,0.09465624999994084,0.07906874999995059,0.08284999999994822,0.05555624999996528,0.03691249999997693,0.0446374999999721,0.04522499999997173,0.028181249999982387,0.033874999999978825,0.06725624999995797,0.045431249999971605,0.0571187499999643
tag.txt,0.026043749999983722,0.017956249999988776,0.021493749999986565,0.03957499999997527,0.030168749999981145,0.043031249999973105,0.06046249999996221,0.04693124999997067,0.06248749999996094,0.18109999999988682,0.18398124999988502,0.17794999999988878,0.24369999999984768,0.3128374999998045,0.2601249999998374,0.1817437499998864,0.20858124999986963,0.2011062499998743,0.09541874999994036,0.08244999999994847,0.08923749999994422,0.053806249999966374,0.037718749999976424,0.04569374999997144,0.05031874999996855,0.03339999999997913,0.03921249999997549,0.0678312499999576,0.04597499999997127,0.05966249999996271
tag.txt,0.030131249999981166,0.020318749999987302,0.02342499999998536,0.04171874999997392,0.034562499999978395,0.046043749999971226,0.06105624999996184,0.046968749999970645,0.0555249999999653,0.17109999999989306,0.16408124999989745,0.16051874999989968,0.2588437499998382,0.3428687499997857,0.2962874999998148,0.1832062499998855,0.20714374999987054,0.20254999999987341,0.09009374999994368,0.07410624999995369,0.08203749999994872,0.05508749999996557,0.03731249999997668,0.04308124999997307,0.04309374999997306,0.027187499999983007,0.03248749999997969,0.06566874999995896,0.045449999999971596,0.05804374999996372
tag.txt,0.026906249999983183,0.017318749999989176,0.01893124999998817,0.041924999999973796,0.02814374999998241,0.035681249999977696,0.056456249999964715,0.041837499999973854,0.05284374999996697,0.16995624999989378,0.17544999999989033,0.17943749999988784,0.24839999999984474,0.33970624999978766,0.2958312499998151,0.19970624999987518,0.22058749999986213,0.22330624999986043,0.09745624999993908,0.0745562499999534,0.07933749999995042,0.048668749999969584,0.032362499999979776,0.03591249999997755,0.04444999999997222,0.026743749999983284,0.02918749999998176,0.06607499999995871,0.043293749999972944,0.049531249999969044
tag.txt,0.02502499999998436,0.015218749999990488,0.01886249999998821,0.03705624999997684,0.026793749999983255,0.03676249999997702,0.05786874999996383,0.04271249999997331,0.05641874999996474,0.17865624999988833,0.1816124999998865,0.1814499999998866,0.2609937499998369,0.3422437499997861,0.28474374999982205,0.18918124999988176,0.21398124999986626,0.21111874999986804,0.09413124999994117,0.0753624999999529,0.08469374999994707,0.04855624999996965,0.03350624999997906,0.03933749999997541,0.04626874999997108,0.028774999999982016,0.033874999999978825,0.062262499999961085,0.03979374999997513,0.05273749999996704
tag.txt,0.026681249999983322,0.017237499999989227,0.019799999999987626,0.039706249999975185,0.02773124999998267,0.03532499999997792,0.05982499999996261,0.044131249999972415,0.056374999999964766,0.1779124999998888,0.18196874999988627,0.18099999999988686,0.2561749999998399,0.3448249999997845,0.296037499999815,0.18923124999988172,0.20882499999986948,0.21483749999986573,0.09226249999994234,0.07044999999995596,0.0777749999999514,0.04999999999996875,0.03394374999997878,0.03683749999997698,0.04436874999997227,0.028156249999982404,0.031131249999980543,0.0638374999999601,0.04273124999997329,0.0508812499999682
tag.txt,0.025093749999984316,0.01612499999998992,0.02025624999998734,0.037987499999976256,0.026868749999983208,0.038937499999975665,0.05998124999996251,0.04376249999997265,0.05796874999996377,0.1769624999998894,0.18120624999988674,0.17971874999988768,0.25569999999984017,0.3371499999997893,0.27763124999982647,0.18758124999988277,0.21239999999986725,0.20281249999987325,0.09316249999994178,0.07646249999995221,0.08583749999994635,0.05016249999996865,0.034331249999978546,0.04229999999997356,0.04853124999996967,0.029724999999981423,0.03749374999997657,0.06483749999995948,0.04196874999997377,0.057043749999964345
tag.txt,0.018331249999988544,0.016812499999989492,0.020712499999987054,0.03820624999997612,0.035593749999977754,0.04073749999997454,0.052618749999967115,0.04614374999997116,0.06049999999996219,0.20316874999987303,0.20643124999987097,0.22379374999986013,0.2340812499998537,0.2638562499998351,0.235174999999853,0.19233749999987979,0.20042499999987473,0.16300624999989813,0.10210624999993619,0.09794374999993878,0.09401874999994124,0.04941249999996912,0.0427249999999733,0.054231249999966105,0.0473562499999704,0.03761249999997649,0.045843749999971345,0.06238124999996101,0.05245624999996722,0.06198124999996126
tag.txt,0.01291249999999193,0.0161562499999899,0.014381249999991012,0.03628749999997732,0.03831249999997605,0.04145624999997409,0.044249999999972346,0.03898749999997563,0.053281249999966696,0.19373124999987892,0.18321249999988548,0.235187499999853,0.22424999999985984,0.2365124999998522,0.2264124999998585,0.21161249999986775,0.21416249999986614,0.1843437499998848,0.10989999999993132,0.10350624999993531,0.10227499999993608,0.05257499999996714,0.04769374999997019,0.04857499999996964,0.05374374999996641,0.05449999999996594,0.04291249999997318,0.06073749999996204,0.06695624999995815,0.05117499999996802
tag.txt,0.012037499999992476,0.016012499999989993,0.013243749999991722,0.03339374999997913,0.03766874999997646,0.037387499999976634,0.03817499999997614,0.03461874999997836,0.04581874999997136,0.21033124999986855,0.19746249999987658,0.2466937499998458,0.22634999999985853,0.23883124999985073,0.24515624999984678,0.20034999999987477,0.18934999999988167,0.16469374999989705,0.1017624999999364,0.09913749999993804,0.09773124999993892,0.055493749999965314,0.055849999999965094,0.05109999999996806,0.06377499999996014,0.06546249999995908,0.046874999999970704,0.058331249999963544,0.065606249999959,0.05129999999996794
tag.txt,0.01137499999999289,0.016887499999989446,0.012662499999992086,0.03417499999997864,0.03905624999997559,0.036199999999977375,0.038168749999976145,0.03313749999997929,0.04684999999997072,0.18788124999988257,0.17970624999988768,0.22516249999985927,0.19609374999987744,0.21320624999986673,0.21115624999986804,0.2190249999998631,0.2046437499998721,0.21029374999986858,0.10388749999993507,0.09781874999993886,0.11138124999993039,0.062268749999961084,0.054724999999965794,0.04748749999997032,0.0857624999999464,0.0955124999999403,0.045943749999971285,0.06136249999996165,0.06530624999995918,0.052862499999966964
tag.txt,0.017699999999988936,0.015749999999990157,0.018668749999988334,0.04052499999997467,0.03447499999997845,0.0414374999999741,0.054224999999966106,0.04674374999997079,0.06033124999996229,0.19767499999987645,0.20903124999986936,0.2228562499998607,0.21958124999986275,0.2540062499998412,0.233593749999854,0.18041249999988723,0.1897687499998814,0.15768749999990145,0.10567499999993395,0.10104374999993684,0.09516249999994052,0.0550437499999656,0.04743124999997036,0.05651249999996468,0.05938124999996289,0.04658124999997089,0.0515187499999678,0.06978124999995639,0.055168749999965516,0.0622312499999611
tag.txt,0.013256249999991716,0.019593749999987753,0.013737499999991415,0.040649999999974595,0.045449999999971596,0.045437499999971605,0.039356249999975404,0.03544374999997785,0.049606249999968995,0.17281249999989198,0.1590124999999006,0.22379374999986013,0.18743124999988287,0.18994999999988127,0.21301249999986688,0.22276874999986077,0.2150624999998656,0.19271874999987956,0.11604999999992748,0.11085624999993071,0.10629999999993356,0.06505624999995933,0.06298749999996063,0.052024999999967486,0.07019374999995613,0.07756249999995152,0.04736874999997039,0.07242499999995473,0.08408124999994745,0.055999999999965
tag.txt,0.013574999999991516,0.01735624999998915,0.014699999999990812,0.03715624999997678,0.04051249999997468,0.040387499999974756,0.04280624999997325,0.03633749999997729,0.04654374999997091,0.19304374999987936,0.18698124999988314,0.2321624999998549,0.206412499999871,0.22686249999985822,0.23269374999985457,0.19045624999988098,0.17704999999988935,0.16886874999989446,0.09989374999993757,0.09726249999993922,0.09842499999993848,0.0632187499999605,0.05923749999996298,0.052862499999966964,0.08580624999994638,0.08550624999994656,0.05614374999996491,0.06763124999995773,0.07289374999995445,0.05721249999996424
tag.txt,0.013399999999991625,0.018787499999988258,0.014131249999991168,0.041499999999974065,0.04614999999997116,0.04066249999997459,0.03672499999997705,0.03228749999997982,0.045006249999971874,0.16841874999989473,0.1630312499998981,0.21876874999986326,0.1596812499999002,0.18213749999988615,0.18919374999988176,0.20278124999987326,0.1847749999998845,0.1980687499998762,0.09689374999993944,0.09591249999994006,0.11601874999992749,0.07459374999995338,0.06742499999995787,0.053462499999966585,0.12699374999992064,0.12861874999991962,0.06377499999996014,0.07901249999995062,0.08087499999994946,0.06091249999996193
tag.txt,0.044549999999972154,0.021256249999986716,0.027381249999982888,0.08952499999994405,0.04876874999996952,0.06554999999995903,0.05834999999996353,0.05201874999996749,0.060649999999962095,0.11171249999993017,0.1777499999998889,0.16374999999989764,0.1003249999999373,0.1905499999998809,0.16219374999989863,0.1255937499999215,0.16533124999989668,0.1538999999999038,0.10531874999993418,0.10912499999993179,0.10934374999993166,0.09223124999994235,0.06595624999995878,0.07226874999995483,0.11789374999992631,0.08299999999994813,0.0854374999999466,0.15449999999990344,0.08624374999994609,0.0995249999999378
tag.txt,0.04419374999997238,0.019206249999987997,0.02569374999998394,0.08956874999994402,0.047137499999970536,0.0646437499999596,0.05905624999996309,0.053293749999966694,0.06134999999996166,0.11330624999992918,0.1782437499998886,0.16038749999989976,0.10003749999993748,0.1918062499998801,0.16643124999989597,0.12554374999992154,0.17128124999989294,0.16788124999989507,0.10567499999993395,0.10933124999993167,0.11222499999992985,0.09244374999994222,0.06453124999995967,0.06811874999995743,0.1169562499999269,0.08039374999994975,0.07901249999995062,0.15321874999990423,0.08477499999994702,0.09425624999994109
tag.txt,0.043524999999972794,0.021162499999986772,0.02636874999998352,0.08887499999994446,0.04804999999996997,0.06469374999995957,0.057131249999964294,0.049624999999968986,0.060312499999962306,0.11112499999993054,0.17393749999989128,0.16213124999989867,0.10400624999993499,0.19253124999987967,0.16649374999989594,0.1276687499999202,0.17734374999988917,0.1660874999998962,0.10898749999993189,0.11093749999993066,0.10971874999993142,0.09126249999994296,0.06283749999996073,0.0673624999999579,0.11544999999992785,0.07851874999995093,0.08059999999994963,0.151968749999905,0.08505624999994683,0.09623124999993986
tag.txt,0.044906249999971934,0.020074999999987454,0.02633124999998354,0.09224374999994235,0.04812499999996992,0.06557499999995901,0.05561874999996524,0.04998749999996876,0.05863749999996335,0.10962499999993149,0.1742374999998911,0.15797499999990128,0.0945562499999409,0.18600624999988374,0.16164374999989897,0.12291874999992318,0.17973124999988765,0.17224374999989234,0.10629374999993356,0.11339374999992913,0.11385624999992884,0.09461249999994087,0.06369374999996019,0.0681624999999574,0.1214374999999241,0.07948124999995032,0.07956249999995027,0.15778749999990138,0.08526874999994671,0.09601249999994
tag.txt,0.046199999999971125,0.02188749999998632,0.026343749999983537,0.08714999999994553,0.04552499999997155,0.0587124999999633,0.0668812499999582,0.05611249999996493,0.06554999999995903,0.11530624999992793,0.1899249999998813,0.17742499999988912,0.11148124999993032,0.20824999999986984,0.18499999999988437,0.1291187499999193,0.17366249999989147,0.16296874999989813,0.10521249999993425,0.10636874999993352,0.10501874999993437,0.08983749999994385,0.0596749999999627,0.0652749999999592,0.10259374999993588,0.0630437499999606,0.06773124999995767,0.1462187499999086,0.07554999999995278,0.08597499999994626
tag.txt,0.04597499999997127,0.01884999999998822,0.024812499999984493,0.08689374999994569,0.04196874999997377,0.05486249999996571,0.06613749999995866,0.05750624999996406,0.06605624999995871,0.11763749999992648,0.19625624999987734,0.17773124999988893,0.10986249999993133,0.20820624999986986,0.18443124999988472,0.12602499999992123,0.17766874999988896,0.17573749999989016,0.10509374999993432,0.11046874999993096,0.11141874999993036,0.08896874999994439,0.05701874999996436,0.06046249999996221,0.10649999999993344,0.06249374999996094,0.06364999999996022,0.14690624999990817,0.06956249999995652,0.08083749999994948
tag.txt,0.04679999999997075,0.020962499999986898,0.025668749999983958,0.08552499999994655,0.04442499999997224,0.05770624999996393,0.0659249999999588,0.05426249999996609,0.06264374999996085,0.1164812499999272,0.1907499999998808,0.17970624999988768,0.11305624999992935,0.2227437499998608,0.1958374999998776,0.13226249999991735,0.17313749999989178,0.16661249999989586,0.10515624999993428,0.10346874999993533,0.10349374999993531,0.08881249999994449,0.05657499999996464,0.06268749999996082,0.10142499999993661,0.06196249999996127,0.0643187499999598,0.14455624999990965,0.07171249999995517,0.08132499999994917
tag.txt,0.047649999999970216,0.019962499999987525,0.02689374999998319,0.0892749999999442,0.04349374999997282,0.057556249999964025,0.06278124999996076,0.05478749999996576,0.06294374999996066,0.11494374999992817,0.18733749999988292,0.16906874999989432,0.10488749999993445,0.20943124999986912,0.18375624999988516,0.12494374999992192,0.18693124999988317,0.18306249999988558,0.10469374999993457,0.110393749999931,0.11308749999992931,0.09171874999994267,0.05459999999996588,0.05958749999996276,0.10893749999993191,0.061224999999961734,0.06219999999996113,0.15016874999990615,0.0718374999999551,0.08184374999994885
tag.txt,0.043199999999973,0.020468749999987206,0.025156249999984278,0.08743749999994535,0.04581249999997137,0.05959374999996275,0.06243124999996098,0.05479374999996575,0.06049374999996219,0.11736249999992665,0.18536249999988413,0.1692749999998942,0.10355624999993528,0.18885624999988196,0.17950624999988782,0.1251124999999218,0.16885624999989446,0.16443749999989724,0.10586249999993383,0.11126249999993046,0.10721249999993299,0.09152499999994279,0.06659374999995837,0.06909999999995681,0.11393749999992879,0.0756749999999527,0.07463124999995335,0.1495749999999065,0.08231874999994855,0.09059374999994338
tag.txt,0.04664999999997085,0.024343749999984784,0.02897499999998189,0.09205624999994247,0.04894374999996941,0.0673562499999579,0.05873749999996329,0.057381249999964135,0.06211249999996118,0.10763124999993273,0.1788687499998882,0.16065624999989958,0.0942312499999411,0.17762499999988898,0.15934374999990042,0.1198312499999251,0.1524687499999047,0.15092499999990566,0.10619999999993363,0.10546874999993408,0.10542499999993411,0.09589999999994006,0.07141874999995536,0.07381249999995387,0.11913124999992554,0.08946249999994409,0.08909374999994432,0.15963124999990022,0.09401874999994124,0.10229999999993607
tag.txt,0.04353124999997279,0.020356249999987277,0.02451249999998468,0.08797499999994501,0.04446249999997221,0.05985624999996259,0.0627124999999608,0.055449999999965346,0.061162499999961775,0.11658749999992714,0.18611874999988368,0.16743749999989535,0.10276249999993577,0.19743749999987661,0.18761249999988275,0.12330624999992293,0.16323749999989798,0.16374999999989764,0.10460624999993462,0.10500624999993437,0.10286249999993571,0.09233749999994229,0.06742499999995787,0.06753749999995778,0.11496249999992815,0.07785624999995135,0.07611874999995243,0.15121874999990548,0.08264999999994835,0.08914999999994429
tag.txt,0.045787499999971386,0.024356249999984775,0.030362499999981023,0.09100624999994313,0.05101874999996811,0.06854374999995716,0.05667499999996458,0.05562499999996524,0.06083124999996198,0.10653124999993342,0.17027499999989357,0.15403124999990372,0.09985624999993759,0.17675624999988954,0.15786249999990135,0.12392499999992254,0.1639624999998975,0.15808749999990118,0.10619374999993363,0.10899374999993187,0.10741249999993287,0.09351874999994154,0.06914374999995679,0.07304999999995435,0.11758124999992652,0.08458124999994714,0.0844687499999472,0.15892499999990067,0.09528749999994045,0.10534999999993415
tag.txt,0.022962499999985647,0.016931249999989417,0.021762499999986397,0.059199999999963,0.04733749999997042,0.06343124999996036,0.06026874999996233,0.052849999999966965,0.06477499999995952,0.16375624999989766,0.1838562499998851,0.17053124999989341,0.1783812499998885,0.21321249999986674,0.18596249999988376,0.16939374999989412,0.18660624999988337,0.1627062499998983,0.11036874999993102,0.11099374999993063,0.10795624999993253,0.07067499999995583,0.05681874999996449,0.06891874999995692,0.07634374999995229,0.06513749999995928,0.07268749999995457,0.08864999999994459,0.06625624999995859,0.08126874999994921
tag.txt,0.025756249999983903,0.02188749999998632,0.02769374999998269,0.05956874999996277,0.05316874999996677,0.06888124999995694,0.06068749999996207,0.053481249999966576,0.0631999999999605,0.1651249999998968,0.17218749999989238,0.1532687499999042,0.19464374999987835,0.23067499999985583,0.19860624999987586,0.17084999999989323,0.18603749999988373,0.1751874999998905,0.09991249999993755,0.09946249999993784,0.10011249999993743,0.0705687499999559,0.05964374999996272,0.07161249999995524,0.06730624999995793,0.05473124999996579,0.05896249999996315,0.08558124999994651,0.06872499999995704,0.08247499999994845
tag.txt,0.02033749999998729,0.015543749999990286,0.020087499999987445,0.0548749999999657,0.04599374999997125,0.06327499999996045,0.06018124999996239,0.05341874999996661,0.06551874999995905,0.17694999999988942,0.19671249999987706,0.17943124999988785,0.19958749999987527,0.2315374999998553,0.2038249999998726,0.17160624999989274,0.17759999999988899,0.15847499999990095,0.107193749999933,0.10850624999993218,0.10444374999993472,0.06441249999995974,0.054037499999966224,0.06646249999995846,0.06775624999995765,0.05827499999996358,0.0667062499999583,0.07709999999995182,0.05837499999996352,0.07177499999995514
tag.txt,0.02243124999998598,0.019099999999988064,0.02531249999998418,0.050218749999968615,0.045337499999971664,0.06341874999996036,0.06458749999995964,0.05821249999996362,0.06949999999995657,0.18268749999988582,0.19155624999988027,0.16180624999989887,0.20331249999987294,0.22651249999985842,0.19704374999987684,0.16971874999989392,0.18921874999988172,0.17993124999988755,0.10233749999993604,0.10066874999993708,0.09974999999993765,0.06433124999995979,0.054993749999965626,0.06901874999995686,0.06382499999996011,0.05189999999996756,0.056968749999964395,0.07654999999995216,0.062499999999960934,0.07724999999995172
tag.txt,0.02615624999998365,0.021818749999986363,0.02589999999998381,0.05786874999996383,0.04673749999997079,0.05564374999996522,0.05923749999996298,0.05417499999996614,0.06343749999996035,0.1643124999998973,0.17731249999988918,0.1704249999998935,0.17276249999989202,0.20873749999986954,0.18564999999988396,0.1630249999998981,0.18213749999988615,0.1735624999998915,0.11018124999993113,0.10981249999993137,0.10712499999993305,0.0692812499999567,0.05898749999996313,0.06425624999995984,0.08026249999994983,0.06379999999996012,0.0678374999999576,0.09691249999993944,0.0764812499999522,0.08616249999994614
tag.txt,0.024662499999984586,0.017706249999988932,0.023931249999985044,0.058343749999963536,0.04419374999997238,0.05681874999996449,0.059874999999962576,0.053643749999966475,0.06395624999996002,0.16197499999989876,0.1881687499998824,0.1708874999998932,0.1657499999998964,0.20439374999987225,0.1785249999998884,0.15994999999990003,0.1788937499998882,0.16922499999989424,0.11014374999993116,0.10961874999993149,0.10996249999993127,0.07221874999995487,0.06000624999996249,0.0657749999999589,0.08954374999994404,0.07238124999995477,0.07479999999995325,0.09753749999993903,0.07099374999995563,0.08611874999994618
tag.txt,0.025624999999983984,0.0204749999999872,0.02443124999998473,0.05444374999996597,0.04561874999997149,0.056037499999964976,0.05984999999996259,0.05188749999996757,0.06189374999996131,0.16631874999989604,0.1806249999998871,0.17377499999989138,0.18248124999988594,0.22124999999986172,0.1947374999998783,0.1718562499998926,0.18634374999988354,0.17478749999989077,0.10892499999993192,0.10531874999993418,0.10484999999993447,0.06589374999995881,0.05543749999996535,0.06214999999996115,0.0729749999999544,0.06009999999996244,0.06460624999995962,0.09163124999994272,0.07294374999995441,0.0827312499999483
tag.txt,0.02409999999998494,0.018899999999988187,0.023206249999985495,0.053737499999966416,0.04243124999997348,0.053549999999966534,0.06110624999996181,0.05548124999996532,0.06710624999995805,0.1731312499998918,0.19404374999987872,0.17690624999988944,0.17973124999988765,0.209599999999869,0.18644999999988346,0.16537499999989663,0.18199999999988625,0.17484374999989072,0.10979999999993137,0.10854999999993216,0.1070374999999331,0.06638124999995851,0.056881249999964446,0.06329374999996044,0.07756249999995152,0.06329999999996044,0.06697499999995814,0.08907499999994432,0.06881249999995699,0.08063124999994961
tag.txt,0.02646249999998346,0.022162499999986148,0.025799999999983874,0.05446249999996596,0.04484999999997197,0.055924999999965044,0.06017499999996239,0.05544374999996535,0.06259374999996088,0.16886249999989447,0.17954999999988777,0.16884374999989446,0.18762499999988275,0.21911874999986306,0.20073124999987454,0.1672124999998955,0.18649999999988343,0.17575624999989015,0.10734374999993292,0.10594999999993378,0.1046374999999346,0.06649374999995844,0.056099999999964935,0.060968749999961894,0.0710437499999556,0.05763124999996398,0.06213124999996117,0.09031874999994355,0.07269374999995457,0.08261249999994837
tag.txt,0.025674999999983954,0.019981249999987512,0.026006249999983747,0.05601249999996499,0.043193749999973004,0.055512499999965305,0.06143124999996161,0.055249999999965466,0.0648062499999595,0.1623937499998985,0.18069999999988706,0.16468749999989707,0.17548124999989032,0.20698749999987062,0.18238749999988602,0.1756812499998902,0.1987124999998758,0.18453124999988466,0.11400624999992874,0.11208749999992995,0.11074999999993078,0.06423749999995985,0.0521499999999674,0.06109999999996181,0.07266249999995458,0.05974999999996266,0.06533124999995917,0.09241874999994223,0.07118749999995551,0.08488749999994695
tag.txt,0.02554999999998403,0.021474999999986578,0.025418749999984114,0.054662499999965836,0.043212499999972995,0.054749999999965784,0.06041874999996224,0.053712499999966426,0.06194374999996129,0.1666937499998958,0.1836374999998852,0.17090624999989318,0.1910499999998806,0.22669999999985832,0.20233124999987354,0.16981874999989385,0.18183124999988634,0.1755124999998903,0.10698749999993314,0.10391249999993506,0.10066874999993708,0.06515624999995928,0.05540624999996537,0.06083124999996198,0.07084999999995571,0.06051249999996218,0.06483124999995948,0.08881249999994449,0.0695999999999565,0.08280624999994825
tag.txt,0.026049999999983718,0.022006249999986245,0.027074999999983078,0.052518749999967175,0.04204374999997372,0.05314374999996679,0.0627249999999608,0.055431249999965355,0.0667062499999583,0.16842499999989474,0.183999999999885,0.16965624999989395,0.18803749999988248,0.21988749999986257,0.18921874999988172,0.1790812499998881,0.19591249999987756,0.1835062499998853,0.11131249999993043,0.10827499999993233,0.1076812499999327,0.06091874999996193,0.04979374999996888,0.059099999999963064,0.06597499999995876,0.05451249999996593,0.060631249999962104,0.0849562499999469,0.06813749999995741,0.08328124999994795
tag.txt,0.025768749999983895,0.020412499999987243,0.025318749999984177,0.05675624999996453,0.045681249999971446,0.05912499999996305,0.05820624999996362,0.05394374999996628,0.05946249999996284,0.15770624999990143,0.17496874999989065,0.15880624999990076,0.18853749999988217,0.22083124999986198,0.20499374999987188,0.1757124999998902,0.1913562499998804,0.17924999999988797,0.10698124999993314,0.10793124999993255,0.1022374999999361,0.0678437499999576,0.054924999999965675,0.06325624999996046,0.07076874999995576,0.05836874999996352,0.06374374999996016,0.09171874999994267,0.07158124999995526,0.08380624999994762
tag.txt,0.027062499999983086,0.02294374999998566,0.0268812499999832,0.0534312499999666,0.042362499999973525,0.05225624999996734,0.06277499999996076,0.0582374999999636,0.06678749999995826,0.1694374999998941,0.1833812499998854,0.1713312499998929,0.1908749999998807,0.22070624999986205,0.20291249999987318,0.17291249999989192,0.18836249999988228,0.17764374999988897,0.10598124999993376,0.10279374999993575,0.10242499999993598,0.06341249999996036,0.053737499999966416,0.060218749999962365,0.06814999999995741,0.05744999999996409,0.060137499999962415,0.08596249999994628,0.07002499999995623,0.07940624999995037
tag.txt,0.024949999999984405,0.022393749999986005,0.025399999999984126,0.053443749999966594,0.04144999999997409,0.05374999999996641,0.06061874999996211,0.056356249999964775,0.06315624999996053,0.17036249999989353,0.18712499999988305,0.16998749999989377,0.1964937499998772,0.21980624999986262,0.2081687499998699,0.1721437499998924,0.1836749999998852,0.17270624999989206,0.10563749999993398,0.10470624999993455,0.09847499999993846,0.06445624999995972,0.05652499999996467,0.06339374999996038,0.06863749999995711,0.0598312499999626,0.06468124999995957,0.08325624999994796,0.06813124999995741,0.08028124999994983
tag.txt,0.026393749999983503,0.022031249999986232,0.027381249999982888,0.05331874999996668,0.042324999999973544,0.05412499999996617,0.0647874999999595,0.0577562499999639,0.06728749999995795,0.16982499999989387,0.18966874999988145,0.17186874999989257,0.18709374999988307,0.21802499999986374,0.19459999999987837,0.16548124999989658,0.18069999999988706,0.16990624999989382,0.10893124999993192,0.10509999999993432,0.10539374999993413,0.06547499999995908,0.05588749999996507,0.06231249999996105,0.0699062499999563,0.0585562499999634,0.06361874999996024,0.08878749999994451,0.06994999999995628,0.08350624999994781
tag.txt,0.02529374999998419,0.019224999999987984,0.02404999999998497,0.057893749999963814,0.044062499999972464,0.058418749999963486,0.05964374999996272,0.05510624999996556,0.06439999999995975,0.1593562499999004,0.1784187499998885,0.1641249999998974,0.1735999999998915,0.2070062499998706,0.18664999999988335,0.16594374999989628,0.1879812499998825,0.1734437499998916,0.10963749999993147,0.10823124999993236,0.10476874999993452,0.07141874999995536,0.05762499999996398,0.06689374999995819,0.08108124999994933,0.06756874999995777,0.07075624999995578,0.09613124999993991,0.07477499999995327,0.08649374999994594
tag.txt,0.027324999999982922,0.022506249999985933,0.027699999999982686,0.054218749999966113,0.041987499999973754,0.05511249999996556,0.06328124999996045,0.057718749999963924,0.06811249999995743,0.16774999999989515,0.18283124999988573,0.16637499999989602,0.18478124999988452,0.22115624999986178,0.19412499999987867,0.16229374999989857,0.180799999999887,0.17266249999989208,0.10796874999993251,0.10449374999993469,0.10531874999993418,0.06738124999995788,0.055612499999965245,0.06205624999996121,0.07399374999995376,0.06101249999996187,0.06450624999995969,0.09100624999994313,0.07188124999995507,0.08403124999994747
tag.txt,0.024568749999984645,0.020549999999987155,0.024631249999984606,0.05228749999996732,0.04076874999997452,0.054506249999965936,0.06194374999996129,0.05774999999996391,0.06602499999995873,0.17234999999989228,0.18866249999988208,0.1735624999998915,0.19112499999988056,0.22018749999986237,0.19954999999987527,0.1702249999998936,0.18386249999988508,0.17053749999989343,0.11026874999993108,0.10681249999993324,0.10374374999993516,0.06485624999995947,0.05383749999996635,0.06267499999996083,0.06869999999995706,0.061081249999961826,0.06494374999995942,0.08367499999994771,0.06648749999995844,0.0798249999999501
tag.txt,0.02683124999998323,0.022631249999985854,0.02684374999998322,0.05484999999996572,0.04328124999997295,0.05784374999996385,0.062393749999961,0.057306249999964184,0.06644374999995847,0.16569999999989643,0.17976874999988765,0.1641562499998974,0.18260624999988587,0.21520624999986548,0.18967499999988144,0.16548749999989656,0.1831874999998855,0.17203124999989247,0.10829999999993231,0.10728749999993295,0.10631249999993356,0.06847499999995721,0.05751249999996406,0.06514374999995928,0.07398124999995376,0.06113749999996179,0.06467499999995958,0.09137499999994289,0.07268124999995458,0.0868749999999457
tag.txt,0.008349999999994782,0.005699999999996437,0.00763124999999523,0.023381249999985386,0.01673749999998954,0.022624999999985858,0.03304374999997935,0.02476874999998452,0.0345562499999784,0.1787437499998883,0.1790812499998881,0.18666874999988334,0.30328124999981043,0.3473437499997829,0.31568749999980267,0.2342687499998536,0.24668124999984584,0.2342562499998536,0.08581249999994636,0.07706249999995184,0.08128124999994919,0.04118124999997426,0.03366249999997896,0.037737499999976415,0.04778124999997014,0.03689999999997694,0.03993749999997504,0.044156249999972405,0.03206249999997996,0.039618749999975236
tag.txt,0.009549999999994032,0.006818749999995738,0.010262499999993586,0.030937499999980664,0.022824999999985735,0.03289999999997944,0.036018749999977485,0.029049999999981844,0.03894374999997566,0.17416874999989115,0.1790499999998881,0.17698124999988937,0.25778749999983885,0.2890062499998194,0.2625562499998359,0.23108749999985556,0.2483124999998448,0.22754999999985778,0.09888749999993819,0.09421249999994112,0.097612499999939,0.0510374999999681,0.043199999999973,0.04980624999996887,0.05633124999996479,0.04483124999997198,0.05059374999996838,0.05419374999996613,0.042693749999973316,0.052793749999967006
tag.txt,0.008568749999994645,0.006299999999996062,0.008199999999994875,0.02452499999998467,0.017768749999988894,0.024599999999984624,0.03351249999997905,0.025474999999984076,0.034818749999978235,0.17244374999989223,0.17197499999989252,0.1806499999998871,0.3063874999998085,0.3462874999997836,0.31293124999980443,0.24103749999984936,0.25113749999984303,0.2395124999998503,0.08571874999994643,0.07961249999995024,0.08504999999994685,0.040199999999974874,0.0332749999999792,0.03666874999997708,0.044249999999972346,0.034312499999978555,0.03761249999997649,0.0433562499999729,0.03385624999997884,0.039956249999975026
tag.txt,0.00883124999999448,0.0062249999999961095,0.007718749999995176,0.027543749999982783,0.019756249999987652,0.025962499999983773,0.03529999999997794,0.027193749999983002,0.036549999999977156,0.17753749999988905,0.180787499999887,0.1832187499998855,0.27954999999982527,0.3185374999998009,0.30407499999980997,0.22288749999986068,0.2350374999998531,0.2193374999998629,0.09156249999994277,0.0852812499999467,0.08606249999994621,0.049356249999969154,0.04161874999997399,0.045074999999971825,0.05669999999996456,0.047206249999970494,0.048074999999969954,0.050731249999968295,0.03835624999997603,0.04392499999997255
tag.txt,0.010837499999993226,0.008768749999994519,0.010274999999993577,0.027537499999982788,0.020574999999987142,0.026499999999983436,0.03955624999997528,0.03186249999998009,0.04068124999997457,0.18156249999988652,0.18227499999988608,0.1868874999998832,0.2867437499998208,0.32939374999979415,0.2980624999998137,0.2168124999998645,0.23189999999985506,0.2299187499998563,0.08930624999994419,0.08148124999994907,0.0884812499999447,0.045506249999971556,0.036006249999977494,0.03825624999997609,0.05276249999996702,0.04023749999997485,0.03899374999997563,0.04937499999996914,0.03749999999997656,0.04194374999997379
tag.txt,0.011462499999992836,0.009368749999994144,0.012299999999992312,0.02971249999998143,0.024756249999984527,0.03443749999997848,0.04023749999997485,0.03425624999997859,0.04590624999997131,0.1844499999998847,0.18790624999988256,0.18026874999988732,0.27449374999982845,0.30553749999980906,0.27529999999982796,0.21255624999986716,0.2225437499998609,0.2116874999998677,0.09496874999994065,0.09027499999994358,0.0940812499999412,0.04838749999996976,0.04085624999997446,0.04766874999997021,0.051193749999968,0.041068749999974334,0.045349999999971656,0.052537499999967166,0.04343124999997285,0.05299999999996687
tag.txt,0.010793749999993253,0.009012499999994367,0.01076874999999327,0.02599999999998375,0.021749999999986405,0.028118749999982425,0.037818749999976364,0.032618749999979615,0.04278749999997326,0.18251249999988592,0.18152499999988655,0.18418749999988487,0.3009062499998119,0.3324499999997922,0.3010124999998119,0.22436874999985976,0.23248749999985469,0.2297749999998564,0.0854374999999466,0.0828812499999482,0.08675624999994577,0.0412812499999742,0.033624999999978984,0.03753749999997654,0.044912499999971926,0.03601249999997749,0.036618749999977114,0.04596874999997127,0.037637499999976474,0.042437499999973476
tag.txt,0.009712499999993929,0.008887499999994445,0.010212499999993617,0.025306249999984185,0.02124374999998672,0.02893124999998192,0.03820624999997612,0.0326437499999796,0.04249374999997344,0.18979999999988137,0.19098749999988063,0.188799999999882,0.302399999999811,0.3265812499997959,0.3035062499998103,0.22397499999986,0.2337499999998539,0.2230249999998606,0.08949374999994407,0.0839999999999475,0.0866999999999458,0.040218749999974865,0.03366249999997896,0.03965624999997521,0.03911874999997555,0.032362499999979776,0.03483124999997823,0.041768749999973896,0.03588124999997758,0.041843749999973846
tag.txt,0.009837499999993851,0.007524999999995297,0.00966249999999396,0.026862499999983212,0.019587499999987757,0.02694374999998316,0.03718124999997676,0.030374999999981014,0.038937499999975665,0.1819124999998863,0.1825437499998859,0.18272499999988578,0.279974999999825,0.32306874999979807,0.29413124999981616,0.22499999999985937,0.2411187499998493,0.235193749999853,0.09317499999994176,0.0849562499999469,0.08933124999994417,0.04564374999997147,0.0358374999999776,0.03949374999997532,0.050387499999968506,0.03819374999997613,0.03897499999997564,0.05002499999996873,0.036793749999977005,0.04460624999997212
tag.txt,0.007793749999995129,0.006493749999995941,0.008343749999994786,0.022681249999985824,0.017687499999988945,0.024462499999984712,0.03368124999997895,0.027049999999983095,0.03658124999997714,0.18086874999988695,0.18219999999988612,0.18426874999988482,0.3170874999998018,0.3478562499997826,0.3187187499998008,0.227199999999858,0.24000624999984999,0.23157499999985526,0.08457499999994714,0.07866249999995084,0.08323124999994798,0.03953749999997529,0.032343749999979785,0.03740624999997662,0.043974999999972515,0.03489374999997819,0.0361624999999774,0.042599999999973374,0.0328062499999795,0.03924999999997547
tag.txt,0.009793749999993879,0.007706249999995184,0.009812499999993868,0.02500624999998437,0.019806249999987622,0.02658749999998338,0.03478749999997826,0.029912499999981305,0.038331249999976044,0.17977499999988764,0.1816249999998865,0.18463124999988462,0.29994999999981253,0.32994374999979376,0.29896249999981317,0.22873749999985704,0.23973749999985017,0.2306999999998558,0.08868124999994458,0.08386249999994759,0.08726874999994545,0.041574999999974015,0.034412499999978495,0.03924374999997547,0.044993749999971876,0.036118749999977426,0.038918749999975674,0.04669999999997081,0.036874999999976954,0.04554374999997154
tag.txt,0.008599999999994624,0.006931249999995668,0.0087999999999945,0.02348749999998532,0.01841874999998849,0.025574999999984017,0.033593749999979,0.0283187499999823,0.03681249999997699,0.1764937499998897,0.1786999999998883,0.18057499999988713,0.31879999999980074,0.34459999999978463,0.316812499999802,0.23420624999985362,0.24404374999984746,0.23173124999985517,0.08419374999994737,0.07928124999995045,0.08366249999994771,0.03939374999997538,0.03271249999997956,0.03879374999997575,0.03979374999997513,0.03289999999997944,0.03609374999997744,0.0414374999999741,0.03409374999997869,0.041143749999974284
tag.txt,0.009337499999994165,0.0074999999999953125,0.009256249999994215,0.023574999999985264,0.019368749999987896,0.024806249999984497,0.03564374999997772,0.02961874999998149,0.03929374999997544,0.18508124999988432,0.18072499999988706,0.1862187499998836,0.30757499999980775,0.3436687499997852,0.31078749999980576,0.2270187499998581,0.23981874999985012,0.23341874999985412,0.07991874999995005,0.07449374999995344,0.0806437499999496,0.040456249999974714,0.033287499999979195,0.036806249999976996,0.047399999999970376,0.037387499999976634,0.03774999999997641,0.043993749999972506,0.034131249999978665,0.04101874999997436
tag.txt,0.010249999999993594,0.008174999999994891,0.011662499999992712,0.029606249999981495,0.024218749999984863,0.034924999999978175,0.039349999999975405,0.03255624999997965,0.043287499999972945,0.18323749999988548,0.1863687499998835,0.18025624999988735,0.278431249999826,0.30933124999980666,0.2766437499998271,0.21681874999986447,0.2265562499998584,0.21146874999986784,0.09369374999994144,0.08870624999994456,0.09400624999994124,0.04774374999997016,0.03998124999997501,0.049106249999969306,0.05076249999996827,0.04233749999997354,0.04669999999997081,0.05010624999996868,0.041768749999973896,0.05194374999996754
tag.txt,0.009124999999994297,0.007981249999995011,0.009324999999994171,0.023337499999985415,0.019274999999987955,0.0257624999999839,0.035256249999977965,0.030331249999981044,0.04024374999997485,0.18196874999988627,0.17900624999988812,0.18678124999988327,0.3174624999998016,0.3479937499997825,0.3110999999998056,0.2344187499998535,0.24058749999984963,0.2344062499998535,0.0793624999999504,0.0756812499999527,0.08313124999994805,0.03717499999997677,0.03155624999998028,0.0358374999999776,0.040468749999974706,0.033368749999979144,0.03384374999997885,0.04142499999997411,0.034218749999978613,0.03956874999997527
tag.txt,0.009224999999994234,0.008268749999994832,0.00993749999999379,0.027562499999982774,0.02279999999998575,0.032012499999979994,0.03822499999997611,0.031849999999980096,0.042168749999973644,0.18419999999988487,0.18634374999988354,0.1811062499998868,0.2973937499998141,0.32309999999979805,0.29964374999981275,0.21801249999986375,0.2263812499998585,0.2118624999998676,0.0902374999999436,0.08556874999994651,0.08765624999994522,0.044131249999972415,0.03735624999997665,0.045093749999971816,0.045687499999971445,0.03929999999997544,0.04243124999997348,0.04532499999997167,0.039031249999975606,0.048087499999969946
tag.txt,0.013249999999991718,0.009812499999993868,0.01548749999999032,0.03016249999998115,0.022024999999986233,0.03446249999997846,0.0409624999999744,0.03227499999997983,0.046187499999971134,0.17620624999988987,0.17772499999988892,0.18572499999988393,0.3006874999998121,0.3589749999997756,0.2933062499998167,0.22323749999986048,0.22419999999985987,0.19331249999987918,0.08601874999994624,0.07430624999995356,0.0843062499999473,0.03972499999997517,0.03139374999998038,0.04503749999997185,0.03964999999997522,0.03204999999997997,0.04597499999997127,0.05009999999996869,0.03723749999997673,0.056199999999964875
tag.txt,0.011912499999992554,0.008693749999994567,0.01403124999999123,0.028981249999981886,0.021237499999986725,0.03274999999997953,0.04364999999997272,0.031249999999980467,0.043699999999972684,0.18358124999988526,0.1848124999998845,0.18986874999988132,0.31031249999980604,0.3716499999997677,0.3132749999998042,0.21174999999986766,0.2142374999998661,0.18894374999988192,0.0851124999999468,0.07201249999995499,0.07886249999995071,0.039624999999975236,0.031062499999980585,0.04308124999997307,0.03788124999997632,0.03025624999998109,0.04398749999997251,0.0471937499999705,0.03478749999997826,0.051499999999967815
tag.txt,0.01319999999999175,0.009781249999993887,0.014537499999990914,0.03025624999998109,0.02105624999998684,0.03188749999998007,0.04198124999997376,0.03224999999997984,0.0455999999999715,0.182418749999886,0.1831999999998855,0.19081874999988074,0.3062687499998086,0.3680874999997699,0.3054249999998091,0.21508124999986558,0.2164749999998647,0.195224999999878,0.08257499999994838,0.07122499999995549,0.07954999999995029,0.03981874999997511,0.030449999999980968,0.04276874999997327,0.03945624999997534,0.03126874999998046,0.0422374999999736,0.04894374999996941,0.03620624999997737,0.05194999999996753
tag.txt,0.01177499999999264,0.0087999999999945,0.012793749999992004,0.028037499999982476,0.01985624999998759,0.03128749999998044,0.04042499999997473,0.031174999999980517,0.043812499999972616,0.18325624999988546,0.18498749999988437,0.19334999999987915,0.3261187499997962,0.3796374999997627,0.3200812499997999,0.21613749999986492,0.21564374999986521,0.19348749999987908,0.08003749999994998,0.07049999999995593,0.07778124999995138,0.036787499999977005,0.02923124999998173,0.040731249999974545,0.0340812499999787,0.027993749999982505,0.03966874999997521,0.04334374999997291,0.03217499999997989,0.04700624999997062
tag.txt,0.012612499999992118,0.011543749999992785,0.01768124999998895,0.02876874999998202,0.023931249999985044,0.03787499999997633,0.04199374999997375,0.035931249999977544,0.052681249999967074,0.17981874999988762,0.18038124999988725,0.1815999999998865,0.30438124999980976,0.33623749999978986,0.262399999999836,0.2216124999998615,0.21799999999986375,0.18994374999988128,0.08533124999994667,0.07822499999995111,0.0891124999999443,0.038424999999975985,0.03554999999997778,0.049962499999968775,0.03803749999997623,0.036699999999977063,0.054056249999966215,0.049018749999969365,0.04349999999997281,0.06468749999995957
tag.txt,0.010818749999993238,0.009768749999993895,0.016168749999989896,0.027199999999982998,0.02174374999998641,0.036806249999976996,0.036968749999976895,0.03204374999997997,0.048837499999969475,0.17501874999989062,0.17976874999988765,0.18123124999988674,0.33548124999979034,0.3624312499997735,0.28206874999982373,0.21879374999986326,0.21274374999986703,0.1886312499998821,0.07826249999995108,0.0745624999999534,0.0843187499999473,0.03614999999997741,0.033881249999978824,0.04809999999996994,0.03624999999997734,0.034493749999978444,0.05162499999996773,0.04505624999997184,0.0385624999999759,0.06221249999996112
tag.txt,0.012293749999992316,0.010599999999993375,0.015699999999990187,0.026818749999983238,0.021593749999986502,0.03393749999997879,0.041337499999974166,0.03459374999997838,0.0497624999999689,0.18491874999988442,0.1896062499998815,0.1910499999998806,0.30803749999980745,0.34038124999978725,0.27781874999982636,0.22269999999986081,0.22164374999986147,0.1961749999998774,0.08602499999994623,0.07766249999995146,0.08685624999994572,0.03676249999997702,0.03256874999997964,0.04505624999997184,0.035256249999977965,0.033037499999979354,0.046118749999971176,0.045849999999971344,0.03831249999997605,0.05752499999996405
tag.txt,0.011406249999992872,0.011506249999992809,0.017387499999989134,0.027049999999983095,0.023787499999985133,0.0372812499999767,0.03758749999997651,0.033699999999978934,0.047731249999970166,0.17275624999989203,0.17607499999988996,0.17560624999989025,0.3462437499997836,0.3609999999997744,0.2916562499998177,0.21368749999986644,0.20917499999986927,0.19176249999988015,0.07755624999995153,0.07459999999995337,0.08438749999994725,0.03443749999997848,0.033481249999979076,0.0459124999999713,0.03524374999997797,0.0358312499999776,0.04818749999996988,0.04403124999997248,0.04084374999997447,0.06008749999996244
tag.txt,0.016393749999989753,0.016537499999989665,0.02302499999998561,0.035181249999978015,0.030818749999980737,0.04475624999997203,0.044468749999972204,0.04075624999997453,0.053818749999966366,0.1788624999998882,0.18009999999988743,0.17732499999988918,0.2790249999998256,0.2961999999998149,0.23468749999985333,0.20661249999987086,0.1990812499998756,0.17127499999989296,0.09013749999994367,0.0894312499999441,0.09384999999994134,0.045962499999971276,0.04433749999997229,0.05724999999996422,0.046731249999970796,0.04869999999996956,0.06524999999995922,0.056624999999964606,0.054037499999966224,0.07876249999995077
tag.txt,0.014674999999990827,0.014299999999991063,0.01918749999998801,0.0328062499999795,0.028056249999982463,0.04203124999997373,0.04529999999997169,0.0401624999999749,0.05315624999996678,0.1848062499998845,0.1870312499998831,0.1844749999998847,0.2986812499998133,0.31749999999980155,0.26298124999983563,0.20188124999987384,0.19463124999987835,0.16789999999989505,0.08580624999994638,0.08274999999994828,0.084806249999947,0.04317499999997301,0.04280624999997325,0.054999999999965625,0.041931249999973795,0.04328124999997295,0.05946874999996283,0.05093749999996816,0.04948124999996907,0.07099374999995563
tag.txt,0.017624999999988983,0.016149999999989905,0.02022499999998736,0.036624999999977106,0.02961874999998149,0.04052499999997467,0.04844374999996972,0.04262499999997336,0.055418749999965364,0.18347499999988534,0.1867249999998833,0.18615624999988364,0.2726249999998296,0.30396249999981,0.2531374999998418,0.19765624999987647,0.1931312499998793,0.17546874999989034,0.09014999999994365,0.08553749999994655,0.08923749999994422,0.0470374999999706,0.043524999999972794,0.053012499999966864,0.04741249999997037,0.0465687499999709,0.057462499999964084,0.05894999999996316,0.0521562499999674,0.06935624999995665
tag.txt,0.014356249999991027,0.014212499999991118,0.018093749999988692,0.03079999999998075,0.02755624999998278,0.039112499999975556,0.045612499999971495,0.03964999999997522,0.052187499999967385,0.18487499999988447,0.18564999999988396,0.18628749999988356,0.31049374999980595,0.32809374999979496,0.2779374999998263,0.20419999999987237,0.19797499999987628,0.17541249999989036,0.08401874999994749,0.08216874999994865,0.08362499999994773,0.040806249999974495,0.039449999999975345,0.0510312499999681,0.038249999999976095,0.04014374999997491,0.05282499999996698,0.04658749999997088,0.045099999999971815,0.06348749999996033
tag.txt,0.01068749999999332,0.009674999999993952,0.013081249999991823,0.02612499999998367,0.02248124999998595,0.030899999999980686,0.036868749999976955,0.03223124999997985,0.043362499999972895,0.18164999999988646,0.1800249999998875,0.18869374999988206,0.32539374999979664,0.3578124999997764,0.305556249999809,0.22468124999985958,0.2246562499998596,0.20594374999987128,0.08166874999994896,0.07473124999995329,0.08281249999994825,0.034899999999978185,0.031256249999980466,0.04046249999997471,0.03601249999997749,0.030787499999980757,0.0401562499999749,0.042012499999973744,0.03634374999997728,0.049031249999969356
tag.txt,0.009799999999993874,0.0083187499999948,0.011437499999992851,0.02294374999998566,0.01911874999998805,0.02860624999998212,0.03449999999997844,0.03012499999998117,0.04238124999997351,0.18634999999988353,0.18984374999988135,0.1924562499998797,0.33958749999978777,0.3677374999997702,0.3214124999997991,0.2246562499998596,0.2235187499998603,0.2025437499998734,0.08057499999994965,0.07479374999995325,0.08178124999994889,0.03289374999997944,0.02829999999998231,0.039993749999975,0.031318749999980425,0.02691249999998318,0.036118749999977426,0.03737499999997664,0.031331249999980416,0.043268749999972954
tag.txt,0.009987499999993758,0.009262499999994211,0.01268749999999207,0.024281249999984825,0.021543749999986535,0.029256249999981714,0.035674999999977704,0.031256249999980466,0.042181249999973636,0.18348124999988533,0.18373749999988517,0.18860624999988213,0.3346937499997908,0.364793749999772,0.3139499999998038,0.2281624999998574,0.22408749999985994,0.20819999999986988,0.07860624999995088,0.07201249999995499,0.0820687499999487,0.03317499999997926,0.029624999999981486,0.0387249999999758,0.03228749999997982,0.02906874999998183,0.037737499999976415,0.03964999999997522,0.03461249999997837,0.04658749999997088
tag.txt,0.00899374999999438,0.008674999999994578,0.011287499999992946,0.021649999999986468,0.018843749999988224,0.028412499999982244,0.03401874999997874,0.03128124999998045,0.0438374999999726,0.1918312499998801,0.19146249999988033,0.1958437499998776,0.35406249999977873,0.37703124999976434,0.3304062499997935,0.22020624999986238,0.2147249999998658,0.1937687499998789,0.0750312499999531,0.07082499999995573,0.0776062499999515,0.031574999999980265,0.02913749999998179,0.039687499999975194,0.02936249999998165,0.027112499999983053,0.03613124999997742,0.033268749999979204,0.030906249999980682,0.04301874999997311
tag.txt,0.007112499999995555,0.0057812499999963865,0.009218749999994238,0.018981249999988136,0.015399999999990375,0.02460624999998462,0.029674999999981452,0.02434999999998478,0.03642499999997723,0.1835187499998853,0.17876249999988827,0.19081249999988073,0.36328124999977296,0.4014624999997491,0.34360624999978523,0.23498124999985315,0.23578749999985263,0.21139999999986786,0.07304374999995435,0.06301874999996061,0.07411249999995367,0.029268749999981705,0.024724999999984548,0.03528124999997795,0.028956249999981903,0.02531249999998418,0.03475624999997828,0.031181249999980513,0.025399999999984126,0.039781249999975135
tag.txt,0.007618749999995238,0.005543749999996535,0.010043749999993723,0.021556249999986527,0.01769374999998894,0.02759999999998275,0.028393749999982253,0.023949999999985032,0.036187499999977384,0.16972499999989393,0.16664374999989584,0.17500624999989062,0.3699499999997688,0.40707499999974556,0.34664374999978337,0.23513749999985303,0.2363124999998523,0.21516874999986552,0.07251249999995468,0.06365624999996021,0.075193749999953,0.03063749999998085,0.025831249999983857,0.03548749999997782,0.031162499999980522,0.02588749999998382,0.03597499999997752,0.033306249999979186,0.02740624999998287,0.042693749999973316
tag.txt,0.00716874999999552,0.005549999999996531,0.008956249999994403,0.018643749999988347,0.016262499999989837,0.02398124999998501,0.029562499999981524,0.023656249999985213,0.03659999999997712,0.1851187499998843,0.18182499999988636,0.19147499999988032,0.36310624999977303,0.3974124999997516,0.3449562499997844,0.23433749999985354,0.23656249999985215,0.2153562499998654,0.07381249999995387,0.06499374999995938,0.07426249999995359,0.028712499999982054,0.023731249999985167,0.033368749999979144,0.02846249999998221,0.024149999999984906,0.032856249999979464,0.031074999999980576,0.02585624999998384,0.03818749999997613
tag.txt,0.006181249999996137,0.005274999999996703,0.009649999999993969,0.0188812499999882,0.015918749999990052,0.02545624999998409,0.02808124999998245,0.024443749999984724,0.036949999999976904,0.17716249999988928,0.17709999999988932,0.18482499999988447,0.3881312499997574,0.40904374999974435,0.3512062499997805,0.2289812499998569,0.23115624999985554,0.20669999999987082,0.06788749999995757,0.06297499999996065,0.07429999999995356,0.028281249999982324,0.024674999999984577,0.035612499999977745,0.02755624999998278,0.024374999999984766,0.03534374999997791,0.028856249999981966,0.02503749999998435,0.039956249999975026
tag.txt,0.006537499999995914,0.005149999999996781,0.00888124999999445,0.018006249999988747,0.01433749999999104,0.022112499999986178,0.029956249999981276,0.023768749999985146,0.034806249999978243,0.17434999999989104,0.1729437499998919,0.18506249999988433,0.374406249999766,0.41278124999974203,0.3592062499997755,0.24338749999984788,0.2404999999998497,0.21621249999986486,0.07052499999995591,0.06286249999996071,0.07343124999995411,0.027306249999982934,0.0220812499999862,0.032006249999979995,0.026781249999983263,0.02259374999998588,0.032781249999979514,0.028743749999982034,0.022981249999985638,0.03549999999997781
tag.txt,0.006118749999996176,0.004868749999996957,0.008968749999994394,0.018056249999988713,0.015318749999990425,0.024843749999984472,0.02747499999998283,0.022424999999985984,0.03478749999997826,0.17256874999989213,0.1689562499998944,0.17510624999989055,0.38408749999975994,0.420793749999737,0.36314374999977306,0.23724999999985172,0.23531874999985292,0.21619999999986486,0.06757499999995777,0.06034999999996228,0.07067499999995583,0.028762499999982025,0.024043749999984973,0.034231249999978605,0.029143749999981785,0.024599999999984624,0.03429999999997856,0.0289624999999819,0.023324999999985423,0.03774374999997641
tag.txt,0.0071499999999955315,0.0055999999999965,0.008981249999994386,0.02043124999998723,0.015787499999990132,0.02488124999998445,0.02953749999998154,0.023812499999985116,0.0361624999999774,0.17511874999989055,0.1732624999998917,0.18514999999988427,0.36349999999977284,0.40391874999974753,0.347212499999783,0.23571874999985268,0.235174999999853,0.21206249999986745,0.07334374999995416,0.06477499999995952,0.07609374999995244,0.03139374999998038,0.02531249999998418,0.03553749999997779,0.030962499999980648,0.026056249999983714,0.03538749999997788,0.03284374999997947,0.026299999999983562,0.03853124999997592
tag.txt,0.005281249999996699,0.004437499999997227,0.008456249999994715,0.017912499999988805,0.015143749999990535,0.02611249999998368,0.025499999999984063,0.021787499999986384,0.03199374999998,0.16668749999989582,0.164787499999897,0.17505624999989058,0.3980812499997512,0.4273999999997329,0.3710874999997681,0.2433249999998479,0.23740624999985163,0.21129374999986794,0.0652749999999592,0.05939374999996288,0.06889999999995694,0.025431249999984105,0.023031249999985605,0.03428749999997857,0.025812499999983866,0.023656249999985213,0.03476874999997827,0.026693749999983318,0.02295624999998565,0.03804374999997622
tag.txt,0.012762499999992023,0.01094374999999316,0.018224999999988608,0.03291249999997943,0.027174999999983015,0.043737499999972666,0.03702499999997686,0.03373124999997892,0.04667499999997083,0.1753499999998904,0.17446874999989095,0.167987499999895,0.26679374999983324,0.2852812499998217,0.22197499999986126,0.21799999999986375,0.22423749999985984,0.19991874999987505,0.09489374999994069,0.09204374999994247,0.09898124999993814,0.047306249999970434,0.0459187499999713,0.05965624999996271,0.0579249999999638,0.055074999999965575,0.06788749999995757,0.057031249999964354,0.05112499999996804,0.07495624999995315
tag.txt,0.010024999999993735,0.008087499999994946,0.01516874999999052,0.027281249999982948,0.02187499999998633,0.038406249999975994,0.034137499999978664,0.029099999999981814,0.04359999999997275,0.17966874999988772,0.17624374999988984,0.16981874999989385,0.2998812499998126,0.32356249999979775,0.2565812499998396,0.23005624999985622,0.2364937499998522,0.2131312499998668,0.0881624999999449,0.08322499999994798,0.09419374999994112,0.039706249999975185,0.03718124999997676,0.0510312499999681,0.04556874999997152,0.043206249999972995,0.05518749999996551,0.045512499999971555,0.04102499999997436,0.0628812499999607
tag.txt,0.01163124999999273,0.009724999999993923,0.01671874999998955,0.03021874999998111,0.02470624999998456,0.04093124999997442,0.03689999999997694,0.031143749999980534,0.04628749999997107,0.1790374999998881,0.17865624999988833,0.17450624999989092,0.28701874999982063,0.3092999999998067,0.24005624999984995,0.2228812499998607,0.22754999999985778,0.2068874999998707,0.0919874999999425,0.08634999999994603,0.0972687499999392,0.04299999999997312,0.040374999999974764,0.05325624999996671,0.047049999999970595,0.046399999999971,0.05786249999996384,0.05027499999996858,0.04579374999997138,0.06622499999995861
tag.txt,0.00857499999999464,0.00825624999999484,0.013762499999991398,0.024987499999984383,0.02276874999998577,0.036949999999976904,0.031493749999980315,0.02913749999998179,0.04203749999997373,0.1803187499998873,0.17226874999989233,0.16739999999989538,0.3097624999998064,0.31879999999980074,0.26616874999983364,0.2326187499998546,0.23727499999985172,0.2158437499998651,0.08548749999994656,0.08194374999994879,0.09018124999994363,0.03819999999997613,0.038918749999975674,0.050387499999968506,0.04686249999997071,0.049443749999969096,0.0572812499999642,0.04169374999997394,0.04118749999997426,0.05998749999996251
tag.txt,0.010624999999993359,0.010199999999993626,0.015624999999990234,0.026849999999983217,0.023624999999985234,0.03646874999997721,0.03705624999997684,0.03180624999998012,0.04779374999997013,0.18409374999988495,0.18200624999988624,0.1804874999998872,0.3121812499998049,0.326356249999796,0.25941249999983784,0.22012499999986243,0.22169374999986144,0.2055999999998715,0.08493124999994692,0.08326249999994796,0.09259374999994213,0.03818124999997614,0.037306249999976684,0.04916249999996927,0.04298124999997314,0.04345624999997284,0.05388749999996632,0.04297499999997314,0.04028749999997482,0.05896874999996314
tag.txt,0.012668749999992082,0.011849999999992594,0.016612499999989618,0.03139374999998038,0.026606249999983372,0.04203749999997373,0.0391999999999755,0.03588124999997758,0.05043749999996848,0.17497499999989063,0.17938749999988787,0.17050624999989344,0.305606249999809,0.3199687499998,0.2630437499998356,0.214393749999866,0.21669374999986457,0.19816249999987615,0.08746249999994533,0.08291874999994818,0.09124999999994297,0.04189374999997381,0.039512499999975303,0.05331874999996668,0.044249999999972346,0.04316874999997302,0.053524999999966544,0.048156249999969904,0.04401249999997249,0.06110624999996181
tag.txt,0.010856249999993215,0.010549999999993407,0.014931249999990667,0.02739374999998288,0.02284999999998572,0.03382499999997886,0.034899999999978185,0.0311999999999805,0.046006249999971244,0.180768749999887,0.1795312499998878,0.1809187499998869,0.3198624999998001,0.3337687499997914,0.2730937499998293,0.2236624999998602,0.22837499999985728,0.21654999999986466,0.08254374999994842,0.0811187499999493,0.09074999999994328,0.03724999999997672,0.03483124999997823,0.044399999999972246,0.0409562499999744,0.039018749999975615,0.04678124999997076,0.04180624999997387,0.038756249999975775,0.05274374999996703
tag.txt,0.011868749999992581,0.011531249999992792,0.015943749999990035,0.027849999999982594,0.025906249999983807,0.0385562499999759,0.03812499999997617,0.03468749999997832,0.049112499999969306,0.1803187499998873,0.17979999999988763,0.17415624999989116,0.3240062499997975,0.33237499999979225,0.2785499999998259,0.21843749999986348,0.22003749999986247,0.20553749999987153,0.0830499999999481,0.0820874999999487,0.08868749999994457,0.03767499999997645,0.03614999999997741,0.04888124999996945,0.037299999999976685,0.03691874999997693,0.04537499999997164,0.04136874999997414,0.04050624999997468,0.0551999999999655
tag.txt,0.018762499999988275,0.012124999999992421,0.014381249999991012,0.03691249999997693,0.027031249999983107,0.032968749999979396,0.041912499999973804,0.031162499999980522,0.03689999999997694,0.15106874999990558,0.1419374999999113,0.15417499999990364,0.25718124999983927,0.3412687499997867,0.31671874999980204,0.23803749999985122,0.26297499999983565,0.26073124999983704,0.09660624999993962,0.07927499999995045,0.07844999999995096,0.04564374999997147,0.030531249999980917,0.02985624999998134,0.04860624999996962,0.029656249999981465,0.02854374999998216,0.06526874999995921,0.044037499999972474,0.04727499999997045
tag.txt,0.016468749999989707,0.010393749999993504,0.014056249999991215,0.03707499999997683,0.0260812499999837,0.04007499999997495,0.04725624999997047,0.03393749999997879,0.04953749999996904,0.18076249999988703,0.18603124999988374,0.18299374999988563,0.23192499999985505,0.29299374999981687,0.2422312499998486,0.19908749999987557,0.23081874999985574,0.22573749999985893,0.10629374999993356,0.09684999999993947,0.10286874999993571,0.055431249999965355,0.04156249999997402,0.043956249999972524,0.05938749999996288,0.038418749999975986,0.04161874999997399,0.06631249999995856,0.04291249999997318,0.05692499999996442
tag.txt,0.01735624999998915,0.00980624999999387,0.011768749999992644,0.03445624999997846,0.02391874999998505,0.028518749999982176,0.040631249999974604,0.02825624999998234,0.03528124999997795,0.1569687499999019,0.14698124999990814,0.16132499999989916,0.27882499999982574,0.37762499999976396,0.34933124999978166,0.23318124999985426,0.2515312499998428,0.25134374999984294,0.08749374999994532,0.0675187499999578,0.06697499999995814,0.043562499999972776,0.027843749999982598,0.026899999999983187,0.046774999999970764,0.027468749999982833,0.026918749999983175,0.06074999999996203,0.03904999999997559,0.04163749999997397
tag.txt,0.015793749999990128,0.009018749999994363,0.012187499999992383,0.033699999999978934,0.022787499999985757,0.03246874999997971,0.04769999999997019,0.033193749999979254,0.04818749999996988,0.18020624999988738,0.18291249999988568,0.18535624999988415,0.2489249999998444,0.3170874999998018,0.27371249999982894,0.21383749999986634,0.25321249999984174,0.2501937499998436,0.10138124999993664,0.0897499999999439,0.09121874999994299,0.04966874999996896,0.030293749999981065,0.033962499999978774,0.04888749999996945,0.026824999999983234,0.02881249999998199,0.05989999999996256,0.034918749999978176,0.043899999999972565
tag.txt,0.014399999999991,0.006762499999995774,0.009006249999994371,0.03477499999997827,0.02041874999998724,0.028049999999982467,0.042187499999973635,0.02753124999998279,0.03668749999997707,0.17098749999989313,0.18172499999988642,0.1897562499998814,0.2515562499998428,0.32801874999979497,0.3063749999998085,0.21090624999986818,0.24089374999984944,0.23148749999985532,0.09703749999993935,0.0823937499999485,0.08459374999994713,0.05385624999996634,0.03699999999997688,0.03710624999997681,0.06227499999996108,0.03831874999997605,0.03580624999997762,0.06201874999996124,0.03693749999997691,0.04113124999997429
tag.txt,0.017156249999989277,0.007512499999995305,0.01059374999999338,0.04033124999997479,0.02798749999998251,0.03742499999997661,0.04249374999997344,0.02468749999998457,0.028856249999981966,0.1516874999999052,0.15788749999990132,0.16860624999989463,0.24709999999984555,0.34946874999978156,0.3373124999997892,0.20679999999987075,0.23432499999985354,0.21741249999986412,0.10153124999993654,0.07975624999995015,0.07762499999995148,0.057599999999964,0.03746874999997658,0.03865624999997584,0.06219999999996113,0.037906249999976306,0.0361562499999774,0.07309999999995431,0.04299999999997312,0.0473562499999704
tag.txt,0.013862499999991337,0.0071999999999955,0.009849999999993843,0.03384999999997884,0.019156249999988027,0.028518749999982176,0.04211249999997368,0.025737499999983916,0.03620624999997737,0.17336874999989163,0.18516249999988427,0.18994374999988128,0.2649687499998344,0.3491312499997818,0.3163437499998023,0.215993749999865,0.2364562499998522,0.23044999999985596,0.09578124999994013,0.0756874999999527,0.07874999999995078,0.04941249999996912,0.03321874999997924,0.03531249999997793,0.052756249999967024,0.033874999999978825,0.03314999999997928,0.057893749999963814,0.03437499999997851,0.04147499999997408
tag.txt,0.01692499999998942,0.006781249999995762,0.009787499999993883,0.03972499999997517,0.023718749999985175,0.034218749999978613,0.04256874999997339,0.02548749999998407,0.03266874999997958,0.15464999999990334,0.16316874999989803,0.17237499999989225,0.2471999999998455,0.35192499999978005,0.3294062499997941,0.21362499999986648,0.24886874999984446,0.2264374999998585,0.10128749999993669,0.07700624999995187,0.08028124999994983,0.0550374999999656,0.03374374999997891,0.03683749999997698,0.059012499999963115,0.030818749999980737,0.033818749999978866,0.06996874999995627,0.03848124999997595,0.0441687499999724
tag.txt,0.01204999999999247,0.011274999999992954,0.012081249999992449,0.024743749999984535,0.022249999999986093,0.026268749999983583,0.03814374999997616,0.03386249999997883,0.041412499999974116,0.1815937499998865,0.17764999999988898,0.18599999999988376,0.3239687499997975,0.35284374999977947,0.3207624999997995,0.2312249999998555,0.23066874999985584,0.2243312499998598,0.08149374999994907,0.07669999999995206,0.08173124999994892,0.033306249999979186,0.029768749999981393,0.03522499999997798,0.034668749999978335,0.03073749999998079,0.03291874999997942,0.03880624999997575,0.0342437499999786,0.039268749999975455
tag.txt,0.01454374999999091,0.013268749999991707,0.0147187499999908,0.03390624999997881,0.02964999999998147,0.035668749999977704,0.04309374999997306,0.03834999999997603,0.04488749999997194,0.17706874999988934,0.18021249999988737,0.17746874999988907,0.2742187499998286,0.30295624999981063,0.2870874999998206,0.20905624999986933,0.21594999999986503,0.2055812499998715,0.09388124999994132,0.08929374999994419,0.08851874999994468,0.05032499999996855,0.042956249999973155,0.04933749999996916,0.04947499999996908,0.04138124999997413,0.04470624999997206,0.05443124999996598,0.04598124999997126,0.052024999999967486
tag.txt,0.011287499999992946,0.010881249999993198,0.01116874999999302,0.025274999999984202,0.02259374999998588,0.025749999999983907,0.03784374999997635,0.03313749999997929,0.04026874999997483,0.18436874999988476,0.1817749999998864,0.18759374999988276,0.3190187499998006,0.34389374999978506,0.3209624999997994,0.2315312499998553,0.23434999999985354,0.227212499999858,0.08250624999994843,0.07668749999995207,0.0808062499999495,0.033224999999979236,0.030712499999980804,0.03444999999997847,0.03470624999997831,0.030393749999981005,0.03204999999997997,0.04023749999997485,0.03557499999997776,0.03973749999997516
tag.txt,0.015956249999990027,0.015656249999990216,0.015706249999990183,0.035787499999977636,0.032674999999979575,0.03736249999997665,0.04339999999997288,0.040631249999974604,0.04708749999997057,0.17211874999989243,0.17300624999989186,0.17176874999989264,0.29059374999981835,0.3094624999998066,0.300818749999812,0.20550624999987155,0.20901249999986937,0.1985562499998759,0.08869374999994456,0.08599374999994626,0.08169999999994894,0.0476749999999702,0.04359374999997275,0.05138124999996788,0.04664999999997085,0.041143749999974284,0.043537499999972785,0.053618749999966485,0.04882499999996948,0.05208124999996745
tag.txt,0.01031874999999355,0.009068749999994331,0.010193749999993628,0.023868749999985082,0.01996874999998752,0.023999999999985,0.03710624999997681,0.030843749999980723,0.03856874999997589,0.18796249999988252,0.18998749999988127,0.19413749999987867,0.31048749999980596,0.3420874999997862,0.31833749999980104,0.23443124999985349,0.2396812499998502,0.22904374999985685,0.08469374999994707,0.07781874999995136,0.08269374999994832,0.03476874999997827,0.02897499999998189,0.03340624999997912,0.034899999999978185,0.028762499999982025,0.03153749999998029,0.04146249999997408,0.0328062499999795,0.0380812499999762
tag.txt,0.01100624999999312,0.009481249999994074,0.010306249999993558,0.027224999999982985,0.02185624999998634,0.026981249999983137,0.03886249999997571,0.03284374999997947,0.04087499999997445,0.1841749999998849,0.18994374999988128,0.19174999999988016,0.28551249999982153,0.31955624999980026,0.30056874999981215,0.23396874999985376,0.23916874999985052,0.22584374999985884,0.09358124999994151,0.08678749999994576,0.09021249999994362,0.04027499999997483,0.0334374999999791,0.03826874999997608,0.03852499999997592,0.030131249999981166,0.03365624999997897,0.046868749999970705,0.036793749999977005,0.04153749999997404
tag.txt,0.01031874999999355,0.009106249999994308,0.009868749999993832,0.024343749999984784,0.020237499999987352,0.022631249999985854,0.03571249999997768,0.031193749999980504,0.038324999999976045,0.18360624999988526,0.18453749999988467,0.19018124999988115,0.3186999999998008,0.3484874999997822,0.3276749999997952,0.23816249999985115,0.23818749999985114,0.23157499999985526,0.08199374999994875,0.0774312499999516,0.08056249999994965,0.03446249999997846,0.029037499999981852,0.033212499999979245,0.033368749999979144,0.028187499999982383,0.029637499999981477,0.03933124999997542,0.033593749999979,0.03633124999997729
tag.txt,0.012062499999992461,0.011549999999992781,0.012149999999992406,0.028999999999981874,0.02434999999998478,0.029624999999981486,0.04120624999997424,0.0366374999999771,0.04326249999997296,0.1758437499998901,0.17929999999988794,0.18090624999988694,0.2798187499998251,0.30716249999980805,0.29488749999981567,0.22947499999985657,0.2360124999998525,0.2217312499998614,0.09496874999994065,0.09019999999994363,0.0894374999999441,0.04361249999997274,0.036799999999977,0.04193749999997379,0.043037499999973104,0.035181249999978015,0.03869999999997581,0.05097499999996814,0.04280624999997325,0.0473624999999704
tag.txt,0.017268749999989206,0.015187499999990507,0.01670624999998956,0.034306249999978555,0.027881249999982573,0.03399999999997875,0.044137499999972414,0.038593749999975877,0.04613124999997117,0.17111249999989306,0.17465624999989085,0.1755062499998903,0.25304374999984186,0.2884437499998197,0.267181249999833,0.20326249999987295,0.21848124999986346,0.21051874999986842,0.09709374999993932,0.09337499999994164,0.09641874999993974,0.051581249999967764,0.04340624999997287,0.04714999999997053,0.06348749999996033,0.05018124999996864,0.051418749999967865,0.06470624999995955,0.04979374999996888,0.05496874999996564
tag.txt,0.014056249999991215,0.012587499999992133,0.013412499999991617,0.030787499999980757,0.02441249999998474,0.03086249999998071,0.040899999999974436,0.036218749999977366,0.044724999999972044,0.1788499999998882,0.18214999999988615,0.18243124999988597,0.27798749999982625,0.30849374999980717,0.28523124999982175,0.21211874999986743,0.22316874999986053,0.2146999999998658,0.0908812499999432,0.08841874999994474,0.09204374999994247,0.045687499999971445,0.03848124999997595,0.041737499999973914,0.05451874999996593,0.04325624999997296,0.045168749999971766,0.054212499999966114,0.04281249999997324,0.049687499999968944
tag.txt,0.016468749999989707,0.01499374999999063,0.01580624999999012,0.031499999999980315,0.026468749999983457,0.03194999999998003,0.04393749999997254,0.03772499999997642,0.04565624999997146,0.1784312499998885,0.18186249999988632,0.18326874999988546,0.268799999999832,0.2980749999998137,0.2781624999998262,0.20292499999987318,0.2130999999998668,0.2074937499998703,0.09319999999994175,0.09161874999994274,0.09218124999994239,0.048331249999969794,0.04164374999997397,0.045356249999971655,0.05803749999996373,0.047224999999970485,0.04820624999996987,0.05836874999996352,0.04728749999997044,0.05191874999996755
tag.txt,0.012756249999992027,0.01177499999999264,0.012562499999992148,0.028662499999982084,0.024443749999984724,0.02891249999998193,0.0385624999999759,0.03420624999997862,0.04164999999997397,0.17564374999989021,0.17801249999988875,0.1788749999998882,0.3050687499998093,0.32837499999979475,0.3123499999998048,0.21841249999986348,0.2286687499998571,0.2196937499998627,0.08618749999994613,0.08338749999994788,0.08439374999994725,0.04126249999997421,0.03479999999997825,0.03921249999997549,0.044656249999972086,0.03665624999997709,0.03831874999997605,0.04878749999996951,0.0396749999999752,0.04403124999997248
tag.txt,0.03481249999997824,0.034331249999978546,0.033037499999979354,0.04786874999997008,0.044762499999972026,0.04588124999997133,0.06517499999995927,0.05973124999996267,0.06536249999995915,0.18296874999988563,0.18731249999988292,0.18668124999988334,0.2092749999998692,0.2345562499998534,0.22309374999986056,0.14021874999991235,0.1427062499999108,0.14644374999990847,0.09172499999994267,0.08939374999994412,0.09097499999994314,0.06521249999995925,0.06034374999996228,0.06284374999996072,0.07742499999995162,0.07028749999995607,0.06729999999995794,0.08531874999994668,0.07657499999995214,0.07838124999995101
tag.txt,0.03219374999997988,0.03138749999998038,0.030712499999980804,0.04691874999997068,0.044399999999972246,0.046362499999971024,0.06636249999995852,0.06068124999996207,0.06661874999995836,0.1881624999998824,0.1940687499998787,0.18791874999988256,0.21318124999986676,0.2326437499998546,0.2241374999998599,0.1354937499999153,0.13581249999991513,0.14547499999990907,0.08891874999994442,0.09047499999994345,0.09208749999994245,0.06578124999995888,0.06224999999996109,0.0627124999999608,0.0823937499999485,0.07526249999995296,0.07031874999995605,0.08059374999994963,0.07301874999995436,0.07365624999995396
tag.txt,0.033543749999979035,0.03324999999997922,0.03244999999997972,0.04595624999997128,0.044662499999972086,0.0452812499999717,0.06589374999995881,0.06203749999996123,0.06699999999995812,0.18968124999988145,0.1927874999998795,0.19179374999988014,0.22326874999986046,0.2407687499998495,0.22932499999985667,0.13947499999991284,0.139199999999913,0.14538124999990915,0.08681249999994574,0.08441874999994724,0.08691874999994567,0.06398749999996,0.06187499999996133,0.06193749999996129,0.07017499999995613,0.06626874999995858,0.06384999999996009,0.08120624999994924,0.07473124999995329,0.07606249999995246
tag.txt,0.03288749999997945,0.03263124999997961,0.0321499999999799,0.04686249999997071,0.04494374999997191,0.04678124999997076,0.0652749999999592,0.06121249999996174,0.06579374999995888,0.1908562499998807,0.19553124999987778,0.18953749999988154,0.2254499999998591,0.2380812499998512,0.23078124999985575,0.1396499999999127,0.13955624999991278,0.14727499999990795,0.08758124999994527,0.08801874999994498,0.09096249999994314,0.06323749999996048,0.05992499999996255,0.06180624999996137,0.07006249999995622,0.06692499999995817,0.06118124999996176,0.07813749999995116,0.07317499999995426,0.07373124999995392
tag.txt,0.02265624999998584,0.021437499999986603,0.021812499999986367,0.037218749999976736,0.033293749999979194,0.03523124999997798,0.05426874999996608,0.04843124999996973,0.05468749999996582,0.187193749999883,0.19434999999987854,0.19189999999988006,0.24313749999984804,0.27323124999982923,0.25939999999983787,0.1806187499998871,0.18376249999988514,0.18613124999988367,0.0948749999999407,0.09114374999994304,0.09011249999994368,0.05345624999996659,0.04724374999997047,0.049943749999968784,0.06284374999996072,0.05388749999996632,0.05341874999996661,0.06373124999996017,0.05321874999996674,0.05736249999996415
tag.txt,0.024731249999984543,0.023962499999985024,0.023656249999985213,0.038243749999976095,0.03478124999997826,0.03846249999997596,0.057737499999963915,0.052681249999967074,0.05977499999996264,0.1950624999998781,0.20067499999987456,0.19731874999987667,0.24181249999984886,0.26836249999983225,0.25229374999984233,0.17143124999989284,0.17508124999989058,0.17416249999989114,0.09269999999994206,0.09014999999994365,0.08978124999994389,0.05617499999996489,0.04999374999996875,0.05353124999996654,0.056106249999964934,0.04787499999997008,0.049799999999968876,0.06599999999995874,0.056437499999964724,0.06121874999996174
tag.txt,0.022118749999986177,0.021212499999986742,0.020806249999986995,0.03577499999997764,0.032499999999979684,0.034668749999978335,0.05284374999996697,0.04785624999997009,0.05401874999996624,0.18883749999988197,0.19858749999987588,0.1966437499998771,0.2557062499998402,0.2766437499998271,0.26663124999983334,0.18439374999988475,0.18281874999988573,0.18580624999988388,0.09382499999994136,0.09126874999994296,0.08935624999994415,0.05136874999996789,0.04898124999996939,0.049881249999968826,0.05569374999996519,0.048774999999969516,0.04828124999996982,0.05943749999996285,0.0513562499999679,0.05390624999996631
tag.txt,0.02434999999998478,0.0235187499999853,0.023737499999985163,0.0392062499999755,0.03510624999997806,0.03825624999997609,0.0577687499999639,0.05237499999996727,0.06118749999996176,0.18980624999988138,0.19779374999987637,0.19258749999987962,0.23978124999985015,0.26489374999983445,0.25045624999984345,0.1745749999998909,0.17714374999988927,0.1751749999998905,0.0923124999999423,0.08861874999994461,0.08885624999994446,0.0553687499999654,0.05043749999996848,0.054068749999966206,0.05949999999996281,0.05206249999996746,0.05276249999996702,0.06733124999995792,0.05804999999996372,0.06291249999996068
tag.txt,0.014412499999990992,0.01217499999999239,0.012524999999992173,0.033962499999978774,0.026262499999983587,0.03204374999997997,0.036456249999977215,0.03108749999998057,0.03856874999997589,0.16978124999989389,0.17123124999989298,0.17635624999988977,0.26901249999983184,0.3042624999998098,0.284768749999822,0.20554999999987153,0.2212437499998617,0.214393749999866,0.08759999999994525,0.08286874999994821,0.08573749999994641,0.05079999999996825,0.04364999999997272,0.045937499999971286,0.0729749999999544,0.06051874999996217,0.06060624999996212,0.059449999999962845,0.04669999999997081,0.04906249999996934
tag.txt,0.013543749999991535,0.011868749999992581,0.012518749999992175,0.031924999999980046,0.025962499999983773,0.031406249999980373,0.038424999999975985,0.03348749999997907,0.04153124999997404,0.17031249999989356,0.17254374999989217,0.1754999999998903,0.2836999999998227,0.3140937499998037,0.2965812499998146,0.21163749999986772,0.22259999999986088,0.2137937499998664,0.08743749999994535,0.08409374999994744,0.08424374999994735,0.04750624999997031,0.04057499999997464,0.04459374999997213,0.06073749999996204,0.05025624999996859,0.05102499999996811,0.05477499999996577,0.04451874999997218,0.0488062499999695
tag.txt,0.013681249999991449,0.012493749999992192,0.011737499999992664,0.030756249999980778,0.02508749999998432,0.030006249999981246,0.03678124999997701,0.03244999999997972,0.03891249999997568,0.17078749999989326,0.1729437499998919,0.18116874999988677,0.28669374999982083,0.31175624999980517,0.29515624999981555,0.2098999999998688,0.2190562499998631,0.2147374999998658,0.08604374999994623,0.0849562499999469,0.08599999999994624,0.04675624999997078,0.0414374999999741,0.0438374999999726,0.06334999999996041,0.0552062499999655,0.05278749999996701,0.055249999999965466,0.04461249999997212,0.04565624999997146
tag.txt,0.013774999999991391,0.012437499999992227,0.013868749999991332,0.03169374999998019,0.026431249999983482,0.03326249999997921,0.037474999999976576,0.03313749999997929,0.03969374999997519,0.168006249999895,0.17173749999989266,0.17013749999989367,0.28750624999982033,0.31303124999980436,0.29902499999981313,0.2135999999998665,0.22039999999986226,0.20985624999986885,0.08574374999994641,0.08499374999994688,0.08476874999994702,0.047224999999970485,0.04241249999997349,0.04664374999997085,0.05889999999996319,0.05026874999996858,0.05189999999996756,0.05607499999996495,0.04514999999997178,0.05084374999996822
tag.txt,0.016387499999989757,0.01374374999999141,0.01476874999999077,0.034393749999978504,0.028187499999982383,0.034249999999978596,0.042362499999973525,0.03563124999997773,0.043131249999973045,0.16883749999989447,0.17063124999989335,0.1758374999998901,0.25418124999984115,0.29253124999981717,0.2692687499998317,0.2039749999998725,0.2177562499998639,0.211181249999868,0.0931187499999418,0.09003749999994373,0.09020624999994362,0.05160624999996775,0.04442499999997224,0.04786874999997008,0.0705624999999559,0.05705624999996434,0.05854374999996341,0.06457499999995964,0.04999999999996875,0.05494374999996566
tag.txt,0.014724999999990798,0.013437499999991602,0.013793749999991379,0.031499999999980315,0.026618749999983364,0.03164999999998022,0.03723124999997673,0.032756249999979524,0.03941249999997537,0.16648749999989595,0.1697624999998939,0.172793749999892,0.2844312499998222,0.31049999999980593,0.296006249999815,0.21198749999986752,0.22158749999986152,0.21259374999986713,0.08503124999994685,0.08259374999994838,0.08314999999994803,0.04700624999997062,0.0409624999999744,0.0438374999999726,0.06505624999995933,0.05659374999996463,0.05692499999996442,0.05654374999996466,0.04518749999997176,0.04983749999996885
tag.txt,0.015306249999990433,0.013987499999991257,0.014549999999990907,0.032024999999979986,0.02683124999998323,0.03213749999997991,0.04119374999997425,0.0359999999999775,0.04281249999997324,0.17454374999989092,0.17479999999989074,0.1799874999998875,0.27324999999982924,0.3036312499998102,0.2838374999998226,0.2071999999998705,0.21658749999986462,0.20999374999986875,0.08922499999994424,0.0859312499999463,0.08853749999994466,0.04834999999996978,0.042262499999973585,0.04467499999997208,0.061406249999961623,0.05188124999996757,0.05233749999996729,0.05749999999996406,0.048087499999969946,0.05113124999996804
tag.txt,0.014487499999990945,0.013162499999991773,0.013399999999991625,0.03073749999998079,0.02700624999998312,0.03189999999998006,0.036024999999977485,0.03221249999997987,0.03748749999997657,0.1670437499998956,0.1699374999998938,0.17162499999989272,0.2924874999998172,0.31255624999980464,0.30043124999981224,0.21397499999986627,0.2222374999998611,0.21381249999986637,0.08324999999994796,0.08121249999994924,0.08214374999994865,0.04581249999997137,0.04169374999997394,0.044568749999972145,0.06233124999996104,0.05498749999996563,0.05447499999996595,0.05384999999996634,0.044993749999971876,0.05015624999996865
tag.txt,0.020362499999987273,0.012468749999992207,0.015256249999990465,0.05110624999996806,0.0299187499999813,0.03963124999997523,0.05256874999996714,0.03971249999997518,0.048587499999969634,0.16068124999989958,0.1868687499998832,0.18563124999988398,0.18582499999988386,0.2524437499998422,0.2347187499998533,0.17894374999988816,0.19869374999987582,0.18823124999988236,0.10242499999993598,0.09657499999993964,0.09638124999993976,0.07074999999995578,0.05444999999996597,0.05693124999996442,0.08731249999994543,0.07126874999995546,0.07033749999995603,0.09002499999994373,0.057599999999964,0.06429374999995982
tag.txt,0.020312499999987306,0.01228749999999232,0.013606249999991497,0.04966249999996896,0.030356249999981027,0.03882499999997573,0.0491249999999693,0.03681249999997699,0.04444374999997222,0.15261249999990462,0.1737249999998914,0.17319374999989176,0.21556874999986528,0.27638749999982726,0.2686249999998321,0.2078562499998701,0.23738124999985163,0.2260874999998587,0.10484374999993447,0.09698749999993939,0.09353749999994154,0.05796874999996377,0.04298124999997314,0.04614999999997116,0.06264374999996085,0.042862499999973214,0.04250624999997343,0.07940624999995037,0.050218749999968615,0.05302499999996686
tag.txt,0.018774999999988266,0.01100624999999312,0.012837499999991977,0.04558124999997151,0.026681249999983322,0.034587499999978386,0.052618749999967115,0.03786249999997634,0.047643749999970224,0.17259999999989212,0.19432499999987854,0.19591874999987755,0.20314999999987304,0.2774499999998266,0.2595812499998378,0.1790687499998881,0.19817499999987614,0.18795624999988253,0.09988124999993757,0.09288749999994195,0.09081874999994324,0.06574374999995891,0.04996874999996877,0.052968749999966896,0.0779124999999513,0.06083749999996198,0.060712499999962054,0.08466874999994708,0.050806249999968245,0.05697499999996439
tag.txt,0.018374999999988515,0.01265624999999209,0.013193749999991754,0.04622499999997111,0.02923124999998173,0.03772499999997642,0.04825624999996984,0.036799999999977,0.04425624999997234,0.16009374999989995,0.1761624999998899,0.17603749999988996,0.22653749999985842,0.27594999999982756,0.2722124999998299,0.21213749999986742,0.2350124999998531,0.22188124999986134,0.10249374999993593,0.09684374999993947,0.09303124999994186,0.05588749999996507,0.04437499999997226,0.047206249999970494,0.058068749999963705,0.043543749999972785,0.04281874999997324,0.07192499999995505,0.04942499999996911,0.05163749999996772
tag.txt,0.016056249999989964,0.013781249999991387,0.014306249999991059,0.035074999999978075,0.02519999999998425,0.03161249999998024,0.051931249999967545,0.03684374999997697,0.04659374999997088,0.19139374999988037,0.20051874999987468,0.20092499999987443,0.2539312499998413,0.30184374999981134,0.2834937499998228,0.17789374999988883,0.18378749999988514,0.17688749999988945,0.0905749999999434,0.08277499999994826,0.0828937499999482,0.055099999999965565,0.04753749999997029,0.05009999999996869,0.06579999999995888,0.06043749999996222,0.060374999999962264,0.062243749999961094,0.04727499999997045,0.05281249999996699
tag.txt,0.016662499999989585,0.01382499999999136,0.01363124999999148,0.036299999999977316,0.02503749999998435,0.03147499999998033,0.0510374999999681,0.03761249999997649,0.04546249999997159,0.17077499999989326,0.18036249999988727,0.18054999999988716,0.2833624999998229,0.33209374999979246,0.3190499999998006,0.21254999999986715,0.22481874999985949,0.21605624999986497,0.08924374999994422,0.07948124999995032,0.08073124999994954,0.04178749999997388,0.033118749999979304,0.036731249999977046,0.045174999999971766,0.03616874999997739,0.036106249999977434,0.053106249999966805,0.037481249999976575,0.04020624999997487
tag.txt,0.015799999999990124,0.013468749999991581,0.013656249999991465,0.03251249999997968,0.023312499999985428,0.027387499999982884,0.05256249999996715,0.036799999999977,0.04604999999997122,0.19764374999987647,0.20307499999987308,0.2065312499998709,0.2701874999998311,0.3276624999997952,0.3101812499998061,0.1803374999998873,0.1835062499998853,0.1793749999998879,0.0871937499999455,0.07874999999995078,0.07866874999995083,0.04963749999996898,0.04240624999997349,0.044581249999972136,0.05622499999996486,0.049449999999969095,0.048937499999969415,0.057899999999963814,0.04156874999997402,0.0446312499999721
tag.txt,0.01653124999998967,0.014624999999990859,0.014399999999991,0.03597499999997752,0.02497499999998439,0.03182499999998011,0.05171874999996767,0.03820624999997612,0.04503124999997186,0.17705624999988934,0.18728749999988295,0.18501249999988437,0.2759749999998275,0.31536249999980287,0.3089374999998069,0.2094437499998691,0.21893749999986317,0.2102374999998686,0.09034999999994353,0.08234999999994853,0.08056874999994965,0.044331249999972296,0.035749999999977654,0.040374999999974764,0.04614999999997116,0.04164999999997397,0.04028749999997482,0.05246874999996721,0.04085624999997446,0.04332499999997292
tag.txt,0.017412499999989117,0.015293749999990442,0.016174999999989892,0.03591874999997755,0.029099999999981814,0.0350437499999781,0.04256874999997339,0.03726249999997671,0.04444374999997222,0.17078749999989326,0.1715187499998928,0.1755499999998903,0.25097499999984313,0.28931874999981916,0.26711874999983304,0.20036874999987478,0.21698749999986439,0.20868124999986956,0.09336874999994164,0.08994999999994378,0.09251874999994218,0.053212499999966745,0.0446312499999721,0.04726249999997046,0.07014999999995615,0.05616874999996489,0.057462499999964084,0.06523749999995923,0.04976874999996889,0.05574374999996516
tag.txt,0.015356249999990402,0.013899999999991312,0.01446249999999096,0.030874999999980703,0.026918749999983175,0.03089374999998069,0.03788749999997632,0.034387499999978505,0.040293749999974815,0.16886249999989447,0.1740687499998912,0.17640624999988974,0.29271874999981706,0.3125124999998047,0.2979249999998138,0.2062187499998711,0.21579999999986513,0.2107124999998683,0.08226249999994859,0.08230624999994855,0.08156874999994902,0.0465624999999709,0.0409562499999744,0.04315624999997303,0.06406249999995996,0.05436249999996602,0.0545562499999659,0.055193749999965507,0.04478749999997201,0.05002499999996873
tag.txt,0.016049999999989968,0.015118749999990551,0.015374999999990391,0.03198749999998001,0.027668749999982707,0.03153749999998029,0.04197499999997376,0.03723124999997673,0.04394374999997253,0.17655624999988964,0.17895624999988816,0.18261874999988587,0.2755374999998278,0.29915624999981305,0.28211874999982367,0.2060812499998712,0.2139437499998663,0.20812499999986991,0.08880624999994449,0.08665624999994584,0.0881749999999449,0.04727499999997045,0.041849999999973846,0.044212499999972364,0.060118749999962424,0.051587499999967756,0.05203749999996748,0.055612499999965245,0.047831249999970106,0.05185624999996759
tag.txt,0.014637499999990852,0.01451249999999093,0.014387499999991008,0.031224999999980484,0.026593749999983377,0.031206249999980496,0.038518749999975926,0.03485624999997822,0.04004999999997497,0.17218749999989238,0.1735624999998915,0.17597499999989002,0.2931249999998168,0.3113999999998054,0.30103749999981183,0.21003124999986872,0.2179062499998638,0.21247499999986721,0.08325624999994796,0.08481249999994699,0.08236249999994852,0.045099999999971815,0.04061874999997461,0.04314374999997304,0.0588874999999632,0.05067499999996833,0.0510374999999681,0.053031249999966855,0.04506249999997183,0.048324999999969795
tag.txt,0.015362499999990398,0.01388749999999132,0.013637499999991476,0.03271249999997956,0.02708749999998307,0.03221874999997986,0.038487499999975944,0.034393749999978504,0.04181874999997386,0.17500624999989062,0.17563749999989023,0.17959999999988774,0.27281874999982947,0.30205624999981123,0.28341874999982286,0.2017874999998739,0.21528124999986545,0.21083124999986824,0.08658124999994589,0.0859187499999463,0.08813749999994491,0.05043749999996848,0.043449999999972844,0.04511249999997181,0.06778749999995763,0.056362499999964774,0.0566374999999646,0.059018749999963115,0.045924999999971294,0.048587499999969634
tag.txt,0.014881249999990699,0.013899999999991312,0.013956249999991278,0.03131249999998043,0.026762499999983272,0.033968749999978766,0.040487499999974697,0.036706249999977056,0.04391874999997255,0.172818749999892,0.1739562499998913,0.17412499999989117,0.28566874999982145,0.308774999999807,0.29478749999981574,0.2060437499998712,0.21783749999986385,0.20788749999987008,0.08662499999994586,0.08472499999994705,0.08483124999994698,0.04723749999997048,0.04076249999997452,0.04467499999997208,0.06006874999996246,0.05002499999996873,0.05126249999996796,0.05485624999996572,0.046549999999970906,0.05058749999996838
tag.txt,0.015181249999990511,0.01390624999999131,0.013468749999991581,0.031256249999980466,0.02692499999998317,0.031112499999980555,0.039031249999975606,0.03496249999997815,0.041237499999974225,0.17138124999989288,0.1735999999998915,0.1799874999998875,0.2858437499998214,0.3089499999998069,0.2932749999998167,0.20663124999987084,0.21421874999986612,0.2116874999998677,0.08397499999994751,0.08419374999994737,0.08509374999994682,0.04769374999997019,0.04237499999997352,0.042862499999973214,0.06259999999996088,0.05401874999996624,0.05281874999996699,0.05640624999996475,0.04684999999997072,0.04845624999996972
tag.txt,0.014356249999991027,0.013937499999991288,0.013818749999991364,0.030181249999981136,0.0267187499999833,0.0315187499999803,0.04028124999997482,0.03709374999997682,0.043618749999972735,0.17374374999989142,0.1742249999998911,0.1769312499998894,0.29833124999981353,0.3162624999998023,0.30181249999981136,0.21208124999986744,0.21898124999986313,0.21283749999986698,0.08433749999994729,0.08384999999994759,0.08464999999994709,0.043268749999972954,0.03941874999997536,0.042856249999973214,0.05229374999996732,0.04553749999997154,0.04508749999997182,0.05112499999996804,0.043974999999972515,0.046868749999970705
tag.txt,0.02892499999998192,0.025699999999983937,0.024674999999984577,0.047224999999970485,0.03881874999997574,0.043718749999972675,0.05496874999996564,0.04729374999997044,0.05594999999996503,0.16454374999989715,0.18119999999988676,0.18092499999988693,0.18198749999988625,0.22603124999985874,0.2136062499998665,0.16107499999989933,0.17162499999989272,0.1678687499998951,0.1033624999999354,0.10386249999993509,0.10330624999993543,0.06953749999995654,0.0587124999999633,0.06004999999996247,0.09804999999993871,0.08050624999994968,0.07836249999995103,0.09032499999994355,0.06624999999995859,0.07153749999995529
tag.txt,0.026499999999983436,0.023656249999985213,0.02326249999998546,0.04386874999997258,0.03538749999997788,0.04188124999997382,0.05548124999996532,0.04869374999996957,0.05820624999996362,0.17149999999989282,0.18842499999988224,0.18604999999988373,0.19161249999988025,0.23542499999985286,0.22024999999986233,0.16166874999989897,0.16726874999989547,0.1636374999998977,0.10404374999993497,0.1015874999999365,0.10134374999993666,0.06705624999995809,0.0574437499999641,0.05991249999996255,0.09644374999993972,0.08301874999994811,0.08079374999994951,0.08182499999994886,0.059093749999963065,0.06466249999995959
tag.txt,0.02742499999998286,0.024918749999984426,0.024181249999984885,0.04308749999997307,0.03658749999997713,0.04069374999997456,0.055181249999965515,0.04769374999997019,0.05569999999996519,0.172787499999892,0.18614374999988367,0.18646249999988346,0.2009312499998744,0.23836874999985103,0.22645624999985847,0.16747499999989532,0.16934999999989417,0.17091874999989318,0.10173749999993642,0.10091249999993693,0.09917499999993802,0.06538749999995913,0.057462499999964084,0.056368749999964766,0.08764374999994522,0.07617499999995239,0.07398749999995376,0.07834374999995103,0.06238749999996101,0.06605624999995871
tag.txt,0.026549999999983406,0.0243187499999848,0.024337499999984788,0.041756249999973905,0.035349999999977906,0.04046249999997471,0.055787499999965136,0.049443749999969096,0.05780624999996387,0.17445624999989096,0.18533124999988418,0.18501874999988435,0.2067124999998708,0.2420999999998487,0.2291312499998568,0.16792499999989505,0.171237499999893,0.1692624999998942,0.10345624999993534,0.10139374999993662,0.10075624999993703,0.062343749999961035,0.054806249999965743,0.05682499999996449,0.08606874999994621,0.07703749999995185,0.0743812499999535,0.07494374999995317,0.05898124999996314,0.06201874999996124
tag.txt,0.016731249999989543,0.01585624999999009,0.016162499999989897,0.029424999999981608,0.025662499999983962,0.027737499999982665,0.04460624999997212,0.039624999999975236,0.046731249999970796,0.1889249999998819,0.19188124999988007,0.19491249999987817,0.2921937499998174,0.3190437499998006,0.30118749999981176,0.20006249999987497,0.20188124999987384,0.1991749999998755,0.08398124999994751,0.08067499999994958,0.08275624999994828,0.0436749999999727,0.03862499999997586,0.040987499999974385,0.05002499999996873,0.043562499999972776,0.043793749999972625,0.050374999999968514,0.043187499999973004,0.0465562499999709
tag.txt,0.015637499999990225,0.014693749999990817,0.013868749999991332,0.0276812499999827,0.024299999999984813,0.028531249999982168,0.04219999999997363,0.03796249999997627,0.045749999999971404,0.1960124999998775,0.19939374999987539,0.20069999999987456,0.3081812499998074,0.3292999999997942,0.31435624999980355,0.19312499999987928,0.19433124999987855,0.1902499999998811,0.08213124999994867,0.07928124999995045,0.07879999999995074,0.04137499999997414,0.03862499999997586,0.04091249999997443,0.04643124999997098,0.0403249999999748,0.042281249999973576,0.047224999999970485,0.04178749999997388,0.044549999999972154
tag.txt,0.016043749999989972,0.015431249999990355,0.01489374999999069,0.027724999999982673,0.02456249999998465,0.027268749999982956,0.044218749999972363,0.03918124999997551,0.046193749999971126,0.19433124999987855,0.19831249999987605,0.20124999999987422,0.3011499999998118,0.32683124999979574,0.3099312499998063,0.19793749999987628,0.19462499999987837,0.19561249999987773,0.08404999999994747,0.08061249999994961,0.08054374999994966,0.04219999999997363,0.0391999999999755,0.04066874999997458,0.045193749999971757,0.04014999999997491,0.04040624999997475,0.04714999999997053,0.04109374999997432,0.04323124999997298
tag.txt,0.015749999999990157,0.015224999999990484,0.015018749999990613,0.028562499999982147,0.025987499999983756,0.028568749999982143,0.04417499999997239,0.039512499999975303,0.045506249999971556,0.1900749999998812,0.19364999999987897,0.1953874999998779,0.3069124999998082,0.32764374999979523,0.316787499999802,0.19939999999987537,0.19796249999987628,0.19413749999987867,0.0814374999999491,0.08013749999994992,0.08006874999994995,0.041674999999973955,0.03819999999997613,0.040137499999974915,0.045006249999971874,0.040374999999974764,0.04074999999997453,0.04700624999997062,0.04130624999997418,0.043637499999972726
tag.txt,0.026806249999983246,0.022418749999985988,0.022706249999985807,0.04769999999997019,0.03633124999997729,0.042243749999973594,0.052181249999967386,0.0451187499999718,0.05367499999996645,0.15956874999990026,0.18195624999988627,0.17683124999988947,0.1718374999998926,0.22158749999986152,0.21115624999986804,0.1655999999998965,0.1778999999998888,0.17516249999989053,0.10571249999993393,0.10309999999993556,0.10392499999993504,0.07173124999995517,0.06008124999996245,0.05969374999996269,0.10723749999993297,0.08728124999994545,0.08513749999994678,0.09162499999994274,0.06422499999995986,0.06946874999995659
tag.txt,0.025481249999984076,0.022281249999986073,0.022649999999985845,0.045156249999971775,0.036187499999977384,0.0417624999999739,0.055274999999965456,0.04711249999997055,0.05506249999996558,0.1692937499998942,0.18981874999988135,0.18698749999988312,0.18601874999988374,0.22711874999985804,0.2163187499998648,0.16258749999989838,0.16617499999989613,0.1657437499998964,0.1047937499999345,0.10382499999993511,0.09976874999993765,0.0681624999999574,0.058762499999963275,0.05939374999996288,0.09831874999993855,0.08564999999994646,0.08411249999994742,0.08491249999994693,0.06306874999996058,0.06819999999995738
tag.txt,0.025099999999984312,0.022293749999986068,0.02187499999998633,0.043974999999972515,0.03555624999997778,0.039868749999975084,0.05299999999996687,0.044899999999971935,0.05281249999996699,0.16953124999989405,0.18668749999988332,0.18394374999988503,0.19526249999987796,0.2347374999998533,0.2254187499998591,0.16841874999989473,0.17479374999989075,0.1767999999998895,0.10188124999993632,0.09971249999993768,0.09843749999993848,0.06633124999995854,0.05666249999996459,0.055449999999965346,0.09499999999994062,0.08296874999994815,0.08043749999994973,0.08149999999994906,0.06168749999996145,0.0649562499999594
tag.txt,0.025162499999984274,0.022806249999985748,0.022731249999985794,0.045168749999971766,0.03685624999997696,0.041406249999974123,0.05317499999996676,0.04651249999997093,0.055531249999965296,0.17231249999989232,0.18668749999988332,0.1854312499998841,0.1913437499998804,0.22934999999985667,0.2156687499998652,0.16298124999989813,0.16794374999989503,0.16681249999989575,0.10042499999993723,0.09981249999993762,0.09889999999993819,0.06820624999995738,0.059362499999962896,0.06068124999996207,0.0990374999999381,0.0867187499999458,0.0852749999999467,0.08218749999994863,0.06394999999996002,0.06756249999995777
tag.txt,0.02545624999998409,0.02443124999998473,0.02563124999998398,0.04308749999997307,0.04068124999997457,0.04298749999997313,0.05486249999996571,0.05118749999996801,0.057393749999964126,0.17477499999989077,0.1687749999998945,0.1779062499998888,0.2508374999998432,0.27755624999982653,0.25173124999984264,0.20326874999987296,0.2193749999998629,0.19926874999987546,0.09399374999994126,0.08836249999994478,0.09242499999994223,0.046181249999971134,0.03904999999997559,0.046874999999970704,0.045781249999971386,0.03604999999997747,0.04391874999997255,0.061756249999961405,0.05453124999996592,0.06186249999996134
tag.txt,0.022731249999985794,0.021774999999986392,0.02259374999998588,0.038249999999976095,0.03631249999997731,0.03828749999997607,0.053299999999966687,0.04878124999996951,0.057812499999963865,0.2062499999998711,0.20524374999987172,0.2076812499998702,0.26792499999983255,0.29402499999981624,0.2669624999998331,0.16038749999989976,0.16238749999989852,0.15764374999990147,0.08053124999994966,0.07976249999995015,0.07943749999995035,0.055349999999965406,0.049699999999968936,0.05686249999996446,0.05443749999996598,0.04772499999997017,0.05201874999996749,0.06083749999996198,0.05428749999996607,0.06069999999996206
tag.txt,0.026131249999983668,0.024893749999984442,0.02551874999998405,0.04205624999997371,0.04034999999997478,0.04180624999997387,0.054249999999966096,0.051324999999967924,0.05715624999996428,0.17544374999989035,0.17416874999989115,0.1813124999998867,0.2665374999998334,0.2881999999998199,0.2664062499998335,0.20856874999986966,0.2135624999998665,0.20392499999987254,0.08811249999994493,0.08322499999994798,0.0876687499999452,0.04284999999997322,0.039193749999975505,0.04276249999997327,0.03814374999997616,0.03288749999997945,0.0371124999999768,0.057906249999963806,0.05219374999996738,0.05633124999996479
tag.txt,0.018218749999988612,0.017337499999989164,0.01876874999998827,0.030237499999981102,0.02776249999998265,0.031931249999980045,0.049093749999969315,0.04504374999997185,0.05409374999996619,0.2241937499998599,0.2254374999998591,0.2233249999998604,0.28823749999981985,0.31238749999980475,0.28213124999982364,0.1416124999999115,0.14180624999991137,0.1414624999999116,0.0796874999999502,0.07937499999995039,0.0777499999999514,0.053131249999966795,0.048149999999969904,0.05333749999996666,0.06059374999996213,0.05468749999996582,0.05993749999996254,0.054993749999965626,0.04801249999996999,0.05726249999996421
tag.txt,0.02478749999998451,0.023862499999985087,0.02451249999998468,0.03634374999997728,0.03460624999997837,0.03741874999997662,0.05658124999996464,0.05189999999996756,0.05769374999996394,0.20293124999987316,0.2041249999998724,0.20391874999987256,0.26138124999983664,0.28522499999982176,0.2625624999998359,0.1534374999999041,0.15960624999990025,0.15174374999990517,0.08318749999994801,0.0828812499999482,0.08104374999994934,0.054981249999965634,0.04968124999996895,0.055868749999965085,0.061556249999961524,0.05123124999996798,0.05914999999996303,0.06481249999995949,0.056881249999964446,0.0660874999999587
tag.txt,0.027874999999982577,0.02678749999998326,0.027174999999983015,0.04103124999997435,0.040637499999974604,0.04163124999997398,0.057049999999964345,0.053706249999966434,0.0588812499999632,0.1817312499998864,0.17913124999988805,0.18443124999988472,0.26499999999983437,0.28509999999982183,0.2656937499998339,0.18233124999988604,0.18853749999988217,0.17909999999988807,0.08802499999994498,0.08499999999994687,0.0852937499999467,0.046437499999970974,0.04300624999997312,0.04774999999997016,0.0483187499999698,0.04153749999997404,0.04766874999997021,0.06219999999996113,0.05655624999996465,0.06237499999996102
tag.txt,0.026162499999983647,0.026012499999983743,0.026424999999983483,0.03694374999997691,0.034837499999978226,0.03668749999997707,0.056449999999964716,0.05401874999996624,0.059174999999963014,0.2002999999998748,0.20056249999987466,0.20057499999987463,0.27257499999982965,0.28715624999982053,0.2727937499998295,0.15783124999990136,0.16266249999989835,0.15746874999990157,0.08199374999994875,0.08151249999994906,0.08012499999994992,0.05134999999996791,0.04795624999997003,0.05207499999996745,0.05386249999996633,0.04779374999997013,0.052068749999967454,0.06253124999996092,0.05748749999996407,0.06260624999996087
tag.txt,0.026199999999983625,0.02564999999998397,0.025893749999983815,0.039287499999975446,0.038849999999975716,0.039687499999975194,0.05639374999996476,0.05313749999996679,0.057906249999963806,0.1911874999998805,0.1916937499998802,0.19318124999987926,0.2745062499998284,0.28886249999981944,0.2741312499998287,0.17162499999989272,0.1740874999998912,0.16938124999989412,0.08156874999994902,0.0809624999999494,0.08038749999994976,0.04758124999997026,0.04453749999997216,0.04839374999996975,0.04865624999996959,0.044324999999972296,0.04811249999996993,0.06299374999996063,0.057893749999963814,0.06292499999996067
tag.txt,0.01662499999998961,0.011824999999992609,0.018018749999988738,0.03438124999997851,0.02404999999998497,0.0348812499999782,0.05588749999996507,0.04161874999997399,0.05766874999996396,0.19188749999988006,0.2039999999998725,0.20036874999987478,0.2503624999998435,0.32407499999979744,0.2657499999998339,0.19415624999987866,0.20436249999987227,0.18618124999988364,0.09540624999994037,0.08045624999994971,0.08963749999994397,0.04844999999996972,0.03569374999997769,0.047062499999970586,0.04932499999996917,0.03351874999997905,0.04401249999997249,0.0635187499999603,0.04039999999997475,0.05641874999996474
tag.txt,0.010987499999993133,0.007774999999995141,0.013237499999991726,0.02666874999998333,0.01836874999998852,0.029749999999981406,0.045437499999971605,0.029481249999981574,0.047381249999970385,0.18728749999988295,0.19544999999987783,0.19766874999987646,0.31941874999980036,0.39406249999975373,0.3240124999997975,0.20978749999986887,0.2103812499998685,0.19193124999988004,0.07754374999995153,0.061162499999961775,0.07608124999995244,0.03869999999997581,0.028293749999982316,0.04103124999997435,0.037812499999976365,0.026068749999983706,0.0358312499999776,0.046356249999971025,0.028956249999981903,0.04307499999997308
tag.txt,0.01489374999999069,0.011112499999993055,0.015318749999990425,0.03036874999998102,0.02201249999998624,0.030774999999980766,0.05308749999996682,0.039349999999975405,0.0521624999999674,0.1982437499998761,0.20956874999986902,0.21166249999986772,0.2682374999998324,0.33345624999979157,0.28677499999982076,0.1980624999998762,0.20469999999987207,0.1905624999998809,0.09259374999994213,0.0779124999999513,0.08593749999994629,0.044406249999972246,0.03364999999997897,0.04262499999997336,0.04357499999997277,0.029812499999981368,0.036618749999977114,0.056531249999964665,0.038424999999975985,0.047562499999970274
tag.txt,0.011474999999992828,0.008487499999994695,0.012081249999992449,0.025756249999983903,0.019306249999987934,0.027843749999982598,0.04404374999997247,0.031737499999980164,0.04667499999997083,0.1859249999998838,0.1958312499998776,0.19811874999987616,0.3243124999997973,0.38456874999975965,0.33223124999979237,0.21931249999986294,0.2194999999998628,0.20631249999987106,0.0756874999999527,0.06189999999996131,0.07358124999995401,0.03437499999997851,0.026424999999983483,0.036124999999977425,0.033893749999978816,0.022987499999985634,0.028918749999981924,0.04521874999997174,0.029256249999981714,0.03811249999997618
tag.txt,0.007687499999995196,0.006024999999996235,0.01457499999999089,0.0187187499999883,0.01804374999998872,0.034737499999978286,0.036787499999977005,0.03098749999998063,0.049349999999969155,0.22281874999986073,0.21430624999986606,0.1914937499998803,0.34670624999978333,0.36748124999977033,0.26986874999983135,0.18521874999988425,0.1929812499998794,0.193599999999879,0.07642499999995224,0.07546249999995283,0.09074374999994328,0.03724999999997672,0.03294374999997941,0.04772499999997017,0.035006249999978124,0.031318749999980425,0.04749374999997032,0.033381249999979136,0.030449999999980968,0.06041249999996224
tag.txt,0.0051187499999968,0.005131249999996793,0.022124999999986173,0.0195187499999878,0.018712499999988304,0.04643124999997098,0.028049999999982467,0.025287499999984194,0.035781249999977637,0.16794374999989503,0.15276249999990452,0.13240624999991724,0.4461124999997212,0.44826874999971983,0.2951999999998155,0.20509374999987182,0.22268749999986082,0.21972499999986267,0.04164999999997397,0.046193749999971126,0.07326874999995421,0.032937499999979414,0.02793749999998254,0.051324999999967924,0.028149999999982408,0.026006249999983747,0.0521624999999674,0.02542499999998411,0.027012499999983116,0.07157499999995527
tag.txt,0.006743749999995785,0.005949999999996281,0.018493749999988443,0.018212499999988616,0.017412499999989117,0.039524999999975295,0.033187499999979254,0.028437499999982227,0.04428124999997232,0.22776874999985763,0.22113124999986178,0.18697499999988315,0.35831249999977605,0.3750374999997656,0.26800624999983247,0.1827187499998858,0.18763749999988272,0.17718124999988927,0.07310624999995431,0.07276249999995452,0.08467499999994708,0.03538749999997788,0.03160624999998025,0.050899999999968186,0.032931249999979414,0.03038124999998101,0.05737499999996414,0.03163124999998023,0.029643749999981473,0.07258749999995463
tag.txt,0.004993749999996879,0.005881249999996324,0.02310624999998556,0.02106874999998683,0.021162499999986772,0.05105624999996809,0.027193749999983002,0.02326249999998546,0.031737499999980164,0.16253749999989842,0.14659374999990837,0.12484374999992197,0.4423562499997235,0.44363749999972274,0.2981999999998136,0.2156999999998652,0.22807499999985745,0.20087499999987446,0.042681249999973324,0.04615624999997115,0.06892499999995692,0.03102499999998061,0.02811249999998243,0.053699999999966434,0.025593749999984004,0.025718749999983925,0.06355624999996028,0.026849999999983217,0.031399999999980374,0.0839999999999475
tag.txt,0.008162499999994898,0.007062499999995586,0.01636874999998977,0.01697499999998939,0.016199999999989875,0.03181874999998011,0.03339374999997913,0.03014374999998116,0.04658124999997089,0.21081249999986823,0.19685624999987697,0.17979374999988762,0.38886874999975696,0.4106874999997433,0.3105124999998059,0.20006874999987495,0.21256249999986715,0.21371874999986643,0.058681249999963325,0.05178749999996763,0.07309999999995431,0.027449999999982842,0.023099999999985563,0.03769374999997644,0.02539374999998413,0.0230374999999856,0.03548749999997782,0.030193749999981128,0.028562499999982147,0.054924999999965675
tag.txt,0.007618749999995238,0.006199999999996125,0.01988749999998757,0.019199999999988,0.01766249999998896,0.039962499999975025,0.03641249999997724,0.032537499999979666,0.05026249999996858,0.21946249999986284,0.20984374999986885,0.1697499999998939,0.3478874999997826,0.35991249999977504,0.25753749999983905,0.2041374999998724,0.22408124999985995,0.21298749999986688,0.0756812499999527,0.07064999999995585,0.09235624999994228,0.03254374999997966,0.025849999999983844,0.04426874999997233,0.026162499999983647,0.023462499999985335,0.04437499999997226,0.03089374999998069,0.029799999999981376,0.06861249999995711
tag.txt,0.007731249999995168,0.007137499999995539,0.02209374999998619,0.01753124999998904,0.016937499999989412,0.043812499999972616,0.032181249999979886,0.029143749999981785,0.04334374999997291,0.21068124999986831,0.19490624999987818,0.16518749999989676,0.39003124999975625,0.41483124999974075,0.28363749999982274,0.20327499999987295,0.21240624999986724,0.19880624999987576,0.056374999999964766,0.047993749999970005,0.07753124999995155,0.026612499999983368,0.024337499999984788,0.046443749999970974,0.024681249999984573,0.021949999999986283,0.04613124999997117,0.030899999999980686,0.030356249999981027,0.07301249999995436
tag.txt,0.006818749999995738,0.00643124999999598,0.026618749999983364,0.019112499999988056,0.018037499999988726,0.054649999999965844,0.03587499999997758,0.03434999999997853,0.04726874999997046,0.22440624999985975,0.21282499999986698,0.15573749999990266,0.3542312499997786,0.36196249999977376,0.23205624999985497,0.18934374999988166,0.20246249999987345,0.17244999999989222,0.07548749999995281,0.07512499999995305,0.08606874999994621,0.03579374999997763,0.03221874999997986,0.06023124999996236,0.028824999999981983,0.027224999999982985,0.07054374999995591,0.030106249999981183,0.02936249999998165,0.09437499999994102
tag.txt,0.017981249999988763,0.017093749999989315,0.016981249999989387,0.034049999999978715,0.029306249999981684,0.03309374999997931,0.050293749999968565,0.042006249999973745,0.05305624999996684,0.1965124999998772,0.2011187499998743,0.2028562499998732,0.2772749999998267,0.31159999999980525,0.2839687499998225,0.18247499999988595,0.1878687499998826,0.18601874999988374,0.08537499999994665,0.08173749999994892,0.083206249999948,0.04947499999996908,0.04205624999997371,0.04608749999997119,0.05111249999996805,0.0414437499999741,0.04345624999997284,0.055449999999965346,0.045768749999971395,0.05127499999996795
tag.txt,0.016387499999989757,0.014068749999991206,0.013581249999991512,0.030574999999980892,0.027781249999982636,0.03205624999997996,0.044393749999972254,0.03851249999997593,0.04616874999997114,0.18272499999988578,0.1829062499998857,0.18681249999988325,0.3240374999997975,0.355237499999778,0.3385624999997884,0.19048124999988095,0.20059374999987462,0.19261249999987962,0.07931249999995042,0.07604999999995248,0.07196874999995502,0.04119374999997425,0.03444374999997847,0.04059999999997462,0.0441624999999724,0.03373124999997892,0.03633749999997729,0.046731249999970796,0.03667499999997708,0.04129999999997419
tag.txt,0.01851249999998843,0.016768749999989518,0.016556249999989652,0.030906249999980682,0.027537499999982788,0.03196249999998002,0.04945624999996909,0.042324999999973544,0.05233749999996729,0.19758749999987651,0.20244374999987347,0.20471874999987205,0.2906812499998183,0.32195624999979877,0.296012499999815,0.18196874999988627,0.18775624999988266,0.1844937499998847,0.08258749999994838,0.07848749999995094,0.07923749999995047,0.046099999999971185,0.0401624999999749,0.04478749999997201,0.04833749999996979,0.0390437499999756,0.040987499999974385,0.05386249999996633,0.0435187499999728,0.04890624999996943
tag.txt,0.017281249999989198,0.014712499999990804,0.014362499999991023,0.031174999999980517,0.028106249999982433,0.03166249999998021,0.044387499999972255,0.038406249999975994,0.045162499999971774,0.17893124999988816,0.17930624999988792,0.17989374999988755,0.3188374999998007,0.35081874999978074,0.3412812499997867,0.203206249999873,0.21507499999986557,0.20761874999987023,0.07947499999995032,0.0750312499999531,0.0721499999999549,0.03921874999997549,0.03211249999997993,0.03606874999997746,0.04086874999997446,0.030281249999981073,0.03156249999998027,0.046618749999970864,0.03614999999997741,0.04023749999997485
tag.txt,0.018093749999988692,0.017068749999989332,0.01627499999998983,0.03034999999998103,0.026518749999983427,0.029162499999981772,0.04947499999996908,0.043724999999972675,0.053306249999966686,0.1974312499998766,0.19757499999987652,0.20008749999987493,0.2932624999998167,0.32423124999979736,0.3004937499998122,0.187193749999883,0.19332499999987918,0.19757499999987652,0.08659374999994587,0.0836812499999477,0.08434999999994729,0.04229374999997357,0.036374999999977266,0.03734999999997666,0.04471249999997205,0.035006249999978124,0.03572499999997767,0.05059374999996838,0.04249374999997344,0.045674999999971454
tag.txt,0.017024999999989358,0.015399999999990375,0.0151999999999905,0.027862499999982585,0.025399999999984126,0.028387499999982257,0.04778124999997014,0.043106249999973055,0.05256249999996715,0.20051874999987468,0.1979124999998763,0.2012562499998742,0.3080249999998075,0.3366624999997896,0.31240624999980476,0.1857749999998839,0.19448749999987844,0.19371249999987894,0.08181249999994887,0.07940624999995037,0.08038749999994976,0.03946874999997533,0.034037499999978724,0.03699999999997688,0.04386874999997258,0.03404374999997872,0.0350437499999781,0.04786249999997009,0.039543749999975286,0.04404374999997247
tag.txt,0.019074999999988077,0.017331249999989168,0.016518749999989677,0.029574999999981515,0.02598124999998376,0.028724999999982046,0.04973124999996892,0.04366874999997271,0.05284374999996697,0.1956874999998777,0.19911874999987556,0.20283749999987322,0.29623124999981487,0.3253312499997967,0.30148749999981156,0.18753749999988278,0.19543124999987785,0.196812499999877,0.08594374999994628,0.0820624999999487,0.08405624999994746,0.04130624999997418,0.0359999999999775,0.03814374999997616,0.04317499999997301,0.03366874999997896,0.03418749999997863,0.051737499999967664,0.041406249999974123,0.044387499999972255
tag.txt,0.018181249999988637,0.016712499999989555,0.015931249999990044,0.029481249999981574,0.02628749999998357,0.028668749999982084,0.049799999999968876,0.0439999999999725,0.053799999999966375,0.1963374999998773,0.19724999999987672,0.20284999999987322,0.2983562499998135,0.3273562499997954,0.30278749999981075,0.19177499999988015,0.1990562499998756,0.19970624999987518,0.0859187499999463,0.08129999999994919,0.08318749999994801,0.03971874999997518,0.034562499999978395,0.03639999999997725,0.040631249999974604,0.03251249999997968,0.03318124999997926,0.049799999999968876,0.0409624999999744,0.04348749999997282
tag.txt,0.02257499999998589,0.022156249999986152,0.021524999999986548,0.03230624999997981,0.03246249999997971,0.033956249999978774,0.047974999999970014,0.046368749999971016,0.04872499999996955,0.16469999999989707,0.16196249999989878,0.16566249999989646,0.3297687499997939,0.34137499999978665,0.33064374999979335,0.21272499999986705,0.21068749999986833,0.21398124999986626,0.07221249999995487,0.06741874999995787,0.0678562499999576,0.03271874999997955,0.03274999999997953,0.03308749999997932,0.036368749999977266,0.03684999999997697,0.03528749999997795,0.04864999999996959,0.04796874999997002,0.049274999999969205
tag.txt,0.02518124999998426,0.0244812499999847,0.02419374999998488,0.034999999999978125,0.03508749999997807,0.03744999999997659,0.050487499999968447,0.04826874999996983,0.05127499999996795,0.16641874999989598,0.16521249999989673,0.16663124999989584,0.30930624999980666,0.31911249999980057,0.3105062499998059,0.21382499999986637,0.21316874999986676,0.21243749999986722,0.07656874999995214,0.07448749999995344,0.07367499999995396,0.036024999999977485,0.03398749999997876,0.0353624999999779,0.03528749999997795,0.03473124999997829,0.03526874999997796,0.05189999999996756,0.05146249999996783,0.05319999999996675
tag.txt,0.022962499999985647,0.022731249999985794,0.02230624999998606,0.03241874999997974,0.03185624999998009,0.03276249999997952,0.04794374999997004,0.046706249999970806,0.049962499999968775,0.16468124999989708,0.16214999999989865,0.16629374999989607,0.3332999999997917,0.3425749999997859,0.3335562499997915,0.21193749999986755,0.20934999999986917,0.20978749999986887,0.07047499999995595,0.06728749999995795,0.06779374999995763,0.03271874999997955,0.03273124999997954,0.033624999999978984,0.03511249999997806,0.036099999999977435,0.034749999999978284,0.04844999999996972,0.04851249999996968,0.04916249999996927
tag.txt,0.022293749999986068,0.022024999999986233,0.021987499999986258,0.031674999999980205,0.031581249999980264,0.03262499999997961,0.04745624999997034,0.04683124999997073,0.049699999999968936,0.17079999999989326,0.167974999999895,0.17047499999989346,0.3303624999997935,0.3396687499997877,0.33156249999979276,0.21746249999986408,0.21435624999986602,0.21333124999986666,0.07028749999995607,0.06759374999995775,0.06896249999995689,0.0321499999999799,0.03177499999998014,0.03126249999998046,0.031574999999980265,0.032499999999979684,0.032437499999979726,0.045937499999971286,0.04569374999997144,0.047656249999970215
