filename,lbp_R_0,lbp_G_0,lbp_B_0,lbp_R_1,lbp_G_1,lbp_B_1,lbp_R_2,lbp_G_2,lbp_B_2,lbp_R_3,lbp_G_3,lbp_B_3,lbp_R_4,lbp_G_4,lbp_B_4,lbp_R_5,lbp_G_5,lbp_B_5,lbp_R_6,lbp_G_6,lbp_B_6,lbp_R_7,lbp_G_7,lbp_B_7,lbp_R_8,lbp_G_8,lbp_B_8,lbp_R_9,lbp_G_9,lbp_B_9
tag.txt,0.018387499999988507,0.01798749999998876,0.01849999999998844,0.03817499999997614,0.03716249999997678,0.040712499999974554,0.04254374999997341,0.040487499999974697,0.04429999999997231,0.15026874999990608,0.15011249999990617,0.15384999999990384,0.3580687499997762,0.3757937499997651,0.3556937499997777,0.21753749999986405,0.21286874999986696,0.20990624999986882,0.0718249999999551,0.0700812499999562,0.07048124999995595,0.03366249999997896,0.031406249999980373,0.03585624999997759,0.026006249999983747,0.023462499999985335,0.02673749999998329,0.043524999999972794,0.040637499999974604,0.043962499999972524
tag.txt,0.01881249999998824,0.01865624999998834,0.01874999999998828,0.039874999999975076,0.03916249999997552,0.042181249999973636,0.04091249999997443,0.04058749999997463,0.042362499999973525,0.1493062499999067,0.14523124999990922,0.15079374999990575,0.3692187499997692,0.3893437499997567,0.3748999999997657,0.2073562499998704,0.20151249999987406,0.1961749999998774,0.0659249999999588,0.0646249999999596,0.06346249999996034,0.038331249999976044,0.035706249999977686,0.040887499999974444,0.02709999999998306,0.025124999999984295,0.02755624999998278,0.04316249999997302,0.04004999999997497,0.042931249999973164
tag.txt,0.018599999999988376,0.01833749999998854,0.018774999999988266,0.03844374999997597,0.037562499999976524,0.03946874999997533,0.04283124999997323,0.041143749999974284,0.044318749999972304,0.15101249999990563,0.14904999999990684,0.15478124999990325,0.35993749999977503,0.3768499999997645,0.36056249999977463,0.21479374999986575,0.212781249999867,0.20872499999986954,0.07089999999995569,0.06899374999995687,0.07020624999995612,0.033899999999978815,0.03142499999998036,0.03514374999997803,0.026299999999983562,0.023674999999985204,0.026093749999983692,0.04328124999997295,0.04018124999997489,0.041924999999973796
tag.txt,0.01798749999998876,0.017781249999988886,0.017893749999988818,0.038243749999976095,0.03763124999997648,0.04026249999997483,0.04201874999997374,0.041156249999974276,0.042868749999973206,0.15099999999990563,0.14920624999990675,0.15268749999990458,0.3799062499997626,0.3972749999997517,0.3860499999997587,0.19915624999987552,0.19273749999987955,0.1889499999998819,0.0668624999999582,0.06594374999995878,0.06439999999995975,0.0364812499999772,0.035093749999978066,0.03916874999997552,0.02588749999998382,0.023749999999985155,0.02584374999998385,0.04245624999997347,0.03942499999997536,0.04187499999997383
tag.txt,0.021512499999986556,0.01860624999998837,0.01724999999998922,0.043793749999972625,0.03333124999997917,0.0359999999999775,0.05463124999996585,0.05027499999996858,0.04966874999996896,0.15779999999990138,0.17141874999989287,0.1684812499998947,0.3036562499998102,0.33220624999979237,0.34083749999978696,0.21076874999986828,0.20226249999987359,0.20842499999986974,0.07854374999995091,0.07813749999995116,0.07324374999995423,0.040393749999974755,0.03813124999997617,0.03591249999997755,0.03319999999997925,0.029418749999981612,0.02716874999998302,0.05569999999996519,0.04621249999997112,0.043012499999973114
tag.txt,0.020343749999987285,0.018062499999988713,0.01625624999998984,0.04483124999997198,0.03333749999997916,0.03737499999997664,0.04822499999996986,0.043962499999972524,0.041512499999974056,0.15090624999990568,0.16851874999989466,0.1588874999999007,0.3350562499997906,0.3620312499997737,0.3814249999997616,0.2072187499998705,0.196806249999877,0.19789374999987633,0.06996249999995627,0.0670249999999581,0.062262499999961085,0.040212499999974866,0.0390437499999756,0.03793749999997629,0.030568749999980896,0.027724999999982673,0.025849999999983844,0.052674999999967075,0.04348749999997282,0.04059999999997462
tag.txt,0.02371249999998518,0.0204812499999872,0.01820624999998862,0.044649999999972094,0.035356249999977905,0.037124999999976795,0.05702499999996436,0.049524999999969045,0.05068124999996832,0.1590437499999006,0.1726562499998921,0.1673312499998954,0.2950562499998156,0.331193749999793,0.3415874999997865,0.2049374999998719,0.19626874999987734,0.20475624999987202,0.07893749999995066,0.07814999999995116,0.07359374999995401,0.0433499999999729,0.039031249999975606,0.03674999999997703,0.03425624999997859,0.029606249999981495,0.026249999999983592,0.059031249999963106,0.047731249999970166,0.043718749999972675
tag.txt,0.02142499999998661,0.01891249999998818,0.017287499999989197,0.045093749999971816,0.034149999999978656,0.03861874999997586,0.04758749999997026,0.04429999999997231,0.04161874999997399,0.15504374999990309,0.16663124999989584,0.15504374999990309,0.3329624999997919,0.36971874999976895,0.3891624999997568,0.20471874999987205,0.19514999999987803,0.19662499999987712,0.06933124999995667,0.06329999999996044,0.06049374999996219,0.03921874999997549,0.03805624999997621,0.03707499999997683,0.031124999999980547,0.026806249999983246,0.024162499999984897,0.05349374999996657,0.04297499999997314,0.03991249999997505
tag.txt,0.018487499999988444,0.01593749999999004,0.016712499999989555,0.03758124999997651,0.032606249999979624,0.0376062499999765,0.04830624999996981,0.04611249999997118,0.048418749999969736,0.16233749999989855,0.16531874999989668,0.1622499999998986,0.3210812499997993,0.366462499999771,0.34778124999978266,0.21753124999986403,0.20756874999987027,0.21366874999986646,0.07373124999995392,0.06581249999995886,0.0681687499999574,0.0376062499999765,0.03393749999997879,0.03546249999997784,0.029543749999981536,0.02321249999998549,0.02444999999998472,0.053793749999966375,0.043031249999973105,0.04548124999997157
tag.txt,0.01606249999998996,0.013156249999991777,0.014406249999990996,0.038149999999976154,0.03546249999997784,0.04008124999997495,0.038506249999975935,0.03595624999997753,0.03628749999997732,0.14599374999990875,0.14851874999990716,0.14523749999990923,0.3609749999997744,0.4075999999997452,0.3914812499997553,0.2227187499998608,0.20564374999987148,0.21224999999986735,0.06341249999996036,0.056037499999964976,0.059612499999962744,0.03622499999997736,0.03473124999997829,0.03504999999997809,0.026674999999983327,0.02097499999998689,0.02174374999998641,0.05128124999996795,0.0419187499999738,0.04384999999997259
tag.txt,0.01876874999998827,0.016487499999989694,0.017468749999989083,0.03863124999997586,0.03339374999997913,0.03864374999997585,0.04743124999997036,0.044293749999972314,0.04734999999997041,0.16013124999989992,0.16634999999989603,0.16073749999989953,0.3206187499997996,0.3665187499997709,0.3447687499997845,0.2169749999998644,0.20531249999987167,0.21399374999986626,0.07496874999995315,0.06626874999995858,0.06969374999995644,0.03741249999997662,0.03468124999997833,0.03588749999997757,0.029756249999981402,0.023049999999985592,0.02409999999998494,0.05530624999996543,0.043643749999972725,0.0473562499999704
tag.txt,0.01542499999999036,0.013424999999991609,0.015718749999990175,0.038937499999975665,0.03565624999997771,0.03838124999997601,0.03698124999997689,0.03468749999997832,0.03544374999997785,0.14460624999990962,0.14437499999990977,0.13879999999991324,0.36482499999977197,0.4124499999997422,0.39224999999975485,0.2246374999998596,0.21044374999986848,0.2210812499998618,0.06245624999996097,0.05475624999996578,0.05745624999996409,0.034993749999978126,0.0332749999999792,0.03383749999997885,0.026487499999983444,0.020406249999987247,0.021299999999986687,0.050649999999968345,0.04052499999997467,0.04573124999997142
tag.txt,0.021012499999986868,0.021212499999986742,0.02052499999998717,0.038587499999975884,0.03614999999997741,0.04001249999997499,0.051556249999967774,0.04989999999996881,0.054406249999965996,0.16822499999989485,0.17008124999989369,0.1686249999998946,0.2894937499998191,0.29921874999981296,0.29131874999981794,0.1964562499998772,0.19436249999987854,0.20467499999987207,0.08611249999994618,0.08733749999994542,0.08606249999994621,0.04626874999997108,0.04350624999997281,0.04291874999997317,0.047031249999970604,0.046037499999971226,0.039106249999975556,0.055256249999965465,0.05219374999996738,0.052349999999967284
tag.txt,0.02030624999998731,0.02060624999998712,0.01987499999998758,0.03933749999997541,0.03750624999997656,0.041674999999973955,0.04590624999997131,0.04571874999997143,0.047637499999970224,0.15843749999990098,0.15901874999990062,0.15987499999990007,0.32369374999979766,0.33396874999979126,0.33014999999979366,0.19352499999987904,0.19255624999987966,0.19709999999987682,0.07559999999995275,0.07571874999995268,0.0728062499999545,0.045612499999971495,0.043443749999972844,0.04529374999997169,0.04433749999997229,0.042437499999973476,0.0364812499999772,0.05324374999996672,0.04902499999996936,0.049106249999969306
tag.txt,0.02158124999998651,0.021831249999986355,0.02116874999998677,0.037224999999976735,0.03617499999997739,0.03918124999997551,0.05403124999996623,0.053118749999966804,0.056968749999964395,0.17025624999989358,0.17156249999989276,0.17221874999989237,0.2903624999998185,0.29810624999981367,0.2898937499998188,0.19414999999987864,0.1921687499998799,0.1990249999998756,0.08626874999994608,0.0851249999999468,0.08574374999994641,0.04519999999997175,0.044306249999972305,0.043368749999972894,0.045249999999971716,0.044312499999972305,0.0388874999999757,0.055674999999965204,0.053293749999966694,0.053543749999966535
tag.txt,0.020449999999987218,0.02059374999998713,0.019862499999987585,0.039624999999975236,0.0380812499999762,0.04153749999997404,0.04498749999997188,0.045668749999971454,0.046881249999970696,0.15860624999990086,0.15972499999990017,0.16053749999989966,0.33729374999978917,0.34132499999978666,0.3380624999997887,0.1908437499998807,0.18858749999988214,0.19276874999987953,0.07208749999995495,0.07152499999995529,0.07084374999995573,0.04434374999997229,0.0425562499999734,0.04437499999997226,0.04156874999997402,0.04220624999997362,0.03622499999997736,0.05019374999996863,0.04973124999996892,0.04890624999996943
tag.txt,0.020699999999987062,0.016781249999989513,0.01764999999998897,0.04652499999997092,0.037562499999976524,0.039193749999975505,0.05826874999996358,0.04334374999997291,0.049524999999969045,0.15306874999990433,0.15996874999990002,0.16979374999989388,0.28853124999981966,0.3513124999997804,0.32219999999979865,0.22421249999985987,0.21191249999986755,0.2107374999998683,0.08401874999994749,0.07859999999995088,0.08187499999994882,0.036199999999977375,0.032599999999979624,0.034643749999978345,0.03348749999997907,0.02714999999998303,0.029468749999981583,0.05498749999996563,0.04076874999997452,0.044912499999971926
tag.txt,0.0254374999999841,0.01876874999998827,0.01886249999998821,0.052862499999966964,0.03843124999997598,0.04323749999997298,0.052849999999966965,0.043212499999972995,0.0471999999999705,0.1393562499999129,0.15525624999990295,0.15505624999990308,0.2803187499998248,0.34397499999978504,0.3326312499997921,0.2316874999998552,0.21819374999986363,0.21433749999986604,0.08662499999994586,0.0827249999999483,0.08231874999994855,0.03750624999997656,0.03146874999998033,0.034749999999978284,0.03309999999997931,0.026024999999983735,0.027324999999982922,0.06025624999996234,0.04194374999997379,0.04428124999997232
tag.txt,0.026593749999983377,0.019337499999987913,0.01945624999998784,0.05284374999996697,0.03959999999997525,0.03996874999997502,0.05778124999996389,0.04503124999997186,0.05171874999996767,0.14215624999991114,0.15446249999990347,0.16529374999989668,0.2718687499998301,0.3446499999997846,0.3201312499997999,0.2195374999998628,0.21443749999986597,0.21344999999986658,0.08658124999994589,0.07976874999995015,0.0820624999999487,0.04033124999997479,0.03256874999997964,0.033962499999978774,0.03646874999997721,0.026437499999983478,0.028331249999982294,0.06583749999995885,0.043706249999972684,0.04562499999997149
tag.txt,0.02465624999998459,0.017293749999989193,0.01803124999998873,0.05059374999996838,0.036537499999977165,0.04217499999997364,0.048506249999969685,0.041162499999974275,0.042343749999973535,0.1353437499999154,0.1478374999999076,0.14718749999990802,0.31473749999980327,0.38230624999976104,0.3756687499997652,0.22281249999986075,0.2110749999998681,0.20027499999987483,0.0803249999999498,0.07674999999995204,0.07604374999995248,0.035531249999977796,0.027462499999982837,0.03334999999997915,0.030887499999980694,0.022631249999985854,0.024887499999984446,0.05660624999996462,0.03694374999997691,0.040037499999974975
tag.txt,0.023656249999985213,0.01956874999998777,0.020024999999987483,0.05508749999996557,0.043737499999972666,0.045181249999971765,0.05409374999996619,0.0423937499999735,0.04921249999996924,0.13940624999991286,0.14883749999990697,0.15924374999990049,0.2858874999998213,0.342412499999786,0.31541249999980286,0.22475624999985952,0.2164437499998647,0.21428749999986607,0.08377499999994764,0.08211874999994867,0.08356249999994778,0.03908124999997557,0.03282499999997948,0.03544374999997785,0.03451249999997843,0.02776249999998265,0.02961874999998149,0.05974374999996266,0.043899999999972565,0.04801249999996999
tag.txt,0.0270437499999831,0.02014374999998741,0.020587499999987133,0.057474999999964076,0.044568749999972145,0.049599999999969,0.04660624999997087,0.04204999999997372,0.044224999999972356,0.13012499999991867,0.14024374999991235,0.14198124999991127,0.2862249999998211,0.34633124999978354,0.3357374999997902,0.23333749999985418,0.22153749999986153,0.2134249999998666,0.08404999999994747,0.08403749999994747,0.07980624999995012,0.0380812499999762,0.031324999999980424,0.03707499999997683,0.0342437499999786,0.02625624999998359,0.02974374999998141,0.06281249999996075,0.04350624999997281,0.047818749999970114
tag.txt,0.026468749999983457,0.02033749999998729,0.020562499999987147,0.05769999999996394,0.04390624999997256,0.044668749999972085,0.055593749999965254,0.04378749999997263,0.05033124999996854,0.14196249999991128,0.1505874999999059,0.16154999999989902,0.270431249999831,0.3394687499997878,0.31428124999980356,0.21688124999986444,0.21470624999986582,0.21272499999986705,0.08499999999994687,0.08094999999994941,0.08270624999994831,0.04258749999997338,0.0342437499999786,0.035781249999977637,0.03748749999997657,0.02763124999998273,0.029849999999981343,0.06588749999995883,0.04438124999997226,0.04754374999997028
tag.txt,0.026299999999983562,0.018481249999988448,0.01896249999998815,0.05806249999996371,0.04152499999997405,0.046293749999971066,0.050806249999968245,0.043974999999972515,0.045237499999971724,0.13748749999991408,0.14964374999990648,0.15178124999990514,0.28618124999982114,0.35365624999977896,0.3443187499997848,0.2212999999998617,0.21804374999986373,0.20856249999986964,0.08187499999994882,0.0811249999999493,0.07938124999995039,0.040556249999974654,0.03009374999998119,0.03479374999997825,0.034999999999978125,0.023818749999985112,0.02753124999998279,0.06243124999996098,0.03963749999997523,0.04313749999997304
tag.txt,0.01265624999999209,0.00950624999999406,0.016349999999989782,0.030037499999981225,0.02388749999998507,0.03851249999997593,0.04134374999997416,0.03304374999997935,0.04753749999997029,0.18391874999988506,0.18347499999988534,0.17914374999988802,0.2833312499998229,0.3206187499997996,0.24789374999984506,0.21544374999986535,0.2289562499998569,0.21079999999986826,0.08713124999994554,0.07914374999995054,0.08984374999994385,0.0427249999999733,0.036787499999977005,0.049618749999968986,0.05124999999996797,0.04291249999997318,0.05506874999996558,0.0521624999999674,0.041668749999973956,0.06523124999995923
tag.txt,0.009481249999994074,0.0083187499999948,0.012456249999992215,0.022231249999986106,0.01940624999998787,0.030999999999980626,0.036181249999977384,0.02858124999998214,0.04787499999997008,0.19361249999987898,0.19268749999987958,0.19691874999987694,0.33848749999978844,0.36713124999977054,0.2885249999998197,0.2136187499998665,0.21286249999986695,0.1944187499998785,0.0828937499999482,0.07658749999995214,0.08584374999994634,0.03495624999997815,0.031737499999980164,0.04569999999997144,0.03437499999997851,0.0321624999999799,0.04596874999997127,0.03416249999997865,0.03052499999998092,0.05129374999996794
tag.txt,0.010624999999993359,0.008556249999994651,0.025493749999984067,0.026906249999983183,0.023781249999985137,0.054074999999966206,0.03642499999997723,0.02983749999998135,0.044393749999972254,0.1892499999998817,0.18279999999988575,0.15352499999990404,0.2963562499998148,0.32138749999979915,0.20442499999987224,0.22166874999986147,0.23386874999985383,0.18778749999988265,0.08610624999994618,0.08213124999994867,0.09514999999994053,0.04097499999997439,0.03598749999997751,0.06369374999996019,0.04503749999997185,0.04022499999997486,0.07639999999995226,0.04664999999997085,0.04142499999997411,0.09505624999994058
tag.txt,0.007849999999995094,0.00806249999999496,0.021799999999986375,0.01910624999998806,0.01948749999998782,0.045868749999971335,0.03171249999998018,0.028774999999982016,0.04433749999997229,0.203231249999873,0.19826249999987608,0.17578124999989014,0.3492624999997817,0.35739374999977663,0.24222499999984862,0.20644374999987097,0.201606249999874,0.15978124999990015,0.07830624999995106,0.07621874999995236,0.08136249999994914,0.035093749999978066,0.035706249999977686,0.06236874999996102,0.03699374999997688,0.04120624999997424,0.07939374999995037,0.03199999999998,0.0332812499999792,0.08708124999994557
tag.txt,0.013343749999991661,0.012843749999991973,0.01740624999998912,0.026106249999983684,0.024262499999984834,0.034149999999978656,0.040556249999974654,0.03784999999997635,0.054493749999965944,0.20228749999987358,0.19777499999987638,0.1918312499998801,0.33672499999978955,0.34578749999978386,0.28261249999982335,0.18194999999988629,0.19508124999987808,0.18647499999988346,0.07498749999995313,0.07701874999995187,0.08626249999994609,0.04130624999997418,0.036118749999977426,0.04580624999997137,0.03964999999997522,0.03374999999997891,0.044212499999972364,0.04308749999997307,0.039512499999975303,0.05674999999996453
tag.txt,0.013962499999991274,0.012993749999991878,0.016268749999989833,0.026756249999983276,0.0252812499999842,0.03522499999997798,0.044068749999972456,0.04102499999997436,0.05543749999996535,0.19524999999987797,0.18951874999988155,0.18171249999988642,0.3390374999997881,0.3564312499997772,0.3042624999998098,0.18314374999988553,0.1948749999998782,0.1873812499998829,0.07533124999995292,0.0715124999999553,0.08072499999994955,0.04065624999997459,0.03528124999997795,0.043012499999973114,0.0392062499999755,0.035168749999978016,0.04211249999997368,0.04258749999997338,0.037912499999976305,0.05386249999996633
tag.txt,0.01291249999999193,0.012218749999992362,0.017449999999989092,0.025874999999983828,0.02350624999998531,0.03522499999997798,0.039274999999975455,0.03749999999997656,0.05366874999996646,0.1990562499998756,0.19402499999987874,0.18505624999988435,0.33851249999978844,0.3502187499997811,0.28023124999982485,0.19019374999988112,0.20233749999987355,0.19746874999987657,0.07486249999995322,0.07453749999995342,0.08661249999994587,0.0398437499999751,0.03547499999997783,0.04414374999997241,0.03784374999997635,0.032424999999979734,0.04238124999997351,0.04162499999997398,0.0377562499999764,0.0577624999999639
tag.txt,0.012981249999991886,0.012418749999992238,0.01838124999998851,0.026762499999983272,0.024599999999984624,0.038856249999975716,0.042518749999973425,0.03882499999997573,0.05331874999996668,0.19019374999988112,0.18531874999988418,0.17249999999989218,0.3325249999997922,0.350449999999781,0.28342499999982285,0.2052749999998717,0.21448124999986595,0.20331874999987293,0.07676874999995202,0.07365624999995396,0.08802499999994498,0.03691874999997693,0.032012499999979994,0.04215624999997365,0.03444374999997847,0.02956874999998152,0.04065624999997459,0.04161249999997399,0.038668749999975834,0.059362499999962896
tag.txt,0.02584374999998385,0.024212499999984868,0.024999999999984375,0.052443749999967225,0.04949374999996907,0.052349999999967284,0.059274999999962955,0.05462499999996586,0.06398749999996,0.1540937499999037,0.1516562499999052,0.15443124999990349,0.22342499999986035,0.2487937499998445,0.23588749999985256,0.22457499999985964,0.24938124999984412,0.2323187499998548,0.10514999999993428,0.09416249999994115,0.09644374999993972,0.04438124999997226,0.035199999999978,0.04181874999997386,0.04359374999997275,0.034393749999978504,0.03623124999997736,0.06721874999995799,0.0580812499999637,0.06153124999996154
tag.txt,0.02358749999998526,0.021181249999986763,0.022043749999986224,0.045681249999971446,0.04236874999997352,0.04648124999997095,0.05793124999996379,0.05036874999996852,0.06441249999995974,0.20907499999986934,0.2156812499998652,0.21045624999986848,0.23108749999985556,0.2629874999998356,0.23388124999985382,0.1489687499999069,0.15249999999990468,0.15786249999990135,0.0892812499999442,0.08612499999994618,0.0851124999999468,0.06168749999996145,0.054568749999965895,0.05821874999996361,0.06147499999996158,0.05289999999996694,0.05524374999996547,0.07122499999995549,0.061318749999961675,0.06628749999995857
tag.txt,0.0247999999999845,0.02273749999998579,0.023674999999985204,0.04784999999997009,0.04513749999997179,0.05058124999996839,0.06084999999996197,0.05469999999996581,0.06303124999996061,0.16888124999989446,0.1729562499998919,0.17016249999989363,0.23146249999985533,0.257524999999839,0.24119374999984924,0.2135749999998665,0.22699374999985814,0.21861874999986336,0.10069374999993706,0.09309374999994181,0.09435624999994102,0.04510624999997181,0.03860624999997587,0.043812499999972616,0.04316874999997302,0.03553749999997779,0.03676874999997702,0.06361249999996024,0.05271249999996706,0.05779999999996387
tag.txt,0.022362499999986022,0.02039999999998725,0.021212499999986742,0.04129374999997419,0.038249999999976095,0.04364999999997272,0.05620624999996487,0.04973749999996891,0.06329374999996044,0.21321249999986674,0.2214187499998616,0.214387499999866,0.2444624999998472,0.2718562499998301,0.24469374999984705,0.14973124999990642,0.14974374999990642,0.1515124999999053,0.08887499999994446,0.08794999999994503,0.08556249999994653,0.05945624999996284,0.05271249999996706,0.05876874999996327,0.060393749999962255,0.052862499999966964,0.05468124999996583,0.06400624999995999,0.05506874999996558,0.0622374999999611
tag.txt,0.030999999999980626,0.03036874999998102,0.02914999999998178,0.044412499999972245,0.04193749999997379,0.044906249999971934,0.06108749999996182,0.05779999999996387,0.06482499999995948,0.17981874999988762,0.17786249999988885,0.1788874999998882,0.23319374999985426,0.25689374999983944,0.2418937499998488,0.1793499999998879,0.1908437499998807,0.18695624999988314,0.09275624999994203,0.08562499999994648,0.0878312499999451,0.051831249999967605,0.04530624999997168,0.0483187499999698,0.0545562499999659,0.04819374999996988,0.04817499999996989,0.071993749999955,0.06516874999995927,0.06905624999995684
tag.txt,0.03131249999998043,0.030243749999981098,0.029206249999981747,0.044481249999972196,0.043124999999973046,0.04429999999997231,0.06394999999996002,0.06020624999996237,0.06847499999995721,0.187199999999883,0.18713124999988304,0.18679374999988324,0.22954999999985654,0.25272499999984205,0.2372562499998517,0.17403124999989122,0.18141249999988662,0.17779374999988887,0.08849999999994469,0.08165624999994897,0.08551874999994655,0.05229999999996731,0.04811249999996993,0.05091874999996818,0.05579374999996513,0.04974374999996891,0.049449999999969095,0.07288124999995445,0.06564374999995898,0.07028749999995607
tag.txt,0.028649999999982093,0.02803124999998248,0.02763124999998273,0.04068124999997457,0.036962499999976896,0.04028124999997482,0.06443124999995974,0.0604812499999622,0.0676749999999577,0.1943937499998785,0.19924999999987547,0.19636249999987726,0.23815624999985116,0.2595312499998378,0.24536874999984665,0.16219999999989862,0.16601874999989624,0.16631249999989606,0.08381874999994761,0.08040624999994975,0.08417499999994739,0.05418749999996613,0.05060624999996837,0.05127499999996795,0.06093124999996192,0.054493749999965944,0.05246874999996721,0.07254999999995465,0.06421874999995986,0.06844999999995721
tag.txt,0.03256249999997965,0.03154374999998028,0.03097499999998064,0.043224999999972986,0.041068749999974334,0.04358749999997276,0.06342499999996036,0.0596812499999627,0.06899374999995687,0.17538124999989038,0.17561249999989023,0.1707062499998933,0.23557499999985276,0.2584999999998384,0.2428562499998482,0.1889937499998819,0.19539374999987788,0.19865624999987583,0.08948749999994407,0.083212499999948,0.08796249999994503,0.048999999999969374,0.044562499999972145,0.0446312499999721,0.051656249999967714,0.04700624999997062,0.04485624999997197,0.07069374999995581,0.06341874999996036,0.06677499999995827
tag.txt,0.014012499999991242,0.010349999999993531,0.012131249999992417,0.03378749999997888,0.02310624999998556,0.029718749999981427,0.04889999999996944,0.036037499999977476,0.046399999999971,0.19481249999987824,0.20660624999987087,0.21171874999986767,0.25944999999983787,0.3145312499998034,0.2822124999998236,0.19378749999987888,0.20133124999987417,0.18932499999988167,0.09441249999994099,0.08567499999994645,0.08803124999994498,0.0489562499999694,0.039612499999975244,0.04505624999997184,0.05522499999996548,0.04332499999997292,0.04724374999997047,0.05665624999996459,0.03942499999997536,0.048162499999969896
tag.txt,0.014324999999991046,0.012243749999992348,0.012749999999992032,0.036806249999976996,0.02889374999998194,0.03566249999997771,0.045668749999971454,0.03651249999997718,0.044468749999972204,0.1684812499998947,0.17081874999989324,0.1705874999998934,0.24866249999984458,0.28793124999982006,0.2647812499998345,0.22781249999985762,0.2491437499998443,0.24618124999984614,0.09219999999994237,0.08137499999994914,0.0857624999999464,0.04993749999996879,0.039112499999975556,0.042931249999973164,0.06145624999996159,0.05281249999996699,0.05031874999996855,0.054649999999965844,0.041156249999974276,0.0465562499999709
tag.txt,0.013343749999991661,0.010043749999993723,0.011799999999992625,0.029031249999981856,0.022068749999986207,0.026806249999983246,0.048681249999969575,0.036693749999977064,0.04564999999997147,0.21312499999986678,0.22395624999986002,0.2289562499998569,0.2860624999998212,0.3342187499997911,0.3061812499998086,0.17866249999988834,0.17878124999988826,0.17028124999989358,0.08861249999994461,0.08278124999994826,0.08187499999994882,0.046774999999970764,0.03949374999997532,0.044643749999972095,0.046218749999971116,0.03672499999997705,0.04065624999997459,0.04948749999996907,0.035237499999977974,0.04314999999997303
tag.txt,0.014706249999990808,0.011662499999992712,0.014106249999991183,0.03652499999997717,0.02790624999998256,0.035493749999977814,0.05084374999996822,0.040731249999974545,0.05019374999996863,0.1860687499998837,0.19604374999987748,0.19106874999988058,0.26781874999983263,0.30906249999980684,0.2811374999998243,0.21009374999986868,0.2232062499998605,0.21796874999986376,0.09234999999994228,0.08332499999994793,0.08616874999994614,0.04264374999997335,0.03384999999997884,0.038249999999976095,0.044481249999972196,0.034137499999978664,0.03742499999997661,0.054468749999965954,0.04007499999997495,0.04818749999996988
tag.txt,0.015099999999990562,0.01433749999999104,0.01523124999999048,0.027912499999982555,0.02391874999998505,0.027818749999982614,0.04908749999996932,0.041837499999973854,0.049031249999969356,0.21819999999986361,0.22228749999986108,0.2211374999998618,0.30540624999980914,0.3313874999997929,0.31269374999980454,0.18584999999988383,0.18747499999988282,0.18388124999988506,0.08151249999994906,0.07889374999995069,0.07845624999995096,0.039256249999975464,0.0347124999999783,0.039356249999975404,0.033793749999978875,0.02794999999998253,0.030712499999980804,0.043881249999972574,0.03719999999997675,0.04168124999997395
tag.txt,0.015193749999990503,0.01417499999999114,0.01514999999999053,0.03178124999998014,0.027699999999982686,0.03110624999998056,0.0508749999999682,0.044562499999972145,0.05086874999996821,0.1943999999998785,0.1990124999998756,0.19652499999987716,0.3063437499998085,0.33085624999979324,0.3164249999998022,0.22260624999986087,0.22525624999985921,0.22113124999986178,0.07783749999995135,0.07260624999995462,0.0743999999999535,0.03189999999998006,0.026906249999983183,0.03020624999998112,0.026474999999983453,0.02274999999998578,0.02443124999998473,0.04258749999997338,0.03617499999997739,0.03975624999997515
tag.txt,0.014074999999991204,0.013249999999991718,0.013943749999991284,0.028918749999981924,0.024824999999984484,0.029256249999981714,0.046881249999970696,0.04006874999997496,0.04819999999996988,0.20635624999987104,0.20954374999986902,0.20868124999986956,0.2945249999998159,0.3182124999998011,0.2988999999998132,0.20679999999987075,0.21021874999986861,0.20229374999987357,0.08310624999994806,0.07779374999995138,0.08018749999994988,0.039362499999975396,0.034806249999978243,0.03894999999997566,0.03614374999997741,0.03340624999997912,0.035424999999977856,0.04383124999997261,0.03787499999997633,0.0441624999999724
tag.txt,0.015012499999990617,0.013949999999991282,0.014299999999991063,0.029412499999981617,0.02452499999998467,0.028987499999981882,0.04967499999996895,0.041912499999973804,0.05018124999996864,0.20503749999987186,0.2113312499998679,0.21047499999986846,0.30248749999981095,0.3284874999997947,0.3099312499998063,0.20018749999987487,0.2040062499998725,0.19702499999987685,0.08403124999994747,0.07960624999995025,0.08041874999994973,0.038662499999975834,0.03239999999997975,0.037206249999976744,0.033799999999978875,0.029556249999981528,0.03239374999997975,0.04169374999997394,0.034224999999978606,0.03908124999997557
tag.txt,0.008249999999994843,0.010349999999993531,0.009837499999993851,0.02340624999998537,0.027874999999982577,0.024612499999984615,0.03014374999998116,0.02657499999998339,0.036006249999977494,0.16774374999989516,0.14251249999991092,0.19178124999988014,0.3843249999997598,0.38370624999976016,0.36359374999977273,0.2584499999998385,0.26808124999983246,0.23563124999985274,0.060474999999962205,0.057993749999963755,0.06638749999995851,0.020843749999986973,0.02265624999998584,0.023462499999985335,0.014168749999991145,0.018093749999988692,0.016174999999989892,0.03219374999997988,0.04215624999997365,0.03251249999997968
tag.txt,0.0068312499999957305,0.011368749999992895,0.008299999999994813,0.02222499999998611,0.03194999999998003,0.02761249999998274,0.027799999999982623,0.02674999999998328,0.03425624999997859,0.18439999999988474,0.15046874999990595,0.1932749999998792,0.3430687499997856,0.318393749999801,0.3281374999997949,0.2663437499998335,0.2791062499998256,0.2570687499998393,0.07283749999995448,0.07148124999995532,0.0744062499999535,0.02486249999998446,0.030231249999981107,0.025112499999984304,0.01971249999998768,0.0323187499999798,0.018693749999988317,0.03191874999998005,0.04793124999997004,0.03313749999997929
tag.txt,0.0069937499999956285,0.013831249999991356,0.008068749999994957,0.02372499999998517,0.03692499999997692,0.023606249999985247,0.024918749999984426,0.0217562499999864,0.03208124999997995,0.16631249999989606,0.1310374999999181,0.19776249999987638,0.36363749999977274,0.33091249999979316,0.34459374999978465,0.2734312499998291,0.2609624999998369,0.2523249999998423,0.06541874999995911,0.07003749999995623,0.07036874999995602,0.023287499999985445,0.033806249999978874,0.02345624999998534,0.016781249999989513,0.040549999999974655,0.01612499999998992,0.035493749999977814,0.06018124999996239,0.03161249999998024
tag.txt,0.0047937499999970035,0.017968749999988768,0.00483124999999698,0.021062499999986835,0.04445624999997221,0.0219187499999863,0.01894374999998816,0.018662499999988334,0.02434999999998478,0.17129999999989293,0.11779374999992638,0.20441874999987222,0.3234812499997978,0.2616437499998365,0.3157249999998027,0.30214374999981114,0.262474999999836,0.28901249999981937,0.06649374999995844,0.0732812499999542,0.07178749999995514,0.030793749999980753,0.04630624999997106,0.02163124999998648,0.027031249999983107,0.08029374999994981,0.017981249999988763,0.033956249999978774,0.0771187499999518,0.028343749999982286
tag.txt,0.014399999999991,0.013643749999991472,0.020006249999987496,0.03306249999997934,0.03377499999997889,0.03972499999997517,0.04238124999997351,0.0390374999999756,0.05153124999996779,0.17231249999989232,0.15844999999990098,0.1768062499998895,0.31478749999980327,0.3228687499997982,0.28453124999982216,0.2420812499998487,0.26310624999983556,0.21938749999986287,0.08028124999994983,0.07267499999995458,0.08685624999994572,0.03429999999997856,0.02829999999998231,0.04186874999997383,0.024212499999984868,0.022499999999985937,0.028274999999982328,0.042181249999973636,0.04564374999997147,0.05101249999996812
tag.txt,0.010212499999993617,0.013106249999991808,0.013387499999991634,0.035431249999977855,0.03538749999997788,0.04219374999997363,0.03399999999997875,0.028937499999981915,0.04004999999997497,0.1462624999999086,0.12943124999991912,0.15751874999990156,0.39097499999975566,0.3822249999997611,0.36887499999976947,0.22873124999985703,0.25253749999984215,0.20530624999987168,0.0651249999999593,0.06598124999995876,0.06412499999995992,0.032874999999979455,0.027687499999982695,0.042268749999973584,0.018093749999988692,0.018531249999988418,0.02323124999998548,0.03829374999997607,0.04617499999997114,0.0430437499999731
tag.txt,0.010274999999993577,0.012299999999992312,0.01374374999999141,0.027912499999982555,0.029049999999981844,0.033881249999978824,0.03779374999997638,0.035199999999978,0.04546249999997159,0.18279374999988576,0.1640187499998975,0.18931249999988167,0.33502499999979063,0.32683124999979574,0.3086749999998071,0.24034999999984977,0.26134999999983666,0.2278187499998576,0.07451249999995344,0.07102499999995561,0.08103749999994934,0.031112499999980555,0.03034999999998103,0.034806249999978243,0.023512499999985306,0.024981249999984387,0.023737499999985163,0.036712499999977055,0.04489374999997194,0.04152499999997405
tag.txt,0.00505624999999684,0.019174999999988014,0.005962499999996274,0.03229374999997982,0.04178124999997389,0.04145624999997409,0.020006249999987496,0.018106249999988683,0.02521874999998424,0.13148124999991784,0.10623749999993361,0.14595624999990878,0.3749062499997657,0.2963624999998148,0.3810937499997618,0.2721812499998299,0.2729624999998294,0.2364874999998522,0.06546874999995908,0.07510624999995306,0.06311249999996056,0.033206249999979245,0.04526249999997171,0.03726874999997671,0.020006249999987496,0.05630624999996481,0.019387499999987883,0.04539374999997163,0.06869999999995706,0.044056249999972465
tag.txt,0.015012499999990617,0.017274999999989202,0.017224999999989235,0.028918749999981924,0.027668749999982707,0.029843749999981347,0.0459187499999713,0.040549999999974655,0.04974374999996891,0.17078749999989326,0.17746249999988908,0.190412499999881,0.3558437499997776,0.3522124999997799,0.31787499999980134,0.22973124999985642,0.2122937499998673,0.20456874999987215,0.06758749999995775,0.07396874999995377,0.07763749999995148,0.027118749999983052,0.03302499999997936,0.035706249999977686,0.022181249999986136,0.027449999999982842,0.03274999999997953,0.03689999999997694,0.03809374999997619,0.044237499999972354
tag.txt,0.015874999999990078,0.016406249999989745,0.01819374999998863,0.03113749999998054,0.02804374999998247,0.03365624999997897,0.04813124999996992,0.0414374999999741,0.05101874999996811,0.17845624999988846,0.1879874999998825,0.19144999999988035,0.3064062499998085,0.3110187499998056,0.28242499999982346,0.23260624999985463,0.21364374999986646,0.19401874999987873,0.08243124999994848,0.08771249999994518,0.08743124999994535,0.0323124999999798,0.03707499999997683,0.04342499999997286,0.029043749999981848,0.034918749999978176,0.043899999999972565,0.04359999999997275,0.041756249999973905,0.054481249999965946
tag.txt,0.015393749999990379,0.01684374999998947,0.01692499999998942,0.029424999999981608,0.026949999999983158,0.02876874999998202,0.047831249999970106,0.042349999999973534,0.04918124999996926,0.17418749999989114,0.1847749999998845,0.19881874999987573,0.35655624999977714,0.3541062499997787,0.3235687499997978,0.22036874999986228,0.20475624999987202,0.19819374999987613,0.0652874999999592,0.06984999999995635,0.0732812499999542,0.029306249999981684,0.03494999999997816,0.0364812499999772,0.024006249999984994,0.02756874999998277,0.032187499999979885,0.037637499999976474,0.03784999999997635,0.04259374999997338
tag.txt,0.017481249999989075,0.018137499999988663,0.018843749999988224,0.033193749999979254,0.027581249999982762,0.03257499999997964,0.05224999999996734,0.04459999999997213,0.053031249999966855,0.177606249999889,0.18806249999988245,0.19058124999988088,0.30396874999981,0.3161937499998024,0.29303124999981683,0.23175624999985514,0.21239374999986727,0.19779374999987637,0.07906249999995059,0.08618749999994613,0.08696874999994564,0.03223124999997985,0.03548749999997782,0.04083124999997448,0.027456249999982838,0.030456249999980964,0.03628749999997732,0.044993749999971876,0.040899999999974436,0.050056249999968716
tag.txt,0.012024999999992484,0.01239999999999225,0.013774999999991391,0.02700624999998312,0.02404999999998497,0.02819374999998238,0.0451249999999718,0.03766874999997646,0.045924999999971294,0.18454374999988465,0.18681874999988324,0.19447499999987844,0.32489999999979696,0.3305687499997934,0.30684374999980824,0.23606874999985245,0.22363124999986023,0.21470624999986582,0.07858124999995089,0.08260624999994837,0.08345624999994784,0.028843749999981974,0.03393749999997879,0.03684374999997697,0.025081249999984324,0.02931249999998168,0.03220624999997987,0.03782499999997636,0.03900624999997562,0.04357499999997277
tag.txt,0.013543749999991535,0.01179374999999263,0.013543749999991535,0.030118749999981174,0.023349999999985407,0.029843749999981347,0.04638749999997101,0.03774999999997641,0.045849999999971344,0.1833812499998854,0.19348124999987906,0.1958499999998776,0.30451874999980966,0.3252937499997967,0.30595624999980875,0.2321312499998549,0.21828124999986356,0.20569999999987143,0.08403124999994747,0.08491249999994693,0.08478124999994702,0.033287499999979195,0.03501249999997812,0.03971249999997518,0.029506249999981558,0.03221249999997987,0.034906249999978184,0.04309374999997306,0.037912499999976305,0.04385624999997259
tag.txt,0.011393749999992878,0.010974999999993141,0.012118749999992426,0.025687499999983945,0.021881249999986325,0.026299999999983562,0.04343749999997285,0.03623124999997736,0.0430437499999731,0.18936249999988164,0.1906937499998808,0.20065624999987458,0.3345624999997909,0.34924999999978174,0.3270624999997956,0.22678749999985826,0.21642499999986473,0.20632499999987106,0.07419999999995362,0.07538749999995288,0.07730624999995168,0.029556249999981528,0.03273749999997954,0.03437499999997851,0.026281249999983575,0.030156249999981153,0.03283749999997947,0.03873124999997579,0.036262499999977334,0.03997499999997502
tag.txt,0.013956249999991278,0.011824999999992609,0.013737499999991415,0.031418749999980365,0.023818749999985112,0.030643749999980846,0.04699374999997063,0.036887499999976946,0.046018749999971235,0.17980624999988762,0.18878124999988202,0.19111874999988054,0.30140624999981164,0.32629374999979605,0.3058562499998088,0.22450624999985969,0.2118624999998676,0.19706249999987682,0.08389374999994757,0.08344999999994784,0.08299999999994813,0.036124999999977425,0.03683124999997698,0.041237499999974225,0.035162499999978024,0.03819374999997613,0.042612499999973366,0.046731249999970796,0.04205624999997371,0.04871249999996955
tag.txt,0.014918749999990676,0.015181249999990511,0.016562499999989648,0.03264999999997959,0.02694374999998316,0.03514999999997803,0.04834999999996978,0.041849999999973846,0.0519937499999675,0.18594374999988378,0.1894562499998816,0.18932499999988167,0.2953874999998154,0.30839374999980723,0.2826249999998234,0.21141874999986787,0.2044812499998722,0.1906937499998808,0.08385624999994759,0.08699374999994564,0.08588749999994633,0.04011249999997493,0.04014374999997491,0.046881249999970696,0.03803749999997623,0.04101249999997437,0.04620624999997112,0.04932499999996917,0.04554374999997154,0.05467499999996583
tag.txt,0.014499999999990937,0.015106249999990558,0.01700624999998937,0.03400624999997875,0.027349999999982905,0.036456249999977215,0.04665624999997084,0.040899999999974436,0.05099374999996813,0.17626249999988983,0.18788749999988258,0.1827437499998858,0.3070499999998081,0.30794374999980756,0.2873812499998204,0.22524374999985922,0.21240624999986724,0.1976187499998765,0.08280624999994825,0.08708749999994557,0.08644999999994597,0.03577499999997764,0.0401624999999749,0.04579374999997138,0.03173124999998017,0.03703749999997685,0.04253124999997342,0.04596874999997127,0.04411874999997242,0.05302499999996686
tag.txt,0.01619374999998988,0.01603124999998998,0.017062499999989336,0.03462499999997836,0.027993749999982505,0.034912499999978176,0.05164374999996772,0.04222499999997361,0.05350624999996656,0.18194999999988629,0.19049999999988093,0.1916437499998802,0.28678124999982074,0.3020749999998112,0.2791062499998256,0.2200124999998625,0.21018749999986863,0.1966624999998771,0.086393749999946,0.08964999999994397,0.08863749999994461,0.03786874999997633,0.03926249999997546,0.0454437499999716,0.034806249999978243,0.03681249999997699,0.04099374999997438,0.04972499999996892,0.04526249999997171,0.05203124999996748
tag.txt,0.016012499999989993,0.015606249999990246,0.017324999999989172,0.033524999999979044,0.028249999999982345,0.035868749999977585,0.04881249999996949,0.04156249999997402,0.051143749999968034,0.17527499999989046,0.18789999999988255,0.182393749999886,0.3111999999998055,0.31544999999980283,0.29638749999981473,0.22435624999985979,0.21108749999986806,0.2004562499998747,0.08039374999994975,0.08371249999994768,0.08373749999994766,0.03523124999997798,0.03856874999997589,0.044468749999972204,0.030249999999981094,0.03547499999997783,0.03886249999997571,0.04494374999997191,0.04238749999997351,0.049356249999969154
tag.txt,0.011718749999992676,0.012237499999992352,0.01502499999999061,0.02900624999998187,0.02539374999998413,0.03196874999998002,0.04428749999997232,0.03853749999997591,0.04694374999997066,0.18039374999988725,0.18020624999988738,0.18722499999988299,0.30889374999980695,0.3132374999998042,0.28788749999982005,0.23027499999985607,0.22152499999986155,0.20643124999987097,0.08115624999994928,0.08492499999994692,0.08692499999994567,0.034749999999978284,0.038856249999975716,0.043049999999973096,0.03529999999997794,0.04028124999997482,0.04365624999997272,0.044218749999972363,0.044799999999972,0.050887499999968194
tag.txt,0.01446249999999096,0.012418749999992238,0.014068749999991206,0.034037499999978724,0.025481249999984076,0.03291874999997942,0.048156249999969904,0.03660624999997712,0.04506874999997183,0.18073124999988704,0.18538749999988413,0.18854374999988216,0.2806812499998246,0.3131562499998043,0.2909312499998182,0.21156874999986777,0.21205624999986747,0.2004812499998747,0.08600624999994624,0.08531249999994668,0.08519374999994675,0.043193749999973004,0.04050624999997468,0.043718749999972675,0.04522499999997173,0.043199999999973,0.046443749999970974,0.055937499999965036,0.04587499999997133,0.05263124999996711
tag.txt,0.013506249999991558,0.011674999999992703,0.013331249999991667,0.03083124999998073,0.023656249999985213,0.028731249999982042,0.045787499999971386,0.03714999999997678,0.04530624999997168,0.17980624999988762,0.18423124999988486,0.1910187499998806,0.30373124999981016,0.3290874999997943,0.30808124999980746,0.22926874999985672,0.22217499999986115,0.21140624999986787,0.0825562499999484,0.08209999999994869,0.08247499999994845,0.035081249999978074,0.035593749999977754,0.03801874999997624,0.033368749999979144,0.03470624999997831,0.03689374999997694,0.04606249999997121,0.039624999999975236,0.044737499999972036
tag.txt,0.01572499999999017,0.012424999999992234,0.01459374999999088,0.036281249999977325,0.02492499999998442,0.03203749999997998,0.05066874999996833,0.03878749999997576,0.045449999999971596,0.17572499999989016,0.18679374999988324,0.18764374999988273,0.27323124999982923,0.3106937499998058,0.291256249999818,0.2212562499998617,0.22005624999986245,0.2076812499998702,0.08901249999994437,0.08682499999994574,0.08618124999994614,0.04152499999997405,0.037906249999976306,0.04129999999997419,0.04061249999997462,0.03829374999997607,0.04221874999997361,0.055962499999965026,0.043293749999972944,0.05163749999996772
tag.txt,0.0289624999999819,0.018562499999988397,0.023831249999985104,0.041587499999974006,0.029512499999981553,0.040312499999974806,0.05801249999996374,0.045249999999971716,0.05444999999996597,0.17323749999989171,0.18188124999988634,0.18034374999988728,0.27019999999983113,0.3617249999997739,0.295999999999815,0.18998124999988125,0.19378749999987888,0.2131437499998668,0.08858124999994464,0.06401249999995999,0.07468749999995332,0.04674374999997079,0.034062499999978714,0.03478124999997826,0.038674999999975826,0.025862499999983836,0.02716874999998302,0.06401874999995999,0.04534374999997166,0.05528124999996545
tag.txt,0.03143124999998036,0.01832499999998855,0.027062499999983086,0.04353124999997279,0.03148749999998032,0.04805624999996996,0.0627249999999608,0.048593749999969627,0.054506249999965936,0.16851874999989466,0.17478749999989077,0.16951874999989405,0.24871874999984456,0.34865624999978206,0.2713937499998304,0.18773749999988265,0.204812499999872,0.22181249999986136,0.09494999999994065,0.06756249999995777,0.08135624999994916,0.051399999999967874,0.03428749999997857,0.03617499999997739,0.04123124999997423,0.02503749999998435,0.028693749999982067,0.0697562499999564,0.046449999999970966,0.06142499999996161
tag.txt,0.029849999999981343,0.019099999999988064,0.026187499999983634,0.042187499999973635,0.02937499999998164,0.04390624999997256,0.060212499999962366,0.047481249999970325,0.05529374999996544,0.17387499999989134,0.1835562499998853,0.1780749999998887,0.2695874999998315,0.3595062499997753,0.2867624999998208,0.1862749999998836,0.19384374999987886,0.21198749999986752,0.08666249999994584,0.05973124999996267,0.07254374999995467,0.04766249999997021,0.03404374999997872,0.03656874999997715,0.038581249999975885,0.02683124999998323,0.029043749999981848,0.06510624999995931,0.046531249999970915,0.05963124999996273
tag.txt,0.03233124999997979,0.017593749999989004,0.026437499999983478,0.043112499999973054,0.030806249999980745,0.04758749999997026,0.06358749999996026,0.048487499999969694,0.06113749999996179,0.1741187499998912,0.18974374999988142,0.17620624999988987,0.24967499999984394,0.3431812499997855,0.26391249999983507,0.1817312499998864,0.20139999999987412,0.21390624999986632,0.09497499999994063,0.06801874999995748,0.08200624999994875,0.051499999999967815,0.03347499999997908,0.03813749999997616,0.03997499999997502,0.023649999999985218,0.029781249999981385,0.06899374999995687,0.043643749999972725,0.060887499999961944
tag.txt,0.028981249999981886,0.01932499999998792,0.02478124999998451,0.046793749999970755,0.035449999999977846,0.043618749999972735,0.05366874999996646,0.043287499999972945,0.050806249999968245,0.15593124999990254,0.15351249999990405,0.158362499999901,0.2905249999998184,0.3857249999997589,0.3218374999997988,0.19078749999988076,0.19450624999987842,0.21176874999986764,0.07854374999995091,0.05685624999996446,0.06615624999995866,0.051149999999968034,0.03940624999997537,0.03930624999997543,0.039268749999975455,0.0260749999999837,0.027806249999982623,0.06434999999995979,0.04585624999997134,0.05555624999996528
tag.txt,0.027924999999982547,0.017118749999989302,0.027499999999982812,0.04599374999997125,0.03170624999998018,0.05347499999996658,0.06580624999995888,0.048837499999969475,0.062012499999961244,0.17239999999989225,0.1864062499998835,0.1643124999998973,0.22260624999986087,0.3058999999998088,0.22825624999985733,0.18610624999988368,0.2220812499998612,0.22844374999985723,0.10214374999993615,0.07889999999995069,0.09041874999994348,0.05506874999996558,0.03419999999997862,0.04166249999997396,0.04843749999996973,0.02743749999998285,0.03401249999997874,0.07351249999995406,0.04741249999997037,0.0699062499999563
tag.txt,0.029962499999981275,0.019681249999987698,0.02689374999998319,0.04698749999997063,0.034331249999978546,0.043624999999972734,0.056193749999964876,0.04597499999997127,0.05093124999996817,0.15896249999990064,0.16009374999989995,0.16071874999989955,0.28856874999981963,0.3857687499997589,0.316749999999802,0.1836812499998852,0.18723124999988297,0.206387499999871,0.07812499999995118,0.054331249999966046,0.06371874999996018,0.05324374999996672,0.040968749999974394,0.042168749999973644,0.03923749999997548,0.026043749999983722,0.029156249999981777,0.06503749999995935,0.04557499999997151,0.05964999999996272
tag.txt,0.03225624999997984,0.018506249999988435,0.02824374999998235,0.048774999999969516,0.030962499999980648,0.05131249999996793,0.06595624999995878,0.0497624999999689,0.06423749999995985,0.16456874999989715,0.18564999999988396,0.16651874999989594,0.22051874999986218,0.3145312499998034,0.2333999999998541,0.1898999999998813,0.22083124999986198,0.22517499999985927,0.09916249999993802,0.07430624999995356,0.08712499999994555,0.055706249999965186,0.034724999999978294,0.04205624999997371,0.04673749999997079,0.024424999999984733,0.032968749999979396,0.07641874999995224,0.046299999999971066,0.06896249999995689
tag.txt,0.02406249999998496,0.022356249999986026,0.022537499999985913,0.043368749999972894,0.03605624999997747,0.04249374999997344,0.05017499999996864,0.04571249999997143,0.052849999999966965,0.16958124999989402,0.17292499999989192,0.17396874999989126,0.2164437499998647,0.25094999999984313,0.23005624999985622,0.1689812499998944,0.17916874999988802,0.17196249999989252,0.09267499999994208,0.0897624999999439,0.0907312499999433,0.06174374999996141,0.05506874999996558,0.05923749999996298,0.09511874999994055,0.08282499999994823,0.08388124999994757,0.07784999999995135,0.06517499999995927,0.07228124999995482
tag.txt,0.02372499999998517,0.022937499999985664,0.022118749999986177,0.03996874999997502,0.034568749999978395,0.03990624999997506,0.0516874999999677,0.046106249999971184,0.05305624999996684,0.17289999999989195,0.17650624999988968,0.17879999999988824,0.24344374999984786,0.2721374999998299,0.25889374999983816,0.17589374999989008,0.18568124999988395,0.17933124999988792,0.09154374999994279,0.08786249999994508,0.08707499999994557,0.05614374999996491,0.0500749999999687,0.0535937499999665,0.075193749999953,0.06675624999995827,0.0654437499999591,0.06949999999995657,0.05736874999996414,0.06178124999996139
tag.txt,0.02340624999998537,0.022693749999985816,0.02183749999998635,0.03743124999997661,0.03451249999997843,0.03831874999997605,0.05156249999996777,0.04606249999997121,0.053899999999966315,0.17708124999988933,0.17938749999988787,0.18161874999988648,0.2393374999998504,0.2618812499998363,0.2508499999998432,0.17593124999989004,0.1787124999998883,0.1758187499998901,0.09130624999994294,0.08925624999994422,0.08809999999994493,0.055249999999965466,0.05094374999996816,0.05394999999996628,0.07800624999995125,0.07461874999995337,0.07090624999995568,0.07068749999995581,0.061931249999961295,0.06469999999995957
tag.txt,0.022418749999985988,0.022381249999986013,0.02149999999998656,0.03879999999997575,0.03497499999997814,0.03991874999997505,0.04964374999996897,0.04616249999997115,0.05111874999996805,0.17384999999989134,0.1751749999998905,0.17818124999988863,0.24388124999984756,0.26563124999983395,0.2513374999998429,0.1771374999998893,0.17853124999988843,0.1756749999998902,0.09074374999994328,0.08603749999994623,0.08714374999994554,0.05443124999996598,0.052437499999967226,0.056006249999964994,0.07958124999995027,0.07671874999995205,0.0731312499999543,0.06951249999995655,0.06194999999996128,0.06598749999995876
tag.txt,0.02884999999998197,0.027956249999982526,0.02747499999998283,0.04514374999997178,0.03972499999997517,0.04366874999997271,0.05646249999996471,0.05093749999996816,0.056531249999964665,0.16668124999989584,0.16963749999989397,0.17290624999989193,0.20932499999986917,0.23736249999985165,0.2215937499998615,0.16365624999989772,0.17083124999989324,0.16874374999989453,0.094381249999941,0.09186874999994259,0.09191874999994255,0.06286874999996071,0.056549999999964656,0.05981874999996261,0.08965624999994397,0.08293124999994816,0.07979999999995012,0.08297499999994815,0.07219999999995487,0.07754374999995153
tag.txt,0.02828749999998232,0.027318749999982926,0.026806249999983246,0.044918749999971926,0.03964374999997522,0.04459374999997213,0.055181249999965515,0.05075624999996828,0.056868749999964455,0.16647499999989596,0.1705562499998934,0.17073124999989328,0.21352499999986654,0.23739999999985162,0.22553124999985905,0.16274999999989828,0.1697499999998939,0.16522499999989673,0.09416874999994114,0.09209374999994244,0.09074374999994328,0.06246874999996096,0.05709999999996431,0.06059374999996213,0.09121249999994299,0.08372499999994767,0.08274999999994828,0.08101249999994936,0.07165624999995522,0.07615624999995241
tag.txt,0.02625624999998359,0.02615624999998365,0.02538749999998413,0.04616249999997115,0.04109999999997431,0.045593749999971504,0.05360624999996649,0.049512499999969053,0.054306249999966055,0.1655937499998965,0.16839999999989474,0.16966249999989397,0.20324374999987296,0.22300624999986063,0.2145687499998659,0.16342499999989785,0.1666937499998958,0.16476249999989703,0.09538749999994038,0.09106249999994309,0.09178124999994264,0.06379999999996012,0.06248749999996094,0.062187499999961135,0.09843749999993848,0.0950312499999406,0.09171874999994267,0.08408749999994744,0.07654999999995216,0.08003124999994998
tag.txt,0.02774374999998266,0.02761249999998274,0.025943749999983785,0.04489374999997194,0.0403187499999748,0.04552499999997155,0.05479999999996575,0.0505624999999684,0.055606249999965246,0.16507499999989683,0.16793749999989505,0.16981874999989385,0.21588124999986508,0.23273124999985453,0.22504999999985933,0.16616874999989614,0.16906249999989434,0.16566874999989645,0.09300624999994186,0.09108749999994308,0.09026249999994358,0.06286249999996071,0.05918124999996301,0.06229999999996106,0.09012499999994367,0.08798749999994501,0.08409374999994744,0.07944374999995035,0.07351874999995404,0.07573124999995266
tag.txt,0.01569374999999019,0.014674999999990827,0.02465624999998459,0.030999999999980626,0.030506249999980934,0.04116874999997427,0.04878124999996951,0.045937499999971286,0.061831249999961355,0.19099999999988063,0.17848124999988846,0.18246249999988595,0.3192937499998004,0.33875624999978826,0.2610937499998368,0.21268749999986708,0.23222499999985485,0.19371874999987893,0.07482499999995323,0.0695874999999565,0.08998124999994377,0.036693749999977064,0.02654374999998341,0.048162499999969896,0.02471874999998455,0.020218749999987365,0.03589999999997756,0.04530624999997168,0.04306874999997308,0.06102499999996186
tag.txt,0.014649999999990844,0.015412499999990368,0.022693749999985816,0.03590624999997756,0.03828749999997607,0.04137499999997414,0.045168749999971766,0.03908124999997557,0.05579999999996513,0.17541874999989035,0.15427499999990357,0.17626874999988984,0.3606812499997746,0.380774999999762,0.30456874999980965,0.1958062499998776,0.21364374999986646,0.1847874999998845,0.06456249999995965,0.061849999999961346,0.07505624999995308,0.03828124999997608,0.02977499999998139,0.047643749999970224,0.024812499999984493,0.021006249999986872,0.033637499999978976,0.04471249999997205,0.04589374999997132,0.058168749999963645
tag.txt,0.014381249999991012,0.014268749999991082,0.019787499999987634,0.029624999999981486,0.029224999999981734,0.035431249999977855,0.04854374999996966,0.04822499999996986,0.05778124999996389,0.1907374999998808,0.1779437499998888,0.19203749999987998,0.3337874999997914,0.3431749999997855,0.28934374999981916,0.21060624999986838,0.22907499999985684,0.1961749999998774,0.07209374999995494,0.06524999999995922,0.0820749999999487,0.03347499999997908,0.027881249999982573,0.042437499999973476,0.02393749999998504,0.02167499999998645,0.031812499999980114,0.04281249999997324,0.04328124999997295,0.053118749999966804
tag.txt,0.013093749999991817,0.013518749999991551,0.020024999999987483,0.033618749999978985,0.03539999999997787,0.037974999999976264,0.044468749999972204,0.0417624999999739,0.052681249999967074,0.1766374999998896,0.16099374999989938,0.18071874999988705,0.385599999999759,0.3931562499997543,0.3345562499997909,0.18358749999988525,0.19993749999987503,0.17946874999988782,0.06195624999996128,0.06129374999996169,0.06939374999995662,0.03725624999997672,0.031043749999980597,0.04514374999997178,0.023181249999985512,0.020856249999986965,0.02921874999998174,0.04059999999997462,0.04203749999997373,0.05081874999996824
tag.txt,0.017431249999989105,0.015868749999990082,0.02299374999998563,0.033012499999979364,0.0353624999999779,0.04119374999997425,0.04359374999997275,0.03911874999997555,0.0497562499999689,0.16342499999989785,0.14371874999991016,0.16314374999989803,0.37114999999976805,0.406362499999746,0.32630624999979607,0.20393749999987254,0.20764999999987022,0.1941062499998787,0.0609499999999619,0.05469999999996581,0.06968124999995645,0.03798124999997626,0.03402499999997873,0.04563749999997148,0.023974999999985015,0.02076874999998702,0.03188749999998007,0.04454374999997216,0.042424999999973484,0.05529374999996544
tag.txt,0.014881249999990699,0.01339374999999163,0.022399999999986,0.031668749999980206,0.030456249999980964,0.04181874999997386,0.04869374999996957,0.04666249999997084,0.0598437499999626,0.18920624999988175,0.1761749999998899,0.18289999999988568,0.2970937499998143,0.31844374999980096,0.2532874999998417,0.2284874999998572,0.2531749999998418,0.19788124999987633,0.08401249999994749,0.0700874999999562,0.09581249999994011,0.034481249999978446,0.027124999999983048,0.04705624999997059,0.02508749999998432,0.02028749999998732,0.03770624999997643,0.04638749999997101,0.04419374999997238,0.06129374999996169
tag.txt,0.016537499999989665,0.01588749999999007,0.02113749999998679,0.03304374999997935,0.03579374999997763,0.038074999999976204,0.04291874999997317,0.038681249999975825,0.04958749999996901,0.16716249999989552,0.14803124999990747,0.16842499999989474,0.37819374999976363,0.4067374999997458,0.3407187499997871,0.1995374999998753,0.20325624999987296,0.19393749999987878,0.06061874999996211,0.053793749999966375,0.06759999999995775,0.03746874999997658,0.03514374999997803,0.042931249999973164,0.022462499999985962,0.02033749999998729,0.02769374999998269,0.04205624999997371,0.04233749999997354,0.04989374999996882
tag.txt,0.012787499999992008,0.01204999999999247,0.019656249999987715,0.02844999999998222,0.027674999999982703,0.03762499999997648,0.044924999999971925,0.04437499999997226,0.05715624999996428,0.19503124999987811,0.1838249999998851,0.18791874999988256,0.3188374999998007,0.32969374999979395,0.2724624999998297,0.2318312499998551,0.25096874999984314,0.21098749999986813,0.07477499999995327,0.06571874999995893,0.08891249999994442,0.0307187499999808,0.02603124999998373,0.04156249999997402,0.02153749999998654,0.018387499999988507,0.0300812499999812,0.04110624999997431,0.0412749999999742,0.053637499999966476
tag.txt,0.024793749999984505,0.019656249999987715,0.01964999999998772,0.036612499999977115,0.02913749999998179,0.034131249999978665,0.05526874999996546,0.043874999999972575,0.05429999999996606,0.18041874999988725,0.1771249999998893,0.18762499999988275,0.2625874999998359,0.3292437499997942,0.29304999999981685,0.19270624999987956,0.2126437499998671,0.2179312499998638,0.08903749999994436,0.07769374999995145,0.07916249999995052,0.046631249999970856,0.03496874999997814,0.035681249999977696,0.049624999999968986,0.031418749999980365,0.03041874999998099,0.06231874999996105,0.044237499999972354,0.04804999999996997
tag.txt,0.02471874999998455,0.02033749999998729,0.020806249999986995,0.036193749999977376,0.029093749999981815,0.03667499999997708,0.05634999999996478,0.04648749999997095,0.05701249999996437,0.18261249999988588,0.18043124999988722,0.18585624999988384,0.2636874999998352,0.3173749999998016,0.27963749999982523,0.18956249999988153,0.21172499999986766,0.21365624999986646,0.09127499999994296,0.08268124999994832,0.08445624999994722,0.047299999999970435,0.0363187499999773,0.037974999999976264,0.04701874999997061,0.031018749999980614,0.032674999999979575,0.0612812499999617,0.04453124999997217,0.05124999999996797
tag.txt,0.02469999999998456,0.020274999999987327,0.019449999999987845,0.03532499999997792,0.027643749999982724,0.03433749999997854,0.05513124999996554,0.04428749999997232,0.05606874999996496,0.18156249999988652,0.17944374999988785,0.18746874999988283,0.2698874999998313,0.33047499999979346,0.29193124999981757,0.19158749999988026,0.2105749999998684,0.21674999999986452,0.08808124999994495,0.07684374999995197,0.08038749999994976,0.04690624999997069,0.035074999999978075,0.035099999999978065,0.046293749999971066,0.031206249999980496,0.030668749999980833,0.06052499999996217,0.04417499999997239,0.0478374999999701
tag.txt,0.026131249999983668,0.02139374999998663,0.021649999999986468,0.036799999999977,0.029318749999981675,0.03825624999997609,0.05579999999996513,0.04648124999997095,0.05879374999996325,0.18226249999988609,0.18142499999988662,0.1843437499998848,0.25896874999983815,0.3131249999998043,0.27506874999982805,0.1907187499998808,0.21509374999986555,0.21432499999986604,0.09358124999994151,0.08259374999994838,0.08403124999994747,0.04801874999996999,0.036556249999977156,0.03849374999997594,0.04598749999997126,0.029749999999981406,0.03271874999997955,0.061731249999961414,0.04426249999997234,0.0523187499999673
tag.txt,0.026243749999983596,0.02098749999998688,0.02124374999998672,0.037906249999976306,0.030993749999980627,0.03940624999997537,0.05718124999996426,0.04736874999997039,0.0577624999999639,0.17916249999988804,0.17788749999988882,0.18354999999988528,0.25091249999984316,0.30451874999980966,0.27128749999983043,0.18488124999988445,0.21436249999986604,0.2158249999998651,0.09441874999994099,0.08738749999994538,0.08741249999994537,0.0508749999999682,0.03743124999997661,0.039268749999975455,0.052099999999967436,0.032612499999979616,0.03284999999997947,0.06631874999995856,0.046449999999970966,0.05139374999996788
tag.txt,0.026437499999983478,0.021787499999986384,0.021318749999986675,0.03701249999997687,0.03244999999997972,0.040293749999974815,0.05498749999996563,0.04625624999997109,0.0558312499999651,0.17644999999988972,0.171206249999893,0.17596249999989003,0.26971249999983143,0.31974374999980015,0.28936874999981915,0.19008124999988119,0.21301874999986686,0.21182499999986762,0.09110624999994306,0.08172499999994892,0.08232499999994855,0.04690624999997069,0.03652499999997717,0.039356249999975404,0.04634999999997103,0.03154999999998028,0.03204374999997997,0.0609562499999619,0.04573749999997141,0.051674999999967705
tag.txt,0.02606249999998371,0.021468749999986582,0.021849999999986342,0.0377687499999764,0.030193749999981128,0.03844374999997597,0.05634374999996478,0.04643124999997098,0.05895624999996315,0.17931249999988794,0.17818749999988864,0.1817312499998864,0.25335624999984163,0.3060187499998087,0.26889999999983194,0.18456874999988465,0.21316874999986676,0.21499374999986562,0.09396874999994127,0.08535624999994665,0.08710624999994555,0.050456249999968464,0.03735624999997665,0.03949999999997531,0.052862499999966964,0.03414374999997866,0.034999999999978125,0.06529999999995918,0.0476749999999702,0.05351874999996655
tag.txt,0.02679999999998325,0.02265624999998584,0.022843749999985723,0.03780624999997637,0.0324749999999797,0.04069374999997456,0.05468749999996582,0.04626874999997108,0.05697499999996439,0.1769312499998894,0.17318749999989175,0.17594374999989004,0.27173124999983017,0.3220812499997987,0.2873499999998204,0.19046874999988095,0.20883749999986947,0.20852499999986968,0.08888749999994444,0.08018749999994988,0.08154999999994902,0.047574999999970266,0.03676249999997702,0.03928124999997545,0.044574999999972144,0.03153124999998029,0.033812499999978866,0.06053749999996216,0.04601249999997124,0.05302499999996686
tag.txt,0.012262499999992335,0.0119999999999925,0.017874999999988827,0.02776249999998265,0.026443749999983474,0.03748749999997657,0.039706249999975185,0.03778124999997639,0.04857499999996964,0.18056249999988716,0.17772499999988892,0.16572499999989643,0.30873749999980704,0.3166374999998021,0.2613124999998367,0.22916874999985676,0.23683124999985197,0.22442499999985974,0.086393749999946,0.08330624999994793,0.09450624999994094,0.0366437499999771,0.033881249999978824,0.044899999999971935,0.03694374999997691,0.033881249999978824,0.044249999999972346,0.04181874999997386,0.041512499999974056,0.06094374999996191
tag.txt,0.007737499999995164,0.011324999999992922,0.024837499999984476,0.026956249999983153,0.02897499999998189,0.05147499999996783,0.03195624999998003,0.02983749999998135,0.03916874999997552,0.17328749999989168,0.15812499999990118,0.131237499999918,0.33416249999979114,0.3281499999997949,0.22571874999985891,0.23656874999985214,0.24473124999984705,0.2142687499998661,0.07860624999995088,0.0798374999999501,0.0969437499999394,0.03801874999997624,0.0379187499999763,0.060649999999962095,0.033699999999978934,0.03699374999997688,0.06708749999995807,0.03900624999997562,0.04410624999997243,0.08861249999994461
tag.txt,0.008874999999994453,0.011493749999992817,0.026506249999983432,0.02619374999998363,0.02658749999998338,0.052187499999967385,0.03591249999997755,0.033643749999978975,0.04401249999997249,0.18837499999988228,0.17602499999989,0.142406249999911,0.31073749999980577,0.3144249999998035,0.20984999999986884,0.22868124999985706,0.23514374999985305,0.20233749999987355,0.08541874999994661,0.0841437499999474,0.10090624999993693,0.03774999999997641,0.03813124999997617,0.06138124999996163,0.03708124999997683,0.03709999999997681,0.06981874999995637,0.04097499999997439,0.043306249999972936,0.09059374999994338
tag.txt,0.005918749999996301,0.013281249999991699,0.02457499999998464,0.02279999999998575,0.023556249999985276,0.05335624999996665,0.025149999999984282,0.02324999999998547,0.030856249999980715,0.15898749999990064,0.14476249999990953,0.1195124999999253,0.2965312499998147,0.29918749999981303,0.18426874999988482,0.25931874999983795,0.25518749999984053,0.2012874999998742,0.08002499999994998,0.08094999999994941,0.08804999999994496,0.0484812499999697,0.049524999999969045,0.07497499999995313,0.06540624999995912,0.07173124999995517,0.1233749999999229,0.037381249999976635,0.03856874999997589,0.09974374999993765
tag.txt,0.011906249999992558,0.012456249999992215,0.019706249999987685,0.027062499999983086,0.026406249999983495,0.0374437499999766,0.0359937499999775,0.03427499999997858,0.04266874999997333,0.17212499999989242,0.1629062499998982,0.15379999999990387,0.3386124999997884,0.3531124999997793,0.28396249999982254,0.24163124999984897,0.24390624999984756,0.23609999999985243,0.07613749999995241,0.07299999999995438,0.0868687499999457,0.030324999999981048,0.02846249999998221,0.039999999999975,0.026456249999983465,0.025187499999984257,0.03737499999997664,0.03974999999997516,0.04028749999997482,0.0620749999999612
tag.txt,0.009693749999993942,0.012312499999992305,0.024343749999984784,0.027368749999982893,0.028187499999982383,0.04794374999997004,0.03554999999997778,0.03282499999997948,0.04497499999997189,0.18490624999988442,0.17779999999988888,0.14884999999990697,0.31338749999980414,0.31081874999980574,0.22104999999986183,0.2270499999998581,0.23443124999985349,0.20648124999987094,0.08162499999994899,0.08161874999994899,0.09981249999993762,0.037643749999976474,0.03778124999997639,0.057218749999964236,0.03878124999997576,0.03820624999997612,0.0636812499999602,0.043993749999972506,0.046018749999971235,0.08564374999994648
tag.txt,0.010612499999993367,0.011543749999992785,0.024637499999984602,0.025362499999984148,0.025349999999984156,0.04922499999996923,0.032862499999979464,0.029974999999981267,0.03928124999997545,0.17143749999989286,0.16445624999989722,0.13994999999991253,0.32950624999979405,0.3444437499997847,0.2396937499998502,0.24600624999984624,0.24522499999984673,0.21464374999986585,0.07722499999995174,0.07417499999995364,0.09115624999994303,0.03313749999997929,0.03276874999997952,0.05246874999996721,0.032499999999979684,0.030924999999980673,0.06263124999996085,0.04134999999997416,0.04113749999997429,0.08631249999994606
tag.txt,0.008043749999994973,0.011381249999992887,0.026437499999983478,0.02371249999998518,0.02444999999998472,0.056218749999964866,0.030074999999981204,0.026999999999983124,0.03699374999997688,0.17739999999988912,0.16988124999989382,0.13005624999991872,0.29017499999981866,0.2955749999998153,0.18132499999988666,0.2505437499998434,0.25051249999984343,0.19528749999987793,0.08598749999994626,0.08450624999994719,0.09713749999993929,0.04321874999997299,0.043049999999973096,0.07026874999995608,0.04979374999996888,0.05148749999996782,0.10088749999993694,0.04104999999997434,0.04215624999997365,0.10538749999993413
tag.txt,0.020506249999987184,0.018506249999988435,0.01867499999998833,0.03681249999997699,0.031143749999980534,0.035081249999978074,0.05058124999996839,0.042006249999973745,0.049799999999968876,0.18236249999988602,0.18626874999988358,0.18902499999988187,0.2507312499998433,0.2934374999998166,0.2758124999998276,0.1818937499998863,0.18817499999988238,0.18194374999988627,0.08841249999994474,0.08258124999994838,0.08295624999994815,0.05288749999996695,0.04521249999997174,0.04823749999996985,0.07252499999995467,0.0622374999999611,0.0633562499999604,0.06328749999996044,0.05043124999996848,0.05511249999996556
tag.txt,0.01953749999998779,0.01747499999998908,0.01740624999998912,0.03564374999997772,0.029831249999981355,0.034049999999978715,0.047131249999970544,0.04162499999997398,0.0487937499999695,0.17385624999989133,0.1790499999998881,0.18103124999988685,0.2610124999998369,0.2974374999998141,0.28299374999982313,0.19690624999987694,0.20213124999987367,0.1944187499998785,0.09414374999994116,0.08758124999994527,0.08622499999994611,0.04813749999996991,0.040731249999974545,0.04513124999997179,0.06711874999995805,0.05846874999996346,0.06008749999996244,0.05651249999996468,0.045668749999971454,0.049862499999968835
tag.txt,0.0187187499999883,0.017574999999989016,0.016837499999989475,0.03248749999997969,0.028024999999982484,0.03073749999998079,0.05015624999996865,0.04257499999997339,0.049112499999969306,0.1899249999998813,0.19415624999987866,0.1998437499998751,0.26759374999983276,0.3043124999998098,0.2904937499998184,0.18146874999988657,0.17845624999988846,0.17533124999989042,0.08684999999994572,0.0804937499999497,0.0793437499999504,0.050131249999968666,0.04557499999997151,0.048249999999969845,0.06587499999995883,0.06093749999996191,0.05933749999996291,0.056793749999964505,0.047893749999970064,0.050712499999968304
tag.txt,0.01863749999998835,0.018087499999988696,0.017362499999989147,0.034237499999978604,0.030149999999981157,0.034912499999978176,0.04891249999996943,0.041831249999973855,0.04894374999996941,0.17881874999988823,0.1841562499998849,0.18378124999988513,0.27609999999982743,0.29974999999981267,0.28899374999981936,0.1982437499998761,0.19963124999987522,0.19573749999987766,0.0889499999999444,0.08388124999994757,0.08204999999994872,0.04506874999997183,0.04041874999997474,0.043974999999972515,0.058774999999963266,0.05652499999996467,0.05478124999996576,0.05225624999996734,0.04556874999997152,0.04946249999996909
tag.txt,0.02257499999998589,0.02103749999998685,0.021262499999986712,0.03809999999997619,0.033556249999979026,0.037893749999976314,0.052499999999967184,0.045768749999971395,0.05484999999996572,0.17925624999988796,0.1815999999998865,0.18173749999988642,0.24272499999984828,0.2726187499998296,0.2566062499998396,0.17538124999989038,0.18346249999988534,0.17830624999988856,0.09288124999994195,0.08852499999994468,0.08893124999994442,0.053187499999966754,0.04804374999996997,0.04966249999996896,0.0798312499999501,0.07191874999995505,0.07099999999995563,0.06356249999996028,0.053468749999966585,0.05974999999996266
tag.txt,0.024374999999984766,0.022637499999985853,0.0217562499999864,0.03904999999997559,0.03420624999997862,0.03856874999997589,0.05274999999996703,0.046006249999971244,0.053462499999966585,0.17943749999988784,0.18018124999988738,0.18246874999988597,0.25434374999984105,0.2933062499998167,0.2782374999998261,0.17239374999989227,0.17885624999988822,0.1731312499998918,0.09138749999994288,0.08609999999994619,0.08582499999994636,0.05374999999996641,0.04545624999997159,0.050387499999968506,0.0695999999999565,0.06188749999996132,0.05993124999996254,0.06291249999996068,0.0513624999999679,0.05623124999996486
tag.txt,0.02233749999998604,0.021749999999986405,0.02089374999998694,0.03742499999997661,0.033268749999979204,0.03715624999997678,0.05409999999996619,0.04873124999996954,0.054212499999966114,0.18049374999988718,0.18188124999988634,0.18434999999988477,0.24758124999984527,0.2731249999998293,0.26405624999983496,0.17911249999988804,0.18200624999988624,0.17802499999988874,0.09559374999994025,0.09083749999994323,0.08939999999994412,0.052168749999967394,0.04778124999997014,0.04908124999996932,0.06973124999995642,0.06636874999995852,0.06514374999995928,0.06145624999996159,0.054249999999966096,0.05768124999996395
tag.txt,0.023387499999985382,0.022649999999985845,0.022412499999985992,0.03806249999997621,0.03334999999997915,0.038168749999976145,0.0521562499999674,0.04664999999997085,0.05418124999996614,0.180806249999887,0.18389374999988506,0.18429374999988482,0.23996249999985003,0.26773124999983267,0.24924374999984422,0.17101249999989313,0.17374374999989142,0.1702499999998936,0.09128749999994294,0.08699374999994564,0.08813124999994491,0.056549999999964656,0.049881249999968826,0.05353124999996654,0.07989374999995007,0.07721249999995174,0.07575624999995265,0.0668812499999582,0.057893749999963814,0.06403124999995997
tag.txt,0.019462499999987837,0.017187499999989257,0.01651249999998968,0.035018749999978116,0.02956874999998152,0.03162499999998023,0.04958749999996901,0.041599999999974,0.04846249999996971,0.18581874999988388,0.19207499999987995,0.19880624999987576,0.2708749999998307,0.313599999999804,0.2989312499998132,0.18388124999988506,0.18812499999988241,0.19194374999988004,0.08773124999994517,0.07997499999995002,0.07999999999995,0.05036249999996852,0.04281249999997324,0.043699999999972684,0.059612499999962744,0.0497562499999689,0.043981249999972515,0.057649999999963966,0.04529999999997169,0.046037499999971226
tag.txt,0.01897499999998814,0.016793749999989505,0.0161562499999899,0.034237499999978604,0.030362499999981023,0.03404374999997872,0.0483124999999698,0.04043749999997473,0.045937499999971286,0.17733124999988917,0.18070624999988705,0.18001874999988748,0.2866749999998208,0.32396249999979754,0.3190312499998006,0.20326874999987296,0.20922499999986924,0.21451249999986594,0.08900624999994437,0.08486874999994695,0.08074999999994953,0.042168749999973644,0.035274999999977956,0.034737499999978286,0.04871874999996955,0.039612499999975244,0.03512499999997805,0.05130624999996793,0.038756249999975775,0.039687499999975194
tag.txt,0.018281249999988574,0.016268749999989833,0.015499999999990313,0.03163124999998023,0.02709999999998306,0.02881249999998199,0.05006874999996871,0.04084374999997447,0.04838124999996976,0.19498124999987815,0.19831874999987606,0.20389999999987257,0.2824874999998234,0.3254562499997966,0.31171249999980516,0.18187499999988632,0.1838437499998851,0.18755624999988277,0.08361249999994774,0.07766249999995146,0.07741874999995162,0.04691874999997068,0.040999999999974376,0.04044374999997472,0.055843749999965095,0.046618749999970864,0.04258124999997338,0.05429999999996606,0.0428874999999732,0.04369374999997269
tag.txt,0.0187187499999883,0.01740624999998912,0.016393749999989753,0.033224999999979236,0.029468749999981583,0.03304374999997935,0.04748749999997032,0.04109374999997432,0.04649999999997094,0.17642499999988973,0.17734999999988915,0.17933124999988792,0.30053749999981216,0.3316249999997927,0.3274999999997953,0.20675624999987077,0.21396874999986626,0.2163249999998648,0.08515624999994678,0.07943124999995035,0.07644999999995222,0.04008124999997495,0.03314999999997928,0.034406249999978496,0.043637499999972726,0.03706874999997683,0.032024999999979986,0.047974999999970014,0.03943749999997535,0.03802499999997624
tag.txt,0.021224999999986734,0.01940624999998787,0.018787499999988258,0.033599999999979,0.030406249999980997,0.031587499999980256,0.05129999999996794,0.04461874999997211,0.051193749999968,0.1873437499998829,0.18518124999988425,0.19192499999988005,0.2690749999998318,0.30601249999980873,0.2934187499998166,0.18763124999988273,0.19692499999987692,0.20593124999987128,0.09213124999994242,0.08405624999994746,0.08499374999994688,0.04494374999997191,0.03886249999997571,0.03699374999997688,0.056549999999964656,0.047993749999970005,0.03956874999997527,0.056199999999964875,0.046537499999970915,0.0455999999999715
tag.txt,0.02060624999998712,0.019099999999988064,0.01854374999998841,0.0328062499999795,0.0291187499999818,0.03163124999998023,0.05161874999996774,0.04410624999997243,0.05253124999996717,0.1956874999998777,0.1945749999998784,0.19799374999987626,0.27741874999982663,0.3172499999998017,0.299224999999813,0.177606249999889,0.18373749999988517,0.19133749999988042,0.08596249999994628,0.08113124999994929,0.08314999999994803,0.04552499999997155,0.04033124999997479,0.03835624999997603,0.05714999999996428,0.04674999999997078,0.04180624999997387,0.05561874999996524,0.043899999999972565,0.045424999999971606
tag.txt,0.02059374999998713,0.019724999999987673,0.0188812499999882,0.03288124999997945,0.02998749999998126,0.03108749999998057,0.05304374999996685,0.046181249999971134,0.05255624999996715,0.19547499999987783,0.19207499999987995,0.19799374999987626,0.28149999999982406,0.3147562499998033,0.29996874999981255,0.1825812499998859,0.187181249999883,0.19668124999987707,0.08757499999994527,0.08309374999994806,0.08181249999994887,0.043199999999973,0.038149999999976154,0.037393749999976626,0.050806249999968245,0.044056249999972465,0.03798124999997626,0.052343749999967285,0.044793749999972,0.04564374999997147
tag.txt,0.021237499999986725,0.019974999999987517,0.01891249999998818,0.03278749999997951,0.028693749999982067,0.03163749999998022,0.05284374999996697,0.04563124999997148,0.052268749999967334,0.19635624999987727,0.19683124999987697,0.20117499999987426,0.27828749999982605,0.3131312499998043,0.2965999999998146,0.1761624999998899,0.18163124999988647,0.1881562499998824,0.08364999999994772,0.07980624999995012,0.08025624999994983,0.046456249999970965,0.04121874999997424,0.04117499999997427,0.05484999999996572,0.04615624999997115,0.04241249999997349,0.05736874999996414,0.04692499999997067,0.04740624999997037
tag.txt,0.026181249999983638,0.02465624999998459,0.023606249999985247,0.04084374999997447,0.03726874999997671,0.039106249999975556,0.05873749999996329,0.053049999999966846,0.059106249999963056,0.1868749999998832,0.18994374999988128,0.19209999999987995,0.24708749999984556,0.27801874999982623,0.2702437499998311,0.163231249999898,0.171199999999893,0.16984374999989385,0.08829999999994481,0.08346874999994783,0.08193749999994879,0.056293749999964816,0.05000624999996875,0.05245624999996722,0.06253124999996092,0.05345624999996659,0.05051874999996842,0.0699187499999563,0.058931249999963166,0.061081249999961826
tag.txt,0.02824374999998235,0.027281249999982948,0.02700624999998312,0.044156249999972405,0.0427249999999733,0.04621249999997112,0.05819999999996363,0.0537562499999664,0.05912499999996305,0.16759999999989525,0.16276249999989828,0.16004999999989997,0.25384999999984137,0.2795124999998253,0.26994999999983127,0.19331874999987916,0.20662499999987086,0.21019999999986863,0.09466874999994083,0.0900874999999437,0.09027499999994358,0.04674374999997079,0.04052499999997467,0.04123124999997423,0.05015624999996865,0.042106249999973686,0.03883124999997573,0.06306249999996058,0.05461874999996586,0.0571187499999643
tag.txt,0.02614374999998366,0.025012499999984367,0.023718749999985175,0.03956874999997527,0.03734999999997666,0.03929374999997544,0.0604812499999622,0.054412499999965995,0.0609624999999619,0.1891562499998818,0.19092499999988066,0.19223749999987985,0.2632374999998355,0.29111874999981807,0.28060624999982464,0.16291249999989818,0.16564374999989648,0.1670624999998956,0.08316874999994801,0.08024999999994985,0.07842499999995098,0.053637499999966476,0.0487999999999695,0.051068749999968084,0.0564874999999647,0.04984374999996885,0.04806249999996996,0.06520624999995925,0.0566437499999646,0.0585624999999634
tag.txt,0.02860624999998212,0.027237499999982977,0.02665624999998334,0.043812499999972616,0.04264374999997335,0.045843749999971345,0.05895624999996315,0.0548749999999657,0.05869374999996332,0.17079999999989326,0.16875624999989453,0.16839999999989474,0.25437499999984103,0.27555624999982775,0.268781249999832,0.1955062499998778,0.2062624999998711,0.20521874999987175,0.08938749999994414,0.08549999999994656,0.08563124999994648,0.04737499999997039,0.04136874999997414,0.04299374999997313,0.0475249999999703,0.04164999999997397,0.03963124999997523,0.06365624999996021,0.05614999999996491,0.058149999999963654
tag.txt,0.023481249999985323,0.021337499999986662,0.020937499999986914,0.039524999999975295,0.0337624999999789,0.03800624999997625,0.056274999999964825,0.04882499999996948,0.054662499999965836,0.18406874999988496,0.18956874999988152,0.188787499999882,0.23678749999985202,0.2787812499998258,0.26745624999983286,0.18839999999988224,0.20168749999987395,0.20630624999987104,0.09848124999993844,0.0876812499999452,0.08605624999994621,0.05150624999996781,0.04138749999997413,0.04229999999997356,0.05410624999996618,0.04279999999997325,0.04018124999997489,0.0673687499999579,0.05416874999996615,0.05530624999996543
tag.txt,0.023787499999985133,0.02141874999998661,0.021249999999986717,0.04017499999997489,0.033793749999978875,0.037818749999976364,0.0577562499999639,0.04973124999996892,0.05854374999996341,0.18787499999988258,0.19768749999987645,0.19438124999987852,0.23531249999985293,0.27655624999982714,0.25981249999983763,0.18133749999988666,0.19146874999988034,0.1976187499998765,0.09615624999993991,0.08594999999994628,0.08758124999994527,0.05186874999996758,0.04298749999997313,0.04376874999997264,0.056874999999964454,0.045424999999971606,0.042793749999973256,0.06885624999995696,0.054981249999965634,0.05643124999996473
tag.txt,0.023224999999985483,0.020787499999987007,0.020924999999986923,0.03766874999997646,0.03217499999997989,0.03566249999997771,0.056631249999964606,0.04906249999996934,0.055749999999965154,0.18826874999988233,0.19758749999987651,0.1962812499998773,0.2517124999998427,0.2856562499998215,0.27306249999982934,0.18637499999988352,0.19658124999987714,0.1993499999998754,0.09338124999994164,0.08394999999994752,0.08488124999994695,0.04894374999996941,0.040374999999974764,0.04136874999997414,0.05044374999996847,0.04171874999997392,0.038924999999975674,0.06334999999996041,0.052106249999967436,0.053793749999966375
tag.txt,0.023568749999985268,0.020437499999987226,0.020281249999987323,0.03890624999997568,0.03263124999997961,0.03650624999997718,0.05624999999996484,0.04854999999996966,0.05642499999996473,0.19015624999988115,0.20182499999987386,0.20344374999987286,0.24005624999984995,0.2797249999998252,0.26475624999983455,0.17977499999988764,0.18331874999988543,0.18360624999988526,0.09293749999994191,0.0859187499999463,0.08498124999994688,0.05161249999996774,0.045093749999971816,0.04706874999997058,0.05804999999996372,0.04799999999997,0.04574374999997141,0.06868749999995707,0.05449999999996594,0.05718749999996426
tag.txt,0.022406249999985996,0.02039999999998725,0.020562499999987147,0.0372749999999767,0.03164999999998022,0.03503124999997811,0.05288749999996695,0.04451874999997218,0.052106249999967436,0.1843312499998848,0.19113749999988053,0.19142499999988036,0.24203124999984874,0.28118749999982423,0.2670437499998331,0.1705499999998934,0.17281249999989198,0.16734999999989542,0.08908749999994432,0.08460624999994712,0.08243124999994848,0.05580624999996512,0.04856249999996965,0.053699999999966434,0.08049999999994968,0.07253124999995467,0.07136249999995539,0.0651249999999593,0.05259374999996713,0.05898749999996313
tag.txt,0.0231999999999855,0.02179374999998638,0.02139374999998663,0.0379249999999763,0.035006249999978124,0.039362499999975396,0.05237499999996727,0.045237499999971724,0.05084999999996822,0.1761562499998899,0.17814999999988865,0.17769374999988893,0.2634999999998353,0.2937062499998164,0.28104999999982433,0.17985624999988759,0.18373124999988516,0.17885624999988822,0.08775624999994515,0.08489999999994693,0.08318124999994801,0.05044374999996847,0.045506249999971556,0.04914999999996928,0.06971249999995643,0.06248124999996095,0.0628874999999607,0.05907499999996308,0.04948749999996907,0.05557499999996526
tag.txt,0.0215999999999865,0.020387499999987256,0.02033749999998729,0.034749999999978284,0.030999999999980626,0.034068749999978706,0.05271874999996705,0.045093749999971816,0.05347499999996658,0.18808124999988246,0.1916562499998802,0.19121874999988048,0.2621999999998361,0.294387499999816,0.278462499999826,0.17028749999989357,0.16839999999989474,0.16781249999989512,0.08606249999994621,0.08188124999994882,0.08058124999994963,0.05263124999996711,0.04802499999996999,0.051062499999968085,0.07292499999995442,0.06874374999995704,0.06757499999995777,0.058743749999963284,0.05042499999996848,0.05540624999996537
tag.txt,0.02348749999998532,0.02291249999998568,0.022399999999986,0.03723124999997673,0.035437499999977855,0.03865624999997584,0.05036874999996852,0.04574374999997141,0.051831249999967605,0.17666874999988957,0.17601874999988998,0.17698124999988937,0.26855624999983213,0.2899562499998188,0.2769249999998269,0.1864374999998835,0.1860562499998837,0.18251249999988592,0.08859999999994463,0.08469999999994707,0.08490624999994693,0.0478374999999701,0.04392499999997255,0.04737499999997039,0.06420624999995987,0.06303124999996061,0.06143124999996161,0.05660624999996462,0.05221874999996736,0.05698124999996439
tag.txt,0.02055624999998715,0.01867499999998833,0.018612499999988368,0.036106249999977434,0.03145624999998034,0.03426874999997858,0.04998124999996876,0.04258749999997338,0.049962499999968775,0.17829999999988858,0.179218749999888,0.18518749999988426,0.25434374999984105,0.2950562499998156,0.27793124999982627,0.19001249999988123,0.19783124999987636,0.19354999999987904,0.09370624999994143,0.08619374999994613,0.08486249999994697,0.049031249999969356,0.041849999999973846,0.04599999999997125,0.06836249999995728,0.05849374999996344,0.05741874999996411,0.05959999999996275,0.0486374999999696,0.05220624999996737
tag.txt,0.01953749999998779,0.01723124999998923,0.01723124999998923,0.03469374999997832,0.02875624999998203,0.03221249999997987,0.05033749999996854,0.04094374999997441,0.049699999999968936,0.1891437499998818,0.19320624999987923,0.1955249999998778,0.26037499999983726,0.3070124999998081,0.28785624999982007,0.1766062499998896,0.18158749999988652,0.17914999999988804,0.08876249999994452,0.08282499999994823,0.08300624999994811,0.05113124999996804,0.04299999999997312,0.046356249999971025,0.06941249999995662,0.05932499999996292,0.058412499999963494,0.0599999999999625,0.04611249999997118,0.050549999999968405
tag.txt,0.018774999999988266,0.017893749999988818,0.017387499999989134,0.0342437499999786,0.029993749999981254,0.03332499999997917,0.0510374999999681,0.04360624999997274,0.048324999999969795,0.1860437499998837,0.18997499999988127,0.1950624999998781,0.2642937499998348,0.29821249999981364,0.28523124999982175,0.18621249999988362,0.1862062499998836,0.18361249999988524,0.09011874999994368,0.0824062499999485,0.08151874999994906,0.04746874999997033,0.04258124999997338,0.044487499999972195,0.06516249999995927,0.06118749999996176,0.05942499999996286,0.0566437499999646,0.04793749999997004,0.05162499999996773
tag.txt,0.019512499999987803,0.017981249999988763,0.017781249999988886,0.0340874999999787,0.02916874999998177,0.03299999999997937,0.050218749999968615,0.04217499999997364,0.05004999999996872,0.19234374999987977,0.19699999999987688,0.19770624999987643,0.2692937499998317,0.30733124999980793,0.2893562499998191,0.1774187499998891,0.17700624999988937,0.1768249999998895,0.08644374999994597,0.07925624999995047,0.08021874999994986,0.05068749999996832,0.04540624999997162,0.04725624999997047,0.0628749999999607,0.057399999999964126,0.057462499999964084,0.0571187499999643,0.04727499999997045,0.05034374999996853
tag.txt,0.016518749999989677,0.012818749999991988,0.013224999999991735,0.03116874999998052,0.025662499999983962,0.029031249999981856,0.050312499999968556,0.03873124999997579,0.04715624999997053,0.1972562499998767,0.19900624999987562,0.20788749999987008,0.2820624999998237,0.33750624999978907,0.31428749999980354,0.19190624999988007,0.20545624999987158,0.19990624999987505,0.08569999999994644,0.07603749999995248,0.07518124999995301,0.0451249999999718,0.035337499999977914,0.037718749999976424,0.04622499999997111,0.03179374999998013,0.034549999999978404,0.053724999999966425,0.037649999999976466,0.04105624999997434
tag.txt,0.01748749999998907,0.013768749999991394,0.013099999999991813,0.03369374999997894,0.026762499999983272,0.03350624999997906,0.0484749999999697,0.03784999999997635,0.04434374999997229,0.1788937499998882,0.18132499999988666,0.18289999999988568,0.29271874999981706,0.35108749999978056,0.3372812499997892,0.20072499999987456,0.219231249999863,0.21481874999986575,0.08674374999994579,0.07293749999995441,0.07384374999995384,0.043293749999972944,0.03194999999998003,0.034487499999978445,0.04436249999997227,0.028712499999982054,0.028106249999982433,0.05360624999996649,0.036374999999977266,0.03761249999997649
tag.txt,0.016324999999989796,0.011268749999992956,0.010906249999993184,0.030106249999981183,0.02134374999998666,0.0241562499999849,0.049874999999968826,0.034393749999978504,0.043699999999972684,0.19915624999987552,0.20923749999986924,0.22323749999986048,0.2737312499998289,0.347262499999783,0.32088124999979944,0.17400624999989125,0.17548749999989033,0.17730624999988917,0.08487499999994695,0.07564999999995271,0.07613124999995242,0.05068749999996832,0.04061249999997462,0.04180624999997387,0.06253124999996092,0.046531249999970915,0.04220624999997362,0.05870624999996331,0.03821249999997612,0.03966874999997521
tag.txt,0.018356249999988528,0.014093749999991191,0.013693749999991442,0.03189999999998006,0.025756249999983903,0.032324999999979794,0.04823749999996985,0.03882499999997573,0.04614374999997116,0.17818124999988863,0.183987499999885,0.1816249999998865,0.2868124999998207,0.339174999999788,0.32904374999979435,0.21426249999986607,0.225599999999859,0.22829374999985733,0.08746874999994533,0.07400624999995374,0.07147499999995532,0.04190624999997381,0.03143749999998035,0.03258124999997963,0.041587499999974006,0.03068749999998082,0.02713749999998304,0.05128749999996794,0.03643124999997723,0.03768124999997645
tag.txt,0.020449999999987218,0.016887499999989446,0.01603124999998998,0.03368124999997895,0.027899999999982564,0.030249999999981094,0.05409999999996619,0.0427187499999733,0.05117499999996802,0.19065624999988084,0.18648749999988345,0.1977437499998764,0.2723437499998298,0.33749374999978904,0.3075124999998078,0.1908437499998807,0.2065499999998709,0.21297499999986688,0.08921874999994424,0.07706249999995184,0.07879374999995076,0.04409374999997244,0.03349999999997906,0.03331874999997918,0.04876874999996952,0.03256249999997965,0.031049999999980593,0.055843749999965095,0.038837499999975725,0.041149999999974284
tag.txt,0.018618749999988363,0.01556874999999027,0.015112499999990555,0.03043124999998098,0.025093749999984316,0.028168749999982395,0.051756249999967655,0.04066874999997458,0.052418749999967235,0.20261874999987337,0.20314374999987303,0.20807499999986995,0.28181874999982387,0.3395124999997878,0.30778749999980765,0.17640624999988974,0.18496874999988439,0.1921312499998799,0.08534374999994666,0.07416874999995364,0.07730624999995168,0.045768749999971395,0.036806249999976996,0.038162499999976146,0.05255624999996715,0.03943749999997535,0.036881249999976946,0.05468124999996583,0.040631249999974604,0.043956249999972524
tag.txt,0.019381249999987887,0.016293749999989816,0.015874999999990078,0.03172499999998017,0.02606249999998371,0.029093749999981815,0.05144999999996784,0.04222499999997361,0.052006249999967495,0.19879374999987576,0.1969749999998769,0.206406249999871,0.28902499999981934,0.3449062499997844,0.31174374999980514,0.18676249999988329,0.1948499999998782,0.20184999999987385,0.0823937499999485,0.07288124999995445,0.07479374999995325,0.042243749999973594,0.03358749999997901,0.035931249999977544,0.04564999999997147,0.03323124999997923,0.03143124999998036,0.05257499999996714,0.03898749999997563,0.04086874999997446
tag.txt,0.020074999999987454,0.017031249999989357,0.01671874999998955,0.03060624999998087,0.026262499999983587,0.029493749999981566,0.050743749999968286,0.042181249999973636,0.054074999999966206,0.20501249999987187,0.20564374999987148,0.20803124999986997,0.29096874999981814,0.3384749999997885,0.3093437499998067,0.17429999999989107,0.18124999999988672,0.18359999999988524,0.08069374999994956,0.07096874999995564,0.07379999999995387,0.04585624999997134,0.03889374999997569,0.041318749999974175,0.04887499999996945,0.0380812499999762,0.037987499999976256,0.052868749999966956,0.04121249999997424,0.04563124999997148
tag.txt,0.02209374999998619,0.01865624999998834,0.018537499999988414,0.04010624999997493,0.03142499999998036,0.036124999999977425,0.0503999999999685,0.04118124999997426,0.050199999999968624,0.17260624999989213,0.18250624999988593,0.18468124999988458,0.22373749999986017,0.27654999999982716,0.25943749999983784,0.18009374999988745,0.19129999999988043,0.18267499999988582,0.09591874999994005,0.0903937499999435,0.08803124999994498,0.06017499999996239,0.04836874999996977,0.05224999999996734,0.08325624999994796,0.06841249999995724,0.07010624999995618,0.07161249999995524,0.05120624999996799,0.05795624999996378
tag.txt,0.020518749999987176,0.018199999999988625,0.018268749999988582,0.03718749999997676,0.031581249999980264,0.0363187499999773,0.050293749999968565,0.042268749999973584,0.04829374999996982,0.1722937499998923,0.17668749999988956,0.17700624999988937,0.25801874999983876,0.29867499999981334,0.2855687499998215,0.1948874999998782,0.20321249999987298,0.19909999999987557,0.09315624999994178,0.08809999999994493,0.08488749999994695,0.05025624999996859,0.04152499999997405,0.0465624999999709,0.06506874999995933,0.05565624999996521,0.054156249999966155,0.05831874999996355,0.04409374999997244,0.04983749999996885
tag.txt,0.020443749999987222,0.018018749999988738,0.01763124999998898,0.03666249999997709,0.029937499999981288,0.034331249999978546,0.05062499999996836,0.04178124999997389,0.04860624999996962,0.18360624999988526,0.1908562499998807,0.19238124999987977,0.2430437499998481,0.286393749999821,0.27411874999982866,0.17947499999988784,0.1846562499998846,0.17988749999988757,0.09217499999994239,0.08614999999994616,0.08276874999994827,0.055668749999965204,0.0478437499999701,0.050549999999968405,0.07502499999995312,0.06558749999995901,0.06603749999995873,0.06327499999996045,0.048774999999969516,0.05368749999996644
tag.txt,0.02054374999998716,0.01891249999998818,0.018474999999988452,0.03668749999997707,0.0321499999999799,0.03723749999997673,0.04981249999996887,0.04297499999997314,0.04947499999996908,0.17113124999989304,0.17414374999989116,0.1726374999998921,0.2632624999998355,0.2941687499998161,0.2850562499998218,0.1992312499998755,0.20859374999986963,0.20233124999987354,0.09210624999994244,0.08764374999994522,0.08549374999994656,0.048506249999969685,0.041418749999974115,0.04524374999997172,0.06137499999996164,0.054581249999965886,0.05391249999996631,0.05734374999996416,0.045412499999971614,0.050137499999968665
tag.txt,0.0220812499999862,0.019468749999987833,0.019356249999987904,0.040312499999974806,0.032099999999979936,0.03617499999997739,0.052106249999967436,0.043224999999972986,0.05061249999996837,0.172781249999892,0.1783812499998885,0.18281874999988573,0.22356249999986028,0.27459999999982837,0.2568062499998395,0.18414374999988492,0.19464999999987834,0.19238749999987975,0.1006437499999371,0.09430624999994106,0.09164374999994272,0.056199999999964875,0.04574374999997141,0.04898749999996938,0.0782562499999511,0.06563124999995898,0.06554999999995903,0.0699124999999563,0.05189374999996756,0.05566249999996521
tag.txt,0.020924999999986923,0.019337499999987913,0.01881249999998824,0.0364812499999772,0.030549999999980905,0.03506249999997808,0.05196874999996752,0.04299374999997313,0.05180624999996762,0.18456874999988465,0.1876749999998827,0.19029374999988108,0.2548937499998407,0.2982812499998136,0.2817874999998239,0.18005624999988745,0.18679374999988324,0.18121249999988673,0.09030624999994356,0.08521249999994675,0.0841562499999474,0.052443749999967225,0.044074999999972456,0.04758749999997026,0.06765624999995772,0.05750624999996406,0.05762499999996398,0.06069999999996206,0.047574999999970266,0.051656249999967714
tag.txt,0.021249999999986717,0.019593749999987753,0.019124999999988047,0.03563124999997773,0.031124999999980547,0.03349374999997907,0.05317499999996676,0.04573749999997141,0.05283124999996698,0.1865499999998834,0.18713749999988305,0.1921562499998799,0.2601999999998374,0.2995249999998128,0.2827624999998233,0.18678124999988327,0.19109374999988057,0.18974374999988142,0.09461874999994087,0.08961874999994399,0.08792499999994505,0.04741874999997036,0.04044374999997472,0.04334374999997291,0.05779999999996387,0.05036874999996852,0.04965624999996896,0.05657499999996464,0.045356249999971655,0.0489624999999694
tag.txt,0.021174999999986767,0.01971249999998768,0.01900624999998812,0.035193749999978007,0.03034999999998103,0.035018749999978116,0.050893749999968194,0.04394999999997253,0.051156249999968026,0.18833749999988228,0.19117499999988052,0.19369999999987894,0.25875624999983826,0.2944999999998159,0.278462499999826,0.17581249999989013,0.17958749999988777,0.1763187499998898,0.09000624999994375,0.08406874999994746,0.08380624999994762,0.05211874999996743,0.045931249999971294,0.04921249999996924,0.0670312499999581,0.06078749999996201,0.05997499999996252,0.06067499999996208,0.04993749999996879,0.05334374999996666
tag.txt,0.022981249999985638,0.02098749999998688,0.0206374999999871,0.03908124999997557,0.03434374999997854,0.03971874999997518,0.052024999999967486,0.04648124999997095,0.05691874999996443,0.17786874999988883,0.1785499999998884,0.18725624999988297,0.24389999999984757,0.27403749999982874,0.24466874999984708,0.18327499999988545,0.19844374999987596,0.20056249999987466,0.09399999999994126,0.09188749999994257,0.09621249999993986,0.052087499999967445,0.04634999999997103,0.047649999999970216,0.06701249999995812,0.054649999999965844,0.04861249999996962,0.06776874999995765,0.05426874999996608,0.0577624999999639
tag.txt,0.022156249999986152,0.02148749999998657,0.021906249999986308,0.0369562499999769,0.034406249999978496,0.042262499999973585,0.05233749999996729,0.04664374999997085,0.059362499999962896,0.1893062499998817,0.18922499999988174,0.18570624999988394,0.25726874999983923,0.2841874999998224,0.2564874999998397,0.17684374999988947,0.18538749999988413,0.1812812499998867,0.08996249999994377,0.08924374999994422,0.0891187499999443,0.05419374999996613,0.047393749999970376,0.054387499999966005,0.05921249999996299,0.04977499999996889,0.04939374999996913,0.0617624999999614,0.05224999999996734,0.06009374999996244
tag.txt,0.023312499999985428,0.021687499999986447,0.021831249999986355,0.038343749999976036,0.03426249999997859,0.039431249999975354,0.05393749999996629,0.049543749999969036,0.05964374999996272,0.1811249999998868,0.18233749999988605,0.18683124999988324,0.25352499999984157,0.2783249999998261,0.24921874999984422,0.1838374999998851,0.19399374999987876,0.1963249999998773,0.09076249999994328,0.08886874999994446,0.09364374999994148,0.050131249999968666,0.045931249999971294,0.04869374999996957,0.05959999999996275,0.050812499999968244,0.04605624999997122,0.06542499999995911,0.054237499999966104,0.058324999999963545
tag.txt,0.022674999999985828,0.02234999999998603,0.022356249999986026,0.03616874999997739,0.03426249999997859,0.04179999999997387,0.052799999999967,0.04791874999997005,0.05976874999996264,0.19159999999988025,0.19239374999987977,0.18506249999988433,0.2716437499998302,0.292849999999817,0.27016249999983116,0.17495624999989065,0.18204374999988623,0.17722499999988922,0.08582499999994636,0.08270624999994831,0.08409374999994744,0.05181874999996761,0.04744374999997035,0.05301874999996686,0.052874999999966955,0.046099999999971185,0.04692499999997067,0.05963749999996273,0.051931249999967545,0.05958749999996276
tag.txt,0.020312499999987306,0.0182437499999886,0.01829999999998856,0.03427499999997858,0.02876874999998202,0.033624999999978984,0.052181249999967386,0.044481249999972196,0.05428749999996607,0.18739999999988288,0.1907124999998808,0.19446249999987847,0.25834374999983856,0.2954937499998153,0.26732499999983295,0.18279999999988575,0.19496874999987815,0.19885624999987572,0.09273124999994205,0.08806874999994496,0.09299374999994188,0.04984374999996885,0.042756249999973274,0.043818749999972616,0.060643749999962096,0.04787499999997008,0.04392499999997255,0.06146874999996158,0.04863124999996961,0.05240624999996724
tag.txt,0.01958124999998776,0.018281249999988574,0.017924999999988797,0.03419374999997863,0.0300812499999812,0.034312499999978555,0.04792499999997005,0.042931249999973164,0.05356874999996652,0.18380624999988512,0.18430624999988482,0.18518749999988426,0.2740812499998287,0.30330624999981043,0.28234374999982353,0.18486249999988447,0.19556249999987776,0.19909999999987557,0.08851249999994468,0.08598749999994626,0.08717499999994552,0.046881249999970696,0.04182499999997386,0.04386249999997258,0.06083749999996198,0.05036874999996852,0.044581249999972136,0.05931874999996293,0.04734999999997041,0.05194374999996754
tag.txt,0.01987499999998758,0.01843124999998848,0.018437499999988477,0.03241874999997974,0.027724999999982673,0.03263124999997961,0.05093749999996816,0.045612499999971495,0.054649999999965844,0.1916687499998802,0.1945374999998784,0.19798124999987626,0.27198124999983003,0.2995562499998128,0.27271249999982955,0.18402499999988498,0.19539999999987787,0.19813124999987616,0.08738124999994538,0.08569999999994644,0.08981249999994387,0.04872499999996955,0.04136249999997415,0.04325624999997296,0.054149999999966156,0.043706249999972684,0.040999999999974376,0.058837499999963225,0.04796874999997002,0.05138749999996788
tag.txt,0.02011249999998743,0.018724999999988296,0.01832499999998855,0.03323749999997923,0.0294437499999816,0.034249999999978596,0.05004999999996872,0.04526249999997171,0.05418749999996613,0.1833624999998854,0.18393124999988505,0.18766249999988271,0.2865687499998209,0.308787499999807,0.28808124999981993,0.1868874999998832,0.19949374999987532,0.19619374999987738,0.08416874999994739,0.08484374999994697,0.08634999999994603,0.04611249999997118,0.0401562499999749,0.043037499999973104,0.05265624999996709,0.042437499999973476,0.040631249999974604,0.05684374999996447,0.04691874999997068,0.05128124999996795
tag.txt,0.02902499999998186,0.027924999999982547,0.027756249999982652,0.04519999999997175,0.04166249999997396,0.04348749999997282,0.05603124999996498,0.05031874999996855,0.058593749999963377,0.17586874999989008,0.1748874999998907,0.18039374999988725,0.23132499999985542,0.2631562499998355,0.24369999999984768,0.1684499999998947,0.17641874999988974,0.16998749999989377,0.0919874999999425,0.0866999999999458,0.08841874999994474,0.057387499999964134,0.05264999999996709,0.05501249999996562,0.06979999999995637,0.061812499999961364,0.06257499999996088,0.07492499999995317,0.0644687499999597,0.0700749999999562
tag.txt,0.02606249999998371,0.023799999999985125,0.02423749999998485,0.044906249999971934,0.03931874999997543,0.04546249999997159,0.05478749999996576,0.047131249999970544,0.05605624999996497,0.16935624999989415,0.1774437499998891,0.17560624999989025,0.2139312499998663,0.24455624999984715,0.22710624999985807,0.1665437499998959,0.17336249999989164,0.16756249999989528,0.09394374999994129,0.09225624999994234,0.0924812499999422,0.06121249999996174,0.054649999999965844,0.05880624999996325,0.09058124999994338,0.08166874999994896,0.08094374999994941,0.07867499999995083,0.06581249999995886,0.07173749999995517
tag.txt,0.027412499999982867,0.02635624999998353,0.02563124999998398,0.041843749999973846,0.039706249999975185,0.04068124999997457,0.055937499999965036,0.049599999999969,0.05736249999996415,0.1819312499998863,0.18199999999988625,0.18743749999988285,0.24754999999984528,0.2758312499998276,0.2603937499998373,0.1681437499998949,0.17251874999989217,0.17093124999989318,0.08933124999994417,0.08457499999994714,0.08534374999994666,0.055593749999965254,0.05109999999996806,0.05246249999996721,0.06362499999996023,0.057987499999963756,0.0572812499999642,0.06863124999995711,0.0603249999999623,0.06247499999996095
tag.txt,0.024906249999984434,0.024299999999984813,0.024331249999984792,0.039612499999975244,0.036299999999977316,0.04041249999997474,0.05388749999996632,0.04898124999996939,0.05569374999996519,0.18069374999988708,0.18501249999988437,0.18563749999988396,0.23961249999985024,0.25883749999983824,0.24615624999984614,0.171187499999893,0.17353124999989153,0.16849999999989468,0.09203749999994247,0.09101249999994311,0.08908124999994432,0.055193749999965507,0.05325624999996671,0.05537499999996539,0.0742437499999536,0.06874999999995703,0.06985624999995634,0.06862499999995711,0.06001874999996249,0.0649562499999594
tag.txt,0.024649999999984594,0.023068749999985583,0.023206249999985495,0.04171249999997393,0.03737499999997664,0.042868749999973206,0.055768749999965145,0.049943749999968784,0.05734374999996416,0.17677499999988952,0.18083749999988696,0.17962499999988774,0.22371874999986016,0.25353749999984154,0.23789374999985133,0.16553124999989655,0.17146249999989283,0.1665562499998959,0.09427499999994107,0.0919999999999425,0.0904062499999435,0.06138749999996163,0.05505624999996559,0.05939374999996288,0.08338749999994788,0.0748687499999532,0.075199999999953,0.0727937499999545,0.061849999999961346,0.0675062499999578
tag.txt,0.02774374999998266,0.026599999999983377,0.02606249999998371,0.042606249999973374,0.04041249999997474,0.04426249999997234,0.05563124999996523,0.04857499999996964,0.05690624999996444,0.17385624999989133,0.17309374999989183,0.1737374999998914,0.24901874999984436,0.2809499999998244,0.2657687499998339,0.16845624999989472,0.17121874999989298,0.16709999999989555,0.09011874999994368,0.08737499999994539,0.0851312499999468,0.057218749999964236,0.05219374999996738,0.05591249999996505,0.0675187499999578,0.06017499999996239,0.06052499999996217,0.0678312499999576,0.05940624999996287,0.06459374999995963
tag.txt,0.0249624999999844,0.02419374999998488,0.023606249999985247,0.04151874999997405,0.037131249999976794,0.042599999999973374,0.05622499999996486,0.05028124999996857,0.05770624999996393,0.1793812499998879,0.18346249999988534,0.18301249999988561,0.225624999999859,0.25094374999984315,0.2379187499998513,0.16522499999989673,0.16661249999989586,0.16361249999989774,0.09574999999994016,0.09393749999994129,0.09278124999994201,0.06009999999996244,0.056293749999964816,0.05966874999996271,0.0798312499999501,0.07374999999995391,0.07174999999995516,0.07138124999995539,0.06339374999996038,0.06734374999995792
tag.txt,0.02923124999998173,0.029318749999981675,0.02874999999998203,0.0457562499999714,0.04411249999997243,0.047912499999970055,0.05589374999996507,0.050293749999968565,0.0567999999999645,0.1684499999998947,0.16644374999989597,0.16626874999989608,0.2603687499998373,0.2833812499998229,0.2715437499998303,0.16793124999989503,0.16964999999989397,0.1658812499998963,0.08681874999994574,0.08539999999994663,0.08253749999994842,0.057462499999964084,0.05229374999996732,0.05708749999996432,0.06094374999996191,0.056968749999964395,0.05656249999996465,0.06714374999995804,0.06213749999996116,0.06665624999995834
tag.txt,0.02046249999998721,0.011124999999993047,0.01171249999999268,0.032781249999979514,0.020324999999987298,0.023049999999985592,0.04929374999996919,0.032349999999979784,0.03904999999997559,0.1731062499998918,0.16882499999989448,0.18019374999988738,0.3078812499998076,0.42341249999973535,0.3867124999997583,0.20982499999986887,0.21741249999986412,0.22541249999985913,0.0830374999999481,0.055668749999965204,0.05921249999996299,0.039618749999975236,0.024437499999984725,0.02409374999998494,0.033962499999978774,0.018231249999988604,0.019274999999987955,0.05003124999996873,0.028212499999982366,0.03128749999998044
tag.txt,0.018474999999988452,0.009112499999994304,0.010199999999993626,0.030262499999981086,0.0188812499999882,0.023493749999985315,0.04900624999996937,0.031324999999980424,0.03923749999997548,0.17957499999988777,0.1801499999998874,0.19061249999988086,0.28699374999982064,0.3829124999997607,0.34761874999978276,0.20841874999986973,0.2328187499998545,0.23126249999985546,0.08966249999994395,0.06765624999995772,0.07203749999995497,0.04206249999997371,0.025656249999983966,0.027337499999982914,0.042168749999973644,0.022331249999986043,0.02436874999998477,0.053374999999966644,0.029156249999981777,0.03383124999997886
tag.txt,0.01988749999998757,0.011249999999992969,0.01191874999999255,0.031324999999980424,0.01988749999998757,0.022406249999985996,0.050293749999968565,0.03171249999998018,0.03873749999997579,0.17749999999988905,0.17331249999989168,0.18234999999988602,0.3147499999998033,0.4284687499997322,0.39052499999975593,0.2070312499998706,0.2116562499998677,0.2211124999998618,0.08104999999994934,0.053712499999966426,0.05809374999996369,0.03882499999997573,0.02436874999998477,0.0249624999999844,0.03198124999998001,0.018181249999988637,0.018612499999988368,0.0473562499999704,0.027449999999982842,0.03128124999998045
tag.txt,0.01988749999998757,0.010631249999993356,0.011649999999992718,0.032699999999979565,0.01884999999998822,0.02329374999998544,0.0513562499999679,0.033599999999979,0.04203749999997373,0.1806499999998871,0.1851187499998843,0.19268749999987958,0.28666249999982085,0.38270624999976083,0.3468249999997832,0.20788749999987008,0.22988749999985633,0.22956249999985653,0.08878124999994451,0.06563124999995898,0.06961249999995649,0.04186874999997383,0.025093749999984316,0.027412499999982867,0.03768124999997645,0.019643749999987723,0.022724999999985798,0.052524999999967174,0.028837499999981975,0.03419374999997863
tag.txt,0.016981249999989387,0.009093749999994316,0.00988749999999382,0.02919999999998175,0.018437499999988477,0.02273749999998579,0.04869999999996956,0.030993749999980627,0.040006249999975,0.18120624999988674,0.18109999999988682,0.19044374999988098,0.30013124999981244,0.3911062499997556,0.35828124999977606,0.21006874999986871,0.2342124999998536,0.2308999999998557,0.08771874999994518,0.06522499999995923,0.06934374999995666,0.04011249999997493,0.023499999999985314,0.026756249999983276,0.03708749999997682,0.01985624999998759,0.021218749999986738,0.0487937499999695,0.026474999999983453,0.030424999999980985
tag.txt,0.016956249999989403,0.008681249999994574,0.009649999999993969,0.02806874999998246,0.018424999999988485,0.023731249999985167,0.046024999999971235,0.030693749999980816,0.03817499999997614,0.1830312499998856,0.18001874999988748,0.18463124999988462,0.32017499999979987,0.41532499999974043,0.38554999999975903,0.21125624999986797,0.22454374999985965,0.22435624999985979,0.08278749999994826,0.059349999999962905,0.061931249999961295,0.036731249999977046,0.021987499999986258,0.025499999999984063,0.030281249999981073,0.016218749999989863,0.01865624999998834,0.04468749999997207,0.024756249999984527,0.027818749999982614
tag.txt,0.018218749999988612,0.009368749999994144,0.010299999999993563,0.030149999999981157,0.01862499999998836,0.023318749999985424,0.049449999999969095,0.03245624999997972,0.041068749999974334,0.1827062499998858,0.1864249999998835,0.19271249999987955,0.29486249999981573,0.38758124999975774,0.3558249999997776,0.2085999999998696,0.23036874999985602,0.22731249999985792,0.08849374999994469,0.06597499999995876,0.07091874999995568,0.041418749999974115,0.02428749999998482,0.02777499999998264,0.03614999999997741,0.018787499999988258,0.020618749999987113,0.04994999999996878,0.02612499999998367,0.030149999999981157
tag.txt,0.01916874999998802,0.009693749999993942,0.010837499999993226,0.02897499999998189,0.01966249999998771,0.023624999999985234,0.04694374999997066,0.03217499999997989,0.03829374999997607,0.17964374999988772,0.17401874999989123,0.17901874999988812,0.33058749999979337,0.43249374999972967,0.403162499999748,0.2078249999998701,0.21753749999986405,0.21782499999986385,0.0793437499999504,0.053724999999966425,0.057599999999964,0.03640624999997725,0.02141874999998661,0.024231249999984855,0.028012499999982492,0.01540624999999037,0.017443749999989096,0.04309374999997306,0.023868749999985082,0.027962499999982522
tag.txt,0.01251249999999218,0.009606249999993996,0.013749999999991406,0.021206249999986746,0.0177624999999889,0.02841874999998224,0.040724999999974545,0.0340874999999787,0.04967499999996895,0.19313749999987928,0.18393124999988505,0.1748812499998907,0.35941874999977536,0.4078312499997451,0.3451562499997843,0.22346874999986033,0.23542499999985286,0.2433562499998479,0.07321249999995424,0.056181249999964884,0.06689999999995819,0.02502499999998436,0.017831249999988856,0.02284999999998572,0.0201624999999874,0.013493749999991566,0.01862499999998836,0.031131249999980543,0.023849999999985095,0.03638749999997726
tag.txt,0.011499999999992813,0.008962499999994399,0.013612499999991493,0.020106249999987433,0.017112499999989303,0.027362499999982897,0.03863124999997586,0.0316874999999802,0.047731249999970166,0.20040624999987475,0.19061874999988085,0.1838124999998851,0.36601249999977126,0.4119812499997425,0.3419124999997863,0.22181874999986137,0.2307249999998558,0.23892499999985067,0.06904999999995684,0.05489374999996569,0.06778124999995763,0.025093749999984316,0.01806874999998871,0.024462499999984712,0.018343749999988536,0.012937499999991914,0.0182437499999886,0.029037499999981852,0.023012499999985617,0.0361562499999774
tag.txt,0.012406249999992246,0.010068749999993708,0.015531249999990292,0.021431249999986607,0.01886249999998821,0.03059374999998088,0.041406249999974123,0.03469999999997831,0.05015624999996865,0.1947124999998783,0.18503124999988435,0.1734249999998916,0.3609499999997744,0.40279999999974825,0.33562499999979023,0.22256249999986089,0.2366749999998521,0.24252499999984842,0.07118124999995551,0.05597499999996502,0.07009999999995618,0.02521874999998424,0.017943749999988785,0.025018749999984363,0.019018749999988115,0.013299999999991688,0.017968749999988768,0.031112499999980555,0.024643749999984598,0.03905624999997559
tag.txt,0.010562499999993398,0.008724999999994546,0.018093749999988692,0.01944374999998785,0.017268749999989206,0.03398749999997876,0.03793749999997629,0.03219374999997988,0.04914999999996928,0.20136874999987414,0.18821249999988238,0.16956874999989402,0.37932499999976294,0.4182562499997386,0.3254312499997966,0.21809999999986368,0.23240624999985474,0.23623749999985236,0.06483749999995948,0.0516874999999677,0.07294374999995441,0.023756249999985154,0.016268749999989833,0.027537499999982788,0.016937499999989412,0.01179374999999263,0.021356249999986653,0.02773124999998267,0.023187499999985508,0.04569374999997144
tag.txt,0.007881249999995074,0.005249999999996719,0.014418749999990987,0.01798749999998876,0.012893749999991941,0.030643749999980846,0.033368749999979144,0.022199999999986123,0.04186249999997384,0.18631874999988354,0.1737562499998914,0.1678437499998951,0.37140624999976785,0.44119374999972427,0.3294499999997941,0.23124999999985546,0.23438124999985352,0.22727499999985795,0.06891249999995692,0.05385624999996634,0.07469374999995332,0.02689374999998319,0.018824999999988233,0.03315624999997928,0.025081249999984324,0.016424999999989736,0.03187499999998008,0.030899999999980686,0.021218749999986738,0.04878124999996951
tag.txt,0.009949999999993782,0.006306249999996059,0.02073749999998704,0.0252812499999842,0.016174999999989892,0.044218749999972363,0.03497499999997814,0.02324999999998547,0.041481249999974074,0.17821874999988863,0.1740874999998912,0.15643124999990224,0.32138749999979915,0.38297499999976065,0.260781249999837,0.23762499999985148,0.25843749999983845,0.22279999999986075,0.08185624999994884,0.06488749999995945,0.08591249999994631,0.034643749999978345,0.023749999999985155,0.04784999999997009,0.03411874999997867,0.022287499999986072,0.048743749999969534,0.04194374999997379,0.027843749999982598,0.0710437499999556
tag.txt,0.007574999999995265,0.0052062499999967465,0.018156249999988654,0.017837499999988852,0.013287499999991695,0.03860624999997587,0.031031249999980606,0.022743749999985786,0.03733124999997667,0.18439374999988475,0.1709124999998932,0.1582562499999011,0.37969999999976267,0.43898124999972565,0.3137812499998039,0.2342437499998536,0.23989999999985007,0.2166437499998646,0.06699999999995812,0.05229999999996731,0.07290624999995443,0.02625624999998359,0.018662499999988334,0.03906249999997559,0.022881249999985698,0.0163187499999898,0.041812499999973864,0.029081249999981823,0.021687499999986447,0.06344374999996034
tag.txt,0.00825624999999484,0.006118749999996176,0.026781249999983263,0.023449999999985344,0.017837499999988852,0.05848124999996345,0.03176249999998015,0.02279999999998575,0.03529374999997794,0.18083749999988696,0.1715249999998928,0.1363374999999148,0.3289437499997944,0.36902499999976934,0.22157499999986152,0.23941874999985036,0.25689374999983944,0.1953624999998779,0.08044999999994971,0.07049999999995593,0.08451249999994719,0.03419374999997863,0.02790624999998256,0.06248749999996094,0.03416249999997865,0.026712499999983305,0.07675624999995202,0.03852499999997592,0.030681249999980825,0.10241249999993599
tag.txt,0.011431249999992855,0.008649999999994594,0.014406249999990996,0.021262499999986712,0.017481249999989075,0.02859374999998213,0.03956874999997527,0.03136874999998039,0.044306249999972305,0.1843437499998848,0.17189999999989256,0.16586249999989633,0.36796874999977003,0.4258812499997338,0.35194374999978,0.22932499999985667,0.23898749999985064,0.25110624999984305,0.07031874999995605,0.051768749999967646,0.06443124999995974,0.024868749999984455,0.016631249999989606,0.022487499999985946,0.01926249999998796,0.012999999999991876,0.018281249999988574,0.03164999999998022,0.024331249999984792,0.038581249999975885
tag.txt,0.011481249999992824,0.008581249999994637,0.014499999999990937,0.022581249999985887,0.0179187499999888,0.031331249999980416,0.04008749999997494,0.03143124999998036,0.04882499999996948,0.1926437499998796,0.1846562499998846,0.17366874999989146,0.34329999999978544,0.3943499999997535,0.3169937499998019,0.2278312499998576,0.24430624999984732,0.24861874999984462,0.07411874999995367,0.05826874999996358,0.0731312499999543,0.0291187499999818,0.01974374999998766,0.027781249999982636,0.023756249999985154,0.015212499999990492,0.022599999999985874,0.035081249999978074,0.025531249999984042,0.04254999999997341
tag.txt,0.011531249999992792,0.009393749999994129,0.015618749999990238,0.020887499999986944,0.018218749999988612,0.030318749999981052,0.03886874999997571,0.03178749999998013,0.044574999999972144,0.1886687499998821,0.17521874999989048,0.16518124999989675,0.3747687499997658,0.42651874999973344,0.34952499999978154,0.22362499999986024,0.22929999999985667,0.2404562499998497,0.06628124999995857,0.05228749999996732,0.06615624999995866,0.026006249999983747,0.019574999999987765,0.026687499999983322,0.018837499999988225,0.013343749999991661,0.0199999999999875,0.03052499999998092,0.024356249999984775,0.041481249999974074
tag.txt,0.010131249999993668,0.007774999999995141,0.017606249999988995,0.020406249999987247,0.01658749999998963,0.035706249999977686,0.03574374999997766,0.029112499999981806,0.047393749999970376,0.1962937499998773,0.18549374999988408,0.16570624999989644,0.3691187499997693,0.41190624999974257,0.3097812499998064,0.21724999999986422,0.23593749999985253,0.23817499999985114,0.06957499999995652,0.05638124999996476,0.07466249999995334,0.028306249999982307,0.019287499999987946,0.032343749999979785,0.02187499999998633,0.013449999999991594,0.026899999999983187,0.03129999999998044,0.024068749999984956,0.05172499999996767
tag.txt,0.017699999999988936,0.01526249999999046,0.015062499999990585,0.03916249999997552,0.030131249999981166,0.035787499999977636,0.043468749999972835,0.03564999999997772,0.043118749999973054,0.16959374999989402,0.17511874999989055,0.18122499999988673,0.23235624999985477,0.27863124999982586,0.2586874999998383,0.18698124999988314,0.19433124999987855,0.18795624999988253,0.09037499999994351,0.08316249999994803,0.0854437499999466,0.05836874999996352,0.04913749999996929,0.052806249999967,0.09043749999994348,0.0806499999999496,0.07796249999995128,0.07155624999995527,0.0579249999999638,0.06194999999996128
tag.txt,0.017381249999989138,0.0147187499999908,0.015118749999990551,0.03459374999997838,0.02750624999998281,0.033293749999979194,0.04778749999997013,0.039512499999975303,0.047643749999970224,0.1795374999998878,0.1843437499998848,0.1867312499998833,0.25606874999984,0.30137499999981165,0.28404374999982246,0.19525624999987795,0.20948124999986908,0.1993499999998754,0.09463124999994085,0.089606249999944,0.08763124999994523,0.05195624999996753,0.04129374999997419,0.04663749999997085,0.060731249999962045,0.04729374999997044,0.04924374999996922,0.06205624999996121,0.04486874999997196,0.05030624999996856
tag.txt,0.017499999999989062,0.015562499999990273,0.014937499999990665,0.03894999999997566,0.03036874999998102,0.03639999999997725,0.043112499999973054,0.03751249999997656,0.043699999999972684,0.17275624999989203,0.17613749999988992,0.18201249999988625,0.23387499999985384,0.27208124999982997,0.25556874999984025,0.1907187499998808,0.19573124999987768,0.19156249999988026,0.0910437499999431,0.08498124999994688,0.08532499999994667,0.05631249999996481,0.0497562499999689,0.05213749999996741,0.08579374999994638,0.08020624999994987,0.076781249999952,0.06993749999995628,0.05766249999996396,0.061574999999961515
tag.txt,0.017331249999989168,0.01526249999999046,0.015193749999990503,0.03316874999997927,0.026549999999983406,0.031399999999980374,0.04774374999997016,0.03862499999997586,0.045493749999971564,0.17913124999988805,0.1835187499998853,0.18694374999988317,0.2648562499998345,0.3046562499998096,0.29043124999981845,0.19336249999987914,0.20516249999987177,0.19749374999987657,0.09240624999994225,0.0859187499999463,0.0835312499999478,0.05066249999996834,0.042931249999973164,0.046693749999970814,0.06219374999996113,0.05196249999996752,0.053031249999966855,0.05914374999996303,0.045412499999971614,0.049787499999968884
tag.txt,0.01751874999998905,0.015012499999990617,0.01531249999999043,0.044818749999971985,0.034924999999978175,0.04199999999997375,0.03898749999997563,0.0328062499999795,0.03871249999997581,0.16087499999989946,0.16641874999989598,0.17031249999989356,0.21233749999986729,0.254418749999841,0.23525624999985295,0.18594374999988378,0.19556249999987776,0.1899249999998813,0.0921499999999424,0.08469999999994707,0.0860874999999462,0.06163124999996148,0.05563749999996523,0.057218749999964236,0.10268124999993582,0.09226874999994233,0.09467499999994083,0.0830562499999481,0.06824999999995734,0.07049999999995593
tag.txt,0.01694374999998941,0.013481249999991575,0.014312499999991055,0.03749999999997656,0.026887499999983196,0.034737499999978286,0.04502499999997186,0.036949999999976904,0.043799999999972625,0.1710062499998931,0.1795437499998878,0.18096874999988688,0.24538124999984665,0.2934187499998166,0.2750249999998281,0.19703749999987685,0.21426249999986607,0.20213749999987365,0.09400624999994124,0.08810624999994493,0.08903124999994436,0.054981249999965634,0.04358124999997276,0.04829374999996982,0.07125624999995546,0.05604999999996497,0.0574374999999641,0.0668624999999582,0.047718749999970174,0.05425624999996609
tag.txt,0.01688124999998945,0.015656249999990216,0.015418749999990364,0.04583749999997135,0.03573749999997766,0.042781249999973264,0.03845624999997597,0.033631249999978984,0.03851249999997593,0.16026249999989983,0.1644937499998972,0.16873749999989454,0.20751249999987031,0.24180624999984887,0.2283249999998573,0.18773124999988267,0.19344999999987908,0.1897749999998814,0.0921687499999424,0.08574999999994641,0.08602499999994623,0.06253124999996092,0.056881249999964446,0.0587249999999633,0.10623749999993361,0.10140624999993662,0.09923749999993797,0.08238124999994852,0.07118749999995551,0.07246249999995472
tag.txt,0.016324999999989796,0.013799999999991375,0.013718749999991425,0.03441874999997849,0.026818749999983238,0.031249999999980467,0.044799999999972,0.03723749999997673,0.044131249999972415,0.17484374999989072,0.17976874999988765,0.18390624999988506,0.2649687499998344,0.30627499999980856,0.29229374999981733,0.2028749999998732,0.214412499999866,0.20503749999987186,0.0924874999999422,0.08549999999994656,0.08531249999994668,0.05024999999996859,0.04104999999997434,0.043993749999972506,0.05973749999996266,0.049599999999969,0.04988749999996882,0.05929374999996294,0.04553749999997154,0.050468749999968456
tag.txt,0.02154999999998653,0.01636874999998977,0.02273749999998579,0.054149999999966156,0.04211874999997368,0.056774999999964514,0.04292499999997317,0.04101249999997437,0.05094374999996816,0.14819374999990736,0.1641624999998974,0.1550374999999031,0.17052499999989343,0.2036624999998727,0.1731124999998918,0.1832187499998855,0.20309374999987306,0.17480624999989075,0.1081749999999324,0.10748749999993282,0.10802499999993248,0.07259999999995463,0.06222499999996111,0.07261874999995462,0.1004812499999372,0.083218749999948,0.09086249999994321,0.09818124999993863,0.07664999999995209,0.09508124999994057
tag.txt,0.022706249999985807,0.01825624999998859,0.025349999999984156,0.06150624999996156,0.04801874999996999,0.06381249999996012,0.04035624999997478,0.03900624999997562,0.04668124999997082,0.1390437499999131,0.15121874999990548,0.1419062499999113,0.1451124999999093,0.1801562499998874,0.14711874999990804,0.17922499999988797,0.20145624999987408,0.17089374999989318,0.11038749999993101,0.11316249999992928,0.11284999999992947,0.07959999999995025,0.0675187499999578,0.0791937499999505,0.11448749999992844,0.09544374999994035,0.10388124999993507,0.10757499999993277,0.0857624999999464,0.10831249999993231
tag.txt,0.019912499999987555,0.01612499999998992,0.022106249999986182,0.05309374999996681,0.04086874999997446,0.0563249999999648,0.043012499999973114,0.03992499999997505,0.04937499999996914,0.15074374999990578,0.16323749999989798,0.15515624999990302,0.17418749999989114,0.20669999999987082,0.17493749999989067,0.1879749999998825,0.20821249999986988,0.17956874999988776,0.10884999999993197,0.10863749999993211,0.10936874999993164,0.0721499999999549,0.06026874999996233,0.0705624999999559,0.09632499999993979,0.08021249999994987,0.08754999999994528,0.09374999999994141,0.07581249999995261,0.0950499999999406
tag.txt,0.02174374999998641,0.017018749999989362,0.023749999999985155,0.05869999999996331,0.0459187499999713,0.06169374999996144,0.04212499999997367,0.04009374999997494,0.04953749999996904,0.1409624999999119,0.15479999999990324,0.14496874999990939,0.14819374999990736,0.18100624999988688,0.15045624999990598,0.18089374999988694,0.20408749999987244,0.1746999999998908,0.11446874999992845,0.11314999999992928,0.11385624999992884,0.0791812499999505,0.0679937499999575,0.07719999999995175,0.10918749999993176,0.09143749999994286,0.09971874999993767,0.10454374999993465,0.08449374999994719,0.10411874999993492
tag.txt,0.02244374999998597,0.017481249999989075,0.0247999999999845,0.06110624999996181,0.047574999999970266,0.06581874999995886,0.03998124999997501,0.03949374999997532,0.04711249999997055,0.13541249999991536,0.15016874999990615,0.1416374999999115,0.14515624999990928,0.1742374999998911,0.14531874999990918,0.17885624999988822,0.201606249999874,0.16690624999989567,0.11141874999993036,0.11421249999992862,0.110412499999931,0.08020624999994987,0.07026249999995608,0.08113749999994929,0.11684374999992697,0.09664374999993959,0.10728124999993295,0.10857499999993214,0.0883187499999448,0.10957499999993152
tag.txt,0.021156249999986776,0.017349999999989155,0.023574999999985264,0.05171874999996767,0.04256874999997339,0.055449999999965346,0.046537499999970915,0.042362499999973525,0.051162499999968025,0.15838124999990102,0.1690999999998943,0.16104999999989933,0.19292499999987942,0.2273312499998579,0.18806874999988246,0.1832187499998855,0.20124999999987422,0.17676249999988952,0.1052937499999342,0.10455624999993465,0.10524374999993422,0.06849999999995719,0.05639999999996475,0.06932499999995667,0.08618124999994614,0.07033124999995605,0.08063124999994961,0.0860874999999462,0.06874999999995703,0.08873124999994454
tag.txt,0.021318749999986675,0.016631249999989606,0.02225624999998609,0.05894999999996316,0.045412499999971614,0.06296249999996065,0.03941249999997537,0.03854374999997591,0.04744374999997035,0.13771249999991392,0.15281249999990448,0.1443124999999098,0.15126249999990546,0.1836499999998852,0.15464374999990335,0.18884374999988196,0.20728124999987044,0.17651874999988967,0.11246249999992972,0.11436249999992852,0.11106874999993058,0.07854999999995091,0.0670374999999581,0.07815624999995115,0.1100812499999312,0.09108749999994308,0.09901874999993811,0.10140624999993662,0.08318124999994801,0.10361874999993524
tag.txt,0.019193749999988005,0.014324999999991046,0.020018749999987488,0.04793749999997004,0.03524374999997797,0.04945624999996909,0.04664999999997085,0.04036874999997477,0.052362499999967275,0.1622312499998986,0.18237499999988602,0.1673312499998954,0.19127499999988046,0.2294124999998566,0.1939437499998788,0.18645624999988347,0.20283124999987323,0.1822312499998861,0.1070374999999331,0.10515624999993428,0.10814374999993241,0.06633124999995854,0.05640624999996475,0.0657749999999589,0.08715624999994552,0.06923124999995672,0.07716874999995177,0.08573124999994641,0.06464999999995959,0.08356874999994778
tag.txt,0.02718124999998301,0.025906249999983807,0.024868749999984455,0.04263749999997335,0.037812499999976365,0.03943749999997535,0.05478749999996576,0.04862499999996961,0.05531249999996543,0.1673437499998954,0.1657624999998964,0.1732499999998917,0.23370624999985393,0.2663937499998335,0.25177499999984265,0.17939999999988787,0.18931874999988169,0.18517499999988427,0.0929624999999419,0.08856874999994464,0.09009999999994368,0.05508749999996557,0.048856249999969466,0.05145624999996784,0.07430624999995356,0.06614999999995866,0.0633687499999604,0.07258749999995463,0.06260624999996087,0.06525624999995921
tag.txt,0.026243749999983596,0.025962499999983773,0.0249624999999844,0.046181249999971134,0.039112499999975556,0.04343749999997285,0.05409374999996619,0.04888749999996945,0.0563187499999648,0.1676562499998952,0.16854374999989466,0.17179374999989264,0.20599374999987125,0.23789374999985133,0.22259999999986088,0.1670624999998956,0.17553124999989028,0.17292499999989192,0.09604374999993998,0.09275624999994203,0.09316249999994178,0.06333124999996041,0.05767499999996395,0.06033124999996229,0.09218124999994239,0.08378124999994764,0.08114374999994929,0.08121249999994924,0.06985624999995634,0.07332499999995418
tag.txt,0.025399999999984126,0.025156249999984278,0.023824999999985108,0.038587499999975884,0.035587499999977755,0.03719999999997675,0.05481249999996574,0.04929374999996919,0.05526249999996546,0.17438124999989102,0.17181249999989262,0.17836874999988853,0.2452874999998467,0.2732374999998292,0.260793749999837,0.18200624999988624,0.18604999999988373,0.18443749999988474,0.08958124999994402,0.0846312499999471,0.08564999999994646,0.05259374999996713,0.04839374999996975,0.04924999999996922,0.06867499999995708,0.06517499999995927,0.06204999999996122,0.06867499999995708,0.06066249999996209,0.06316249999996053
tag.txt,0.02457499999998464,0.024299999999984813,0.023993749999985003,0.043306249999972936,0.0390437499999756,0.0430437499999731,0.05117499999996802,0.04699999999997063,0.053306249999966686,0.16779999999989512,0.16668124999989584,0.17053124999989341,0.21734999999986415,0.23688749999985195,0.22538124999985915,0.17734374999988917,0.18043749999988723,0.17678749999988952,0.09408749999994119,0.09194999999994254,0.09204999999994247,0.05964999999996272,0.056774999999964514,0.05743124999996411,0.08889999999994444,0.08709999999994557,0.08549374999994656,0.07581249999995261,0.06982499999995635,0.071981249999955
tag.txt,0.02868749999998207,0.027331249999982918,0.02654374999998341,0.044912499999971926,0.0401562499999749,0.0441624999999724,0.05470624999996581,0.04966874999996896,0.056118749999964926,0.16532499999989667,0.16728749999989545,0.1676812499998952,0.2138874999998663,0.2408062499998495,0.23029374999985608,0.1705562499998934,0.18066874999988708,0.1748999999998907,0.09298124999994188,0.09091874999994318,0.09103124999994311,0.05988749999996257,0.054749999999965784,0.05869374999996332,0.08813124999994491,0.07884999999995072,0.07651874999995217,0.08092499999994943,0.06956249999995652,0.07405624999995371
tag.txt,0.02764999999998272,0.026556249999983402,0.025756249999983903,0.04274374999997328,0.03787499999997633,0.04244999999997347,0.054037499999966224,0.04760624999997025,0.055174999999965516,0.1635562499998978,0.16684374999989574,0.1660437499998962,0.23123124999985548,0.26024999999983733,0.24948749999984407,0.1753749999998904,0.18425624999988485,0.1783937499998885,0.0919874999999425,0.08761874999994523,0.08684999999994572,0.05833749999996354,0.05161249999996774,0.054749999999965784,0.08074374999994953,0.0723124999999548,0.07244374999995472,0.07433749999995354,0.06506874999995933,0.06864999999995709
tag.txt,0.02508749999998432,0.02518124999998426,0.024487499999984695,0.04617499999997114,0.03946249999997534,0.04504374999997185,0.05044999999996847,0.046968749999970645,0.051324999999967924,0.16484999999989697,0.16754999999989528,0.16867499999989458,0.20730624999987043,0.2278249999998576,0.2164812499998647,0.16996249999989377,0.17412499999989117,0.17524374999989048,0.09556249999994028,0.09220624999994237,0.09138749999994288,0.06330624999996043,0.06083749999996198,0.06204999999996122,0.09698749999993939,0.09369999999994144,0.08950624999994405,0.0803124999999498,0.0721437499999549,0.07579999999995263
tag.txt,0.027993749999982505,0.02723124999998298,0.026762499999983272,0.04301874999997311,0.03969374999997519,0.04328124999997295,0.052931249999966914,0.04779374999997013,0.05282499999996698,0.16469999999989707,0.16631249999989606,0.16601874999989624,0.24011249999984993,0.2603687499998373,0.2542187499998411,0.179218749999888,0.18554999999988403,0.1828749999998857,0.0907312499999433,0.08730624999994543,0.08637499999994601,0.055762499999965146,0.05238124999996726,0.053724999999966425,0.07375624999995391,0.06819999999995738,0.06761249999995775,0.07177499999995514,0.06516249999995927,0.06630624999995856
tag.txt,0.02174374999998641,0.02059374999998713,0.019412499999987867,0.03899374999997563,0.035237499999977974,0.036362499999977274,0.05127499999996795,0.046474999999970956,0.05246874999996721,0.17267499999989208,0.16874374999989453,0.17925624999988796,0.27094999999983066,0.30605624999980874,0.2917874999998176,0.20759999999987025,0.21718749999986425,0.21466874999986582,0.08903749999994436,0.08040624999994975,0.08093749999994941,0.04284999999997322,0.03674999999997703,0.03778749999997638,0.04599999999997125,0.037906249999976306,0.03638749999997726,0.0588749999999632,0.050643749999968346,0.05093124999996817
tag.txt,0.019249999999987968,0.01804374999998872,0.017624999999988983,0.03288749999997945,0.030487499999980947,0.033562499999979026,0.047731249999970166,0.04240624999997349,0.04806249999996996,0.17850624999988843,0.17686249999988946,0.1811374999998868,0.2995812499998128,0.33126249999979296,0.3147312499998033,0.21253749999986715,0.21434999999986604,0.21788749999986382,0.08423749999994735,0.07795624999995128,0.07752499999995155,0.03812499999997617,0.03358124999997901,0.03449999999997844,0.039012499999975615,0.03308124999997932,0.0316874999999802,0.04813124999996992,0.04196874999997377,0.04328124999997295
tag.txt,0.020868749999986957,0.019031249999988106,0.01820624999998862,0.03585624999997759,0.03374374999997891,0.034237499999978604,0.05066874999996833,0.04393749999997254,0.05073749999996829,0.17851249999988844,0.179199999999888,0.18646874999988344,0.28791874999982003,0.32166874999979894,0.31031249999980604,0.20116874999987427,0.2036687499998727,0.20391249999987254,0.08089374999994944,0.07589999999995256,0.075206249999953,0.04280624999997325,0.03701249999997687,0.03794999999997628,0.0455999999999715,0.0392062499999755,0.03634374999997728,0.055706249999965186,0.046631249999970856,0.046624999999970856
tag.txt,0.01841874999998849,0.016981249999989387,0.016562499999989648,0.030356249999981027,0.02769374999998269,0.02982499999998136,0.04693124999997067,0.04026874999997483,0.046949999999970654,0.18518749999988426,0.18634999999988353,0.19181249999988012,0.2954187499998154,0.3305749999997934,0.3144062499998035,0.2040124999998725,0.20284374999987323,0.2065499999998709,0.08585624999994634,0.0808187499999495,0.07916249999995052,0.04017499999997489,0.03513749999997804,0.03556249999997777,0.044837499999971976,0.03861874999997586,0.03666874999997708,0.0488062499999695,0.040712499999974554,0.042499999999973434
tag.txt,0.02196874999998627,0.021043749999986847,0.02001249999998749,0.03483124999997823,0.03093124999998067,0.033543749999979035,0.050381249999968514,0.045018749999971866,0.05185624999996759,0.1851249999998843,0.1827187499998858,0.18509374999988432,0.2718062499998301,0.30730624999980793,0.29610624999981494,0.20260624999987337,0.2094562499998691,0.21270624999986706,0.08580624999994638,0.07803124999995123,0.07882499999995074,0.04190624999997381,0.036537499999977165,0.03654374999997716,0.04827499999996983,0.04065624999997459,0.0366499999999771,0.05729374999996419,0.04829999999996981,0.048662499999969584
tag.txt,0.020262499999987336,0.018724999999988296,0.01865624999998834,0.03256249999997965,0.028293749999982316,0.03146874999998033,0.05159999999996775,0.04501249999997187,0.05246874999996721,0.1947187499998783,0.19293124999987943,0.19558749999987776,0.27351874999982906,0.31298124999980437,0.29564374999981524,0.19536874999987788,0.20244999999987348,0.20491874999987192,0.08372499999994767,0.07379999999995387,0.07681249999995199,0.04371249999997268,0.03743124999997661,0.037318749999976676,0.05018124999996864,0.04265624999997334,0.03963124999997523,0.05434999999996603,0.04571874999997143,0.04749374999997032
tag.txt,0.022437499999985976,0.021206249999986746,0.0204812499999872,0.03334999999997915,0.030762499999980774,0.03240624999997974,0.05101874999996811,0.046793749999970755,0.05144999999996784,0.19105624999988058,0.1897687499998814,0.19414374999987866,0.2836749999998227,0.3149999999998031,0.30099999999981186,0.19688124999987694,0.2010937499998743,0.2050999999998718,0.07979374999995013,0.07184999999995509,0.07285624999995446,0.041587499999974006,0.037224999999976735,0.03818124999997614,0.04366874999997271,0.03770624999997643,0.03556874999997777,0.056531249999964665,0.048593749999969627,0.04881249999996949
tag.txt,0.02110624999998681,0.020024999999987483,0.019524999999987795,0.032068749999979954,0.02932499999998167,0.03180624999998012,0.05017499999996864,0.046631249999970856,0.052774999999967015,0.19176874999988014,0.18937499999988164,0.1915062499998803,0.2874874999998203,0.31774374999980143,0.30362499999981024,0.20481874999987199,0.20768749999987018,0.21009374999986868,0.08341874999994786,0.07506249999995308,0.07545624999995285,0.039543749999975286,0.03451249999997843,0.03613124999997742,0.0388749999999757,0.034762499999978276,0.03305624999997934,0.05073749999996829,0.04487499999997195,0.046024999999971235
tag.txt,0.017068749999989332,0.016168749999989896,0.015749999999990157,0.03188749999998007,0.02918124999998176,0.03084999999998072,0.04819999999996988,0.04298749999997313,0.049274999999969205,0.20988124999986882,0.2164749999998647,0.21399999999986624,0.2910312499998181,0.3159812499998025,0.3065812499998084,0.16913749999989428,0.16683749999989572,0.16612499999989616,0.0798499999999501,0.07817499999995114,0.07561874999995274,0.05086874999996821,0.04604999999997122,0.04958749999996901,0.04809374999996994,0.04188124999997382,0.04316249999997302,0.053981249999966265,0.046262499999971084,0.04904999999996934
tag.txt,0.019974999999987517,0.01910624999998806,0.018474999999988452,0.0361562499999774,0.034218749999978613,0.03708749999997682,0.048931249999969416,0.045943749999971285,0.050387499999968506,0.17191249999989255,0.17636249999988976,0.17156249999989276,0.3014562499998116,0.3155062499998028,0.3153437499998029,0.22502499999985937,0.2311999999998555,0.2262062499998586,0.08518124999994676,0.08003749999994998,0.07956874999995027,0.03616874999997739,0.031218749999980488,0.032774999999979515,0.028837499999981975,0.025431249999984105,0.02641249999998349,0.046356249999971025,0.04097499999997439,0.042181249999973636
tag.txt,0.016818749999989488,0.01601874999998999,0.01540624999999037,0.02979374999998138,0.02739374999998288,0.028631249999982105,0.04745624999997034,0.04324999999997297,0.04951874999996905,0.21570624999986518,0.22294374999986066,0.22016874999986238,0.30261874999981087,0.3209687499997994,0.3159187499998026,0.16561874999989648,0.16329999999989794,0.16315624999989803,0.08001874999994998,0.07773749999995141,0.0744062499999535,0.04852499999996967,0.045431249999971605,0.0476749999999702,0.044068749999972456,0.03899374999997563,0.03977499999997514,0.04937499999996914,0.043962499999972524,0.04534374999997166
tag.txt,0.02068749999998707,0.020212499999987366,0.019493749999987816,0.03743124999997661,0.03461249999997837,0.038249999999976095,0.04989374999996882,0.04694374999997066,0.05105624999996809,0.1691187499998943,0.174418749999891,0.1660562499998962,0.3027437499998108,0.31641874999980224,0.32204374999979873,0.22789374999985756,0.23204999999985496,0.22690624999985817,0.08453124999994717,0.07972499999995017,0.07803124999995123,0.03608124999997745,0.030712499999980804,0.033293749999979194,0.02663749999998335,0.023562499999985272,0.023474999999985327,0.044981249999971884,0.04134374999997416,0.04139374999997413
tag.txt,0.02051249999998718,0.019293749999987942,0.019074999999988077,0.034231249999978605,0.03073124999998079,0.03240624999997974,0.05191874999996755,0.047462499999970334,0.05315624999996678,0.18712499999988305,0.1923187499998798,0.19203124999987997,0.2739124999998288,0.30265624999981083,0.2909562499998182,0.21233749999986729,0.2153499999998654,0.21323749999986671,0.09001874999994373,0.0806562499999496,0.0819187499999488,0.038674999999975826,0.03366249999997896,0.03548124999997782,0.03660624999997712,0.031237499999980475,0.032437499999979726,0.054662499999965836,0.046631249999970856,0.04929999999996919
tag.txt,0.019387499999987883,0.018406249999988494,0.018024999999988734,0.03203749999997998,0.028724999999982046,0.030699999999980812,0.051193749999968,0.04587499999997133,0.052424999999967234,0.20131874999987417,0.20625624999987108,0.2089562499998694,0.2842749999998223,0.31100624999980564,0.2952499999998155,0.1943874999998785,0.19366249999987897,0.19240624999987974,0.08626874999994608,0.08042499999994973,0.08269999999994831,0.04131249999997418,0.03682499999997699,0.03939374999997538,0.03786249999997634,0.033562499999979026,0.033993749999978756,0.05195624999996753,0.045256249999971715,0.04614999999997116
tag.txt,0.018249999999988595,0.017018749999989362,0.017118749999989302,0.03156249999998027,0.028012499999982492,0.03028749999998107,0.051512499999967806,0.04657499999997089,0.05145624999996784,0.19753124999987653,0.20339999999987288,0.2028812499998732,0.2829749999998231,0.3097687499998064,0.30043124999981224,0.19909374999987556,0.19946249999987534,0.20101874999987437,0.08916249999994427,0.08344374999994784,0.08233749999994854,0.04129374999997419,0.03590624999997756,0.03724999999997672,0.03811874999997618,0.032537499999979666,0.032349999999979784,0.05049999999996844,0.043874999999972575,0.04486874999997196
tag.txt,0.01906874999998808,0.018468749999988456,0.018099999999988688,0.03106874999998058,0.028787499999982008,0.030506249999980934,0.052774999999967015,0.04701874999997061,0.05319999999996675,0.19805624999987623,0.20087499999987446,0.2019249999998738,0.2856062499998215,0.3145437499998034,0.30091249999981196,0.19882499999987574,0.19784999999987635,0.19970624999987518,0.0849624999999469,0.07974999999995015,0.08073749999994954,0.041499999999974065,0.03634374999997728,0.03744999999997659,0.03784374999997635,0.03230624999997981,0.03238124999997976,0.050293749999968565,0.044056249999972465,0.045081249999971824
tag.txt,0.02051249999998718,0.016524999999989673,0.016756249999989526,0.03923749999997548,0.029937499999981288,0.03459999999997838,0.052862499999966964,0.04276874999997327,0.04904999999996934,0.18139374999988664,0.20016874999987488,0.19829374999987606,0.22852499999985718,0.2787499999998258,0.2710124999998306,0.16742499999989535,0.17475624999989078,0.171168749999893,0.09412499999994117,0.09047499999994345,0.08685624999994572,0.062281249999961076,0.05101874999996811,0.054324999999966046,0.07992499999995005,0.06386874999996008,0.06221249999996112,0.07371249999995393,0.05173124999996767,0.05572499999996517
tag.txt,0.02169999999998644,0.018856249999988216,0.01817499999998864,0.039449999999975345,0.03366249999997896,0.039099999999975564,0.0516812499999677,0.04496874999997189,0.05036249999996852,0.1716562499998927,0.17746249999988908,0.1723312499998923,0.25174374999984267,0.29174374999981767,0.2881624999998199,0.1950124999998781,0.21155624999986777,0.21008124999986869,0.09673124999993954,0.09106249999994309,0.08757499999994527,0.05086874999996821,0.040806249999974495,0.04331249999997293,0.05658124999996464,0.04253124999997342,0.041412499999974116,0.06457499999995964,0.04734999999997041,0.04948749999996907
tag.txt,0.020537499999987163,0.01726249999998921,0.017031249999989357,0.036799999999977,0.029224999999981734,0.032774999999979515,0.052268749999967334,0.0428812499999732,0.04882499999996948,0.18586249999988383,0.19960624999987525,0.19811249999987618,0.24414374999984742,0.29126249999981796,0.28614999999982116,0.17716249999988928,0.1796999999998877,0.18057499999988713,0.09396249999994127,0.08851249999994468,0.08384999999994759,0.057399999999964126,0.04817499999996989,0.049524999999969045,0.06668749999995832,0.054899999999965685,0.05294374999996691,0.06517499999995927,0.0484749999999697,0.050212499999968616
tag.txt,0.022037499999986228,0.019556249999987778,0.019331249999987917,0.04001249999997499,0.033812499999978866,0.03846249999997596,0.053012499999966864,0.046299999999971066,0.052518749999967175,0.17061874999989335,0.17942499999988787,0.17516249999989053,0.24289999999984818,0.27528124999982795,0.2697749999998314,0.19912499999987554,0.2126187499998671,0.2116812499998677,0.10009999999993743,0.09669999999993956,0.09219374999994238,0.050556249999968404,0.04154374999997403,0.04392499999997255,0.057993749999963755,0.045274999999971706,0.045093749999971816,0.06364374999996023,0.04948749999996907,0.05185624999996759
tag.txt,0.022981249999985638,0.018981249999988136,0.01911874999998805,0.041837499999973854,0.03128749999998044,0.036006249999977494,0.05502499999996561,0.04428124999997232,0.05069374999996831,0.17176874999989264,0.18802499999988248,0.18902499999988187,0.20840624999986976,0.26424374999983485,0.25169999999984266,0.17673749999988952,0.19516874999987802,0.19389374999987882,0.10583124999993386,0.09689374999993944,0.09460624999994087,0.06128749999996169,0.04633124999997104,0.04937499999996914,0.0774374999999516,0.05926249999996296,0.05768124999996395,0.07868749999995082,0.0555249999999653,0.057899999999963814
tag.txt,0.022787499999985757,0.018899999999988187,0.019199999999988,0.03914374999997554,0.03097499999998064,0.03496874999997814,0.05604999999996497,0.046518749999970924,0.054074999999966206,0.18018124999988738,0.18971874999988142,0.19225624999987984,0.22501249999985937,0.2793624999998254,0.26124374999983674,0.18134999999988666,0.19587499999987756,0.19761249999987648,0.10279374999993575,0.09586249999994008,0.09497499999994063,0.05555624999996528,0.04418124999997239,0.04453124999997217,0.06710624999995805,0.049356249999969154,0.04897499999996939,0.07001874999995623,0.04924999999996922,0.0521624999999674
tag.txt,0.021493749999986565,0.018406249999988494,0.01833749999998854,0.037218749999976736,0.030118749999981174,0.033012499999979364,0.05377499999996639,0.044224999999972356,0.05033749999996854,0.18395624999988502,0.1960124999998775,0.19576249999987766,0.23753749999985155,0.2838749999998226,0.27549374999982784,0.18538749999988413,0.19170624999988017,0.19398749999987874,0.09813749999993866,0.0923249999999423,0.08938749999994414,0.05353124999996654,0.043631249999972734,0.04391249999997256,0.061831249999961355,0.04931249999996918,0.04748749999997032,0.06713124999995804,0.050387499999968506,0.052281249999967326
tag.txt,0.0220812499999862,0.019718749999987677,0.018874999999988203,0.035681249999977696,0.030612499999980867,0.033362499999979145,0.054837499999965726,0.04646874999997096,0.054662499999965836,0.19078124999988075,0.19966874999987522,0.2022562499998736,0.24421249999984737,0.28453749999982214,0.27017499999983113,0.18060624999988711,0.1861124999998837,0.1863937499998835,0.09799374999993875,0.09017499999994363,0.0902374999999436,0.051493749999967815,0.044562499999972145,0.04601249999997124,0.057606249999964,0.04734374999997041,0.045424999999971606,0.06470624999995955,0.05079999999996825,0.052599999999967124
tag.txt,0.014749999999990781,0.014368749999991019,0.017074999999989328,0.03374999999997891,0.02778749999998263,0.036124999999977425,0.05298749999996688,0.041737499999973914,0.05623124999996486,0.21510624999986555,0.21721249999986425,0.2065624999998709,0.2595062499998378,0.2861062499998212,0.2531687499998418,0.16115624999989928,0.16571874999989641,0.16085624999989948,0.08899999999994437,0.08873749999994454,0.0876687499999452,0.05417499999996614,0.05166249999996771,0.0566437499999646,0.05981249999996262,0.05498749999996563,0.06121249999996174,0.05975624999996265,0.0516812499999677,0.06445624999995972
tag.txt,0.019462499999987837,0.01788749999998882,0.019543749999987786,0.04700624999997062,0.03563124999997773,0.044399999999972246,0.05207499999996745,0.04452499999997217,0.053368749999966644,0.15529999999990293,0.1721437499998924,0.16762499999989525,0.2556062499998402,0.2693437499998317,0.2529312499998419,0.2275437499998578,0.23014999999985616,0.21963124999986272,0.09774374999993891,0.09888749999993819,0.09881874999993824,0.04274999999997328,0.03971874999997518,0.044231249999972355,0.0407937499999745,0.038074999999976204,0.0411124999999743,0.06171874999996142,0.053637499999966476,0.05833749999996354
tag.txt,0.017656249999988965,0.016756249999989526,0.01814374999998866,0.04001249999997499,0.031931249999980045,0.040118749999974924,0.05531874999996542,0.04444374999997222,0.054231249999966105,0.18843124999988223,0.20044999999987473,0.18802499999988248,0.25740624999983913,0.2740187499998287,0.26664999999983335,0.1814374999998866,0.1879812499998825,0.17912499999988804,0.08881874999994449,0.0899062499999438,0.08638749999994601,0.053549999999966534,0.05059999999996837,0.05479999999996575,0.053212499999966745,0.04844374999996972,0.051256249999967966,0.0641562499999599,0.05546874999996533,0.06126249999996171
tag.txt,0.019424999999987858,0.01768124999998895,0.017893749999988818,0.046968749999970645,0.033962499999978774,0.04342499999997286,0.05526874999996546,0.04685624999997071,0.05305624999996684,0.1638249999998976,0.1891312499998818,0.1739437499998913,0.2825499999998234,0.29447499999981597,0.29351249999981655,0.1987249999998758,0.19544374999987785,0.19138124999988038,0.08573749999994641,0.08918749999994426,0.08161249999994899,0.04836249999996977,0.045506249999971556,0.0502437499999686,0.0409499999999744,0.03759374999997651,0.040731249999974545,0.05818749999996363,0.05016249999996865,0.05419999999996612
tag.txt,0.018562499999988397,0.017599999999989,0.020118749999987424,0.04301874999997311,0.03485624999997822,0.04301874999997311,0.05634374999996478,0.045962499999971276,0.05444374999996597,0.1796812499998877,0.18471874999988455,0.18076249999988703,0.23163749999985522,0.2507437499998433,0.23751249999985155,0.20068749999987456,0.20801874999987,0.198406249999876,0.1009562499999369,0.10057499999993715,0.09978749999993763,0.049881249999968826,0.04749999999997031,0.05076249999996827,0.051149999999968034,0.0478374999999701,0.049287499999969196,0.06808124999995745,0.062187499999961135,0.06589999999995881
tag.txt,0.019462499999987837,0.01828749999998857,0.02139374999998663,0.04505624999997184,0.03470624999997831,0.044481249999972196,0.05724999999996422,0.0476812499999702,0.05881874999996324,0.18005624999988745,0.18781249999988262,0.17962499999988774,0.2257624999998589,0.24170624999984894,0.22199374999986124,0.19572499999987766,0.20054999999987466,0.19366249999987897,0.09930624999993794,0.10404374999993497,0.1027312499999358,0.053874999999966325,0.051074999999968076,0.0545562499999659,0.053268749999966704,0.05092499999996817,0.052862499999966964,0.0702374999999561,0.0632124999999605,0.06987499999995633
tag.txt,0.022356249999986026,0.018224999999988608,0.020293749999987315,0.04521874999997174,0.0353624999999779,0.04145624999997409,0.05427499999996608,0.04691249999997068,0.05513749999996554,0.16309374999989806,0.179199999999888,0.17659374999988964,0.23443749999985347,0.2579374999998388,0.24402499999984748,0.22509374999985932,0.2243437499998598,0.21798749999986375,0.09993749999993753,0.10073124999993704,0.09995624999993753,0.045081249999971824,0.04268749999997332,0.04488749999997194,0.04298749999997313,0.03857499999997589,0.040006249999975,0.0675187499999578,0.056024999999964985,0.05965624999996271
tag.txt,0.015137499999990539,0.014587499999990882,0.016468749999989707,0.03473124999997829,0.027593749999982754,0.03581249999997762,0.05493124999996567,0.044293749999972314,0.055606249999965246,0.20044374999987472,0.2107249999998683,0.20282499999987325,0.26760624999983273,0.2811249999998243,0.2597124999998377,0.17497499999989063,0.17589374999989008,0.17080624999989324,0.08578749999994638,0.08764374999994522,0.08721874999994549,0.053112499999966804,0.05084999999996822,0.05437499999996601,0.054743749999965785,0.055424999999965356,0.057043749999964345,0.05853124999996342,0.05186249999996759,0.060131249999962416
tag.txt,0.02300624999998562,0.014349999999991031,0.020424999999987235,0.03894999999997566,0.028649999999982093,0.04350624999997281,0.057831249999963856,0.04284374999997322,0.05736249999996415,0.1731437499998918,0.18085624999988698,0.17509999999989057,0.23980624999985012,0.31268124999980457,0.25323124999984176,0.2118562499998676,0.25001249999984376,0.23006874999985621,0.10471249999993455,0.0809624999999494,0.0900749999999437,0.04685624999997071,0.027031249999983107,0.038668749999975834,0.0420749999999737,0.025093749999984316,0.03523124999997798,0.0617624999999614,0.03751874999997655,0.05633124999996479
tag.txt,0.024931249999984417,0.012856249999991964,0.021506249999986557,0.03864999999997584,0.027587499999982758,0.04827499999996983,0.061574999999961515,0.03934374999997541,0.06588749999995883,0.18910624999988182,0.21226249999986732,0.19292499999987942,0.24342499999984785,0.33129374999979294,0.23764999999985148,0.16514374999989678,0.18276249999988578,0.16803124999989497,0.0924749999999422,0.0807999999999495,0.08708124999994557,0.05938124999996289,0.03914999999997553,0.055331249999965415,0.05595624999996503,0.03548124999997782,0.05349999999996656,0.06935624999995665,0.03846249999997596,0.06981249999995637
tag.txt,0.026499999999983436,0.014937499999990665,0.022724999999985798,0.04203124999997373,0.028249999999982345,0.04359374999997275,0.06034374999996228,0.044293749999972314,0.05931249999996293,0.1732624999998917,0.18868749999988207,0.17331874999989166,0.2364999999998522,0.3193999999998004,0.25529374999984045,0.19945624999987535,0.2390812499998506,0.22459999999985963,0.10425624999993484,0.07709999999995182,0.08844999999994471,0.05006874999996871,0.028006249999982497,0.04026249999997483,0.04276249999997327,0.023243749999985474,0.03411874999997867,0.06481874999995949,0.03699999999997688,0.058324999999963545
tag.txt,0.020181249999987386,0.010606249999993371,0.01599999999999,0.0315187499999803,0.021881249999986325,0.0355249999999778,0.05314374999996679,0.035787499999977636,0.057737499999963915,0.20024999999987483,0.21826249999986358,0.20668124999987084,0.28168749999982395,0.35946874999977535,0.2838749999998226,0.16858749999989464,0.1731312499998918,0.16889374999989443,0.08556249999994653,0.07401249999995374,0.0791874999999505,0.05309999999996681,0.03784374999997635,0.04701874999997061,0.04941249999996912,0.03546249999997784,0.048668749999969584,0.05655624999996465,0.033543749999979035,0.05641249999996474
tag.txt,0.021587499999986506,0.014093749999991191,0.018774999999988266,0.03332499999997917,0.024662499999984586,0.03546249999997784,0.05708749999996432,0.041837499999973854,0.06103749999996185,0.2014062499998741,0.21516874999986552,0.20089374999987444,0.2649562499998344,0.33064999999979333,0.2714499999998303,0.17260624999989213,0.18310624999988556,0.18781249999988262,0.09224374999994235,0.07861874999995086,0.08282499999994823,0.05129374999996794,0.03768749999997645,0.045174999999971766,0.0475249999999703,0.034724999999978294,0.04105624999997434,0.05796874999996377,0.039449999999975345,0.055512499999965305
tag.txt,0.025112499999984304,0.016043749999989972,0.021299999999986687,0.03674999999997703,0.02897499999998189,0.0422374999999736,0.057574999999964016,0.04420624999997237,0.061143749999961784,0.1774187499998891,0.1796812499998877,0.1667312499998958,0.25879374999983823,0.33237499999979225,0.2750562499998281,0.20748749999987032,0.23739374999985163,0.22539374999985912,0.10099999999993688,0.07656249999995215,0.0843249999999473,0.043124999999973046,0.02589999999998381,0.03554999999997778,0.035849999999977594,0.021949999999986283,0.03318124999997926,0.056887499999964446,0.03691249999997693,0.055081249999965574
tag.txt,0.024681249999984573,0.014931249999990667,0.019156249999988027,0.03726249999997671,0.02451249999998468,0.03590624999997756,0.05869999999996331,0.042518749999973425,0.06379999999996012,0.19201874999988,0.2151999999998655,0.1998124999998751,0.2629937499998356,0.33578124999979014,0.2702312499998311,0.17303124999989186,0.18551249999988406,0.1905749999998809,0.09393124999994129,0.07623124999995236,0.08310624999994806,0.05134999999996791,0.036362499999977274,0.04365624999997272,0.045424999999971606,0.030393749999981005,0.03853124999997592,0.06060624999996212,0.0385562499999759,0.05522499999996548
tag.txt,0.025062499999984337,0.01514999999999053,0.02174374999998641,0.036874999999976954,0.026499999999983436,0.04008124999997495,0.058743749999963284,0.0467249999999708,0.06584374999995884,0.1886249999998821,0.1948624999998782,0.1818937499998863,0.26676874999983324,0.3381249999997887,0.26937499999983167,0.1843249999998848,0.21158749999986776,0.19883749999987574,0.09683124999993949,0.07573749999995266,0.08441249999994724,0.046406249999971,0.030199999999981124,0.041068749999974334,0.038843749999975724,0.024387499999984758,0.037637499999976474,0.05751874999996405,0.03672499999997705,0.059106249999963056
tag.txt,0.02492499999998442,0.020793749999987003,0.020793749999987003,0.04289999999997319,0.03298749999997938,0.038393749999976,0.055418749999965364,0.04566249999997146,0.05306874999996683,0.17288124999989196,0.18808124999988246,0.18466874999988458,0.20300624999987313,0.2574687499998391,0.24804374999984496,0.17079999999989326,0.1892937499998817,0.18679374999988324,0.10427499999993482,0.09829999999993856,0.09632499999993979,0.0625499999999609,0.04894999999996941,0.050812499999968244,0.0817437499999489,0.061499999999961565,0.061062499999961835,0.08149999999994906,0.056962499999964396,0.060037499999962475
tag.txt,0.025306249999984185,0.021099999999986813,0.02103749999998685,0.04274374999997328,0.033993749999978756,0.03784999999997635,0.05795624999996378,0.046118749999971176,0.05639999999996475,0.17234999999989228,0.18423749999988484,0.1854624999998841,0.2059249999998713,0.2643937499998347,0.24901874999984436,0.17867499999988834,0.1995249999998753,0.19523124999987798,0.1075312499999328,0.09891249999993817,0.09867499999993833,0.05905624999996309,0.04420624999997237,0.0476874999999702,0.07286874999995446,0.053299999999966687,0.05164374999996772,0.0775874999999515,0.054212499999966114,0.05699374999996438
tag.txt,0.02462499999998461,0.02140624999998662,0.02142499999998661,0.040374999999974764,0.03297499999997939,0.03699374999997688,0.05641874999996474,0.04798124999997001,0.055081249999965574,0.1738874999998913,0.18581249999988386,0.18272499999988578,0.22058124999986214,0.26478749999983453,0.2566812499998396,0.183999999999885,0.19571874999987768,0.1966062499998771,0.10407499999993496,0.09723749999993922,0.0958562499999401,0.05557499999996526,0.04548749999997157,0.04742499999997036,0.06901874999995686,0.05497499999996564,0.05263124999996711,0.07144374999995534,0.053618749999966485,0.05457499999996589
tag.txt,0.02376249999998515,0.02029999999998731,0.019974999999987517,0.03946249999997534,0.031174999999980517,0.03528124999997795,0.05617499999996489,0.04701874999997061,0.054837499999965726,0.18231249999988605,0.1954999999998778,0.1975812499998765,0.22233749999986105,0.2705812499998309,0.2564624999998397,0.16823124999989486,0.17778749999988888,0.1734249999998916,0.09986249999993758,0.09304999999994185,0.09245624999994222,0.06101874999996186,0.04948749999996907,0.052356249999967276,0.07352499999995404,0.06034374999996228,0.05929999999996294,0.07331249999995418,0.05475624999996578,0.058324999999963545
tag.txt,0.028268749999982332,0.025237499999984227,0.025149999999984282,0.04669999999997081,0.039449999999975345,0.04402499999997248,0.056549999999964656,0.0488062499999695,0.05634374999996478,0.16022499999989986,0.16478124999989702,0.16700624999989563,0.19450624999987842,0.24059374999984962,0.22391249999986004,0.18196249999988628,0.20358124999987276,0.19714374999987677,0.10843124999993223,0.10629374999993356,0.10458124999993464,0.061924999999961296,0.04794999999997003,0.05117499999996802,0.081587499999949,0.0642999999999598,0.06516874999995927,0.0798437499999501,0.05900624999996312,0.06549374999995906
tag.txt,0.02556874999998402,0.02221249999998612,0.021981249999986262,0.04263124999997336,0.035668749999977704,0.04066249999997459,0.05628749999996482,0.04836249999996977,0.05847499999996345,0.1764812499998897,0.18931249999988167,0.19034999999988103,0.21006874999986871,0.25478749999984074,0.23588749999985256,0.16459374999989712,0.1707374999998933,0.16421874999989736,0.09714374999993929,0.09492499999994067,0.09364999999994147,0.06440624999995975,0.05434374999996604,0.059199999999963,0.08444374999994722,0.07171249999995517,0.07139374999995537,0.07837499999995101,0.05793749999996379,0.06418124999995989
tag.txt,0.027981249999982513,0.025749999999983907,0.02574374999998391,0.04493124999997192,0.04058124999997464,0.04345624999997284,0.05761249999996399,0.05059374999996838,0.05752499999996405,0.1710749999998931,0.1732687499998917,0.1782374999998886,0.2193374999998629,0.25815624999983866,0.24168749999984895,0.1795374999998878,0.18907499999988184,0.18753749999988278,0.10257499999993588,0.09853749999993841,0.09756874999993902,0.05554374999996529,0.047637499999970224,0.05034374999996853,0.06889374999995694,0.05784999999996384,0.056881249999964446,0.07251249999995468,0.05854999999996341,0.06101874999996186
tag.txt,0.02756874999998277,0.02577499999998389,0.024506249999984683,0.044331249999972296,0.03782499999997636,0.04325624999997296,0.05753124999996404,0.050118749999968674,0.05991249999996255,0.18104374999988684,0.1894249999998816,0.18989374999988132,0.21508124999986558,0.25524374999984045,0.23704374999985184,0.1619249999998988,0.16839999999989474,0.16396874999989752,0.09430624999994106,0.09062499999994336,0.09021874999994361,0.06398749999996,0.05506874999996558,0.05980624999996262,0.07638749999995226,0.06521874999995923,0.0644812499999597,0.07783749999995135,0.06229999999996106,0.06691249999995819
tag.txt,0.012024999999992484,0.012931249999991918,0.014712499999990804,0.028037499999982476,0.02599999999998375,0.03130624999998043,0.039862499999975085,0.03700624999997687,0.045781249999971386,0.1783624999998885,0.1796937499998877,0.18538124999988415,0.3218999999997988,0.3145749999998034,0.29304999999981685,0.24204999999984872,0.2310249999998556,0.2158187499998651,0.0788749999999507,0.08604374999994623,0.08594999999994628,0.030149999999981157,0.035749999999977654,0.040381249999974764,0.02781249999998262,0.034249999999978596,0.038162499999976146,0.04092499999997442,0.0427249999999733,0.04945624999996909
tag.txt,0.013962499999991274,0.013131249999991794,0.015606249999990246,0.034399999999978496,0.02696249999998315,0.03461249999997837,0.04506874999997183,0.037649999999976466,0.04621249999997112,0.1771187499998893,0.18325624999988546,0.18389999999988507,0.2786749999998258,0.29943749999981284,0.27704374999982684,0.2251124999998593,0.2142249999998661,0.19955624999987528,0.08944999999994409,0.0889499999999444,0.0883312499999448,0.04084374999997447,0.04258749999997338,0.04616874999997114,0.040968749999974394,0.0455999999999715,0.05084999999996822,0.054399999999965996,0.04819999999996988,0.057718749999963924
tag.txt,0.012549999999992156,0.011762499999992649,0.012612499999992118,0.02763124999998273,0.023418749999985364,0.027543749999982783,0.04331249999997293,0.035868749999977585,0.04489374999997194,0.18329374999988543,0.18979999999988137,0.19793749999987628,0.3226499999997983,0.33207499999979245,0.308774999999807,0.233587499999854,0.21943124999986285,0.21053124999986841,0.07833124999995104,0.08091249999994943,0.08292499999994817,0.031131249999980543,0.034649999999978344,0.03743124999997661,0.027881249999982573,0.03309374999997931,0.03425624999997859,0.03963124999997523,0.03898749999997563,0.04309374999997306
tag.txt,0.011668749999992708,0.012374999999992265,0.014074999999991204,0.02843124999998223,0.023256249999985466,0.031418749999980365,0.04034999999997478,0.035074999999978075,0.0420812499999737,0.18248749999988595,0.1833437499998854,0.1859187499998838,0.3162937499998023,0.32691249999979566,0.3062437499998086,0.22171249999986142,0.21211249999986742,0.1961499999998774,0.08052499999994966,0.08034999999994978,0.08042499999994973,0.035687499999977695,0.03826874999997608,0.0438374999999726,0.0376062499999765,0.04412499999997242,0.04700624999997062,0.045237499999971724,0.04418124999997239,0.05284374999996697
tag.txt,0.012274999999992329,0.012393749999992255,0.01526249999999046,0.03171249999998018,0.026643749999983347,0.03581874999997761,0.04531874999997167,0.03800624999997625,0.04809999999996994,0.18342499999988535,0.1849499999998844,0.1862249999998836,0.28184374999982387,0.2933374999998167,0.2668312499998332,0.22633749999985853,0.20989374999986882,0.19559999999987776,0.09095624999994315,0.09219374999994238,0.08919999999994425,0.040637499999974604,0.04359374999997275,0.05049374999996844,0.03898124999997564,0.04938749999996913,0.05349374999996657,0.04851249999996968,0.049599999999969,0.05897499999996314
tag.txt,0.009906249999993809,0.010456249999993466,0.012093749999992442,0.027362499999982897,0.022312499999986055,0.030106249999981183,0.04134999999997416,0.03518749999997801,0.04476874999997202,0.180781249999887,0.18651249999988342,0.1867124999998833,0.3325999999997921,0.32715624999979553,0.31097499999980566,0.23515624999985302,0.22730624999985793,0.21238749999986725,0.07830624999995106,0.08409999999994744,0.08260624999994837,0.03208124999997995,0.036474999999977206,0.04179374999997388,0.02651249999998343,0.03266249999997958,0.03571874999997768,0.035943749999977535,0.037831249999976356,0.04283749999997322
tag.txt,0.011824999999992609,0.011399999999992874,0.013043749999991848,0.027806249999982623,0.023256249999985466,0.029268749999981705,0.042349999999973534,0.03479374999997825,0.04394374999997253,0.18651249999988342,0.18744374999988284,0.19220624999987987,0.3153687499998029,0.3291499999997943,0.3091499999998068,0.2183812499998635,0.2122937499998673,0.1995437499998753,0.0822437499999486,0.08150624999994906,0.08041874999994973,0.03654374999997716,0.038856249999975716,0.0420749999999737,0.03495624999997815,0.039787499999975134,0.042324999999973544,0.04401249999997249,0.041512499999974056,0.04802499999996999
tag.txt,0.012581249999992137,0.01179374999999263,0.012443749999992223,0.03159999999998025,0.022581249999985887,0.030493749999980942,0.042599999999973374,0.036962499999976896,0.04332499999997292,0.16821874999989486,0.18194999999988629,0.1816374999998865,0.33561249999979026,0.3383937499997885,0.3249749999997969,0.23846249999985095,0.2283062499998573,0.21698749999986439,0.07603749999995248,0.08104374999994934,0.0791937499999505,0.03041874999998099,0.033293749999979194,0.03768124999997645,0.024856249999984464,0.028743749999982034,0.03106874999998058,0.039612499999975244,0.03693124999997692,0.04219374999997363
tag.txt,0.008456249999994715,0.007762499999995148,0.013006249999991872,0.02289999999998569,0.020756249999987028,0.0315187499999803,0.029643749999981473,0.02550624999998406,0.033724999999978925,0.16716249999989552,0.15864999999990084,0.15433749999990354,0.35006249999978123,0.3846687499997596,0.32555624999979654,0.2542062499998411,0.2555562499998403,0.24553124999984655,0.07316249999995428,0.06826249999995733,0.07676249999995202,0.029831249999981355,0.025831249999983857,0.03521249999997799,0.027706249999982682,0.022374999999986017,0.033706249999978934,0.036868749999976955,0.030631249999980854,0.050643749999968346
tag.txt,0.007606249999995246,0.006506249999995934,0.014724999999990798,0.02372499999998517,0.020249999999987344,0.03674999999997703,0.027637499999982728,0.024437499999984725,0.03616874999997739,0.17597499999989002,0.1729374999998919,0.16050624999989968,0.3172874999998017,0.33978749999978763,0.265637499999834,0.2444812499998472,0.2571312499998393,0.23062499999985586,0.08434999999994729,0.07768749999995145,0.09003124999994373,0.038599999999975876,0.033537499999979035,0.048231249999969854,0.04027499999997483,0.03371249999997893,0.05326249999996671,0.04006249999997496,0.03401249999997874,0.06406249999995996
tag.txt,0.006562499999995898,0.006474999999995953,0.01769374999998894,0.01979374999998763,0.019206249999987997,0.04113749999997429,0.027281249999982948,0.022449999999985967,0.034306249999978555,0.17556874999989028,0.16651249999989592,0.14663124999990834,0.34057499999978713,0.37031874999976855,0.2665874999998334,0.25970624999983766,0.2582249999998386,0.23369374999985393,0.07756249999995152,0.0705687499999559,0.0881687499999449,0.03164374999998022,0.028599999999982126,0.047474999999970326,0.028837499999981975,0.027712499999982678,0.05477499999996577,0.03246874999997971,0.029931249999981292,0.06953124999995654
tag.txt,0.005181249999996761,0.006468749999995957,0.018731249999988292,0.01900624999998812,0.018231249999988604,0.04716249999997053,0.021706249999986434,0.017637499999988978,0.029699999999981436,0.1641624999998974,0.1540749999999037,0.1318187499999176,0.30451874999980966,0.3265562499997959,0.20498124999987188,0.2553437499998404,0.26042499999983726,0.20644374999987097,0.07985624999995009,0.07639999999995226,0.08689374999994569,0.04488749999997194,0.04067499999997458,0.06508749999995932,0.06999999999995625,0.06851874999995718,0.11693124999992692,0.035337499999977914,0.031012499999980618,0.09224999999994234
tag.txt,0.006849999999995719,0.005606249999996496,0.011018749999993114,0.02269999999998581,0.01862499999998836,0.030499999999980938,0.026268749999983583,0.022631249999985854,0.036193749999977376,0.17321874999989173,0.17021874999989361,0.16652499999989592,0.3385874999997884,0.3614562499997741,0.29339999999981664,0.2354999999998528,0.24504999999984683,0.23253749999985465,0.07762499999995148,0.07498124999995313,0.08698749999994564,0.038674999999975826,0.033462499999979085,0.045093749999971816,0.043187499999973004,0.036706249999977056,0.04623124999997111,0.037387499999976634,0.03126249999998046,0.051512499999967806
tag.txt,0.005406249999996621,0.004956249999996902,0.01649374999998969,0.02508749999998432,0.021649999999986468,0.043287499999972945,0.025174999999984266,0.0225624999999859,0.03174374999998016,0.1534249999999041,0.1510187499999056,0.1289624999999194,0.33243124999979223,0.34806249999978245,0.26549374999983405,0.2694624999998316,0.28024999999982486,0.24041874999984975,0.08110624999994931,0.0776062499999515,0.0926312499999421,0.03777499999997639,0.03203124999997998,0.052793749999967006,0.034037499999978724,0.030024999999981233,0.05763124999996398,0.03609374999997744,0.031837499999980104,0.07054374999995591
tag.txt,0.008193749999994879,0.0067999999999957495,0.015012499999990617,0.026556249999983402,0.020874999999986953,0.04134374999997416,0.02894374999998191,0.024537499999984665,0.03590624999997756,0.16924374999989422,0.1687999999998945,0.15489374999990319,0.29899999999981314,0.3270874999997956,0.24926874999984422,0.24625624999984608,0.25610624999983994,0.22276249999986078,0.08709374999994557,0.08158124999994901,0.09301249999994186,0.04488749999997194,0.03869374999997582,0.05433749999996604,0.04631249999997106,0.03913124999997554,0.06277499999996076,0.0435124999999728,0.03638749999997726,0.07068749999995581
tag.txt,0.006024999999996235,0.006337499999996039,0.018006249999988747,0.025924999999983798,0.02187499999998633,0.048662499999969584,0.024393749999984754,0.020906249999986932,0.026456249999983465,0.14616874999990864,0.14250624999991093,0.11421249999992862,0.3409062499997869,0.3668812499997707,0.28039374999982475,0.26569999999983396,0.27193749999983,0.22000624999986249,0.07413124999995367,0.07038749999995601,0.07369999999995394,0.0409499999999744,0.035356249999977905,0.05484999999996572,0.039543749999975286,0.03433749999997854,0.07699999999995187,0.03625624999997734,0.02947499999998158,0.0867124999999458
tag.txt,0.019031249999988106,0.011556249999992777,0.01126249999999296,0.03733124999997667,0.02478749999998451,0.02886249999998196,0.048668749999969584,0.03324999999997922,0.04246874999997346,0.1692937499998942,0.17220624999989237,0.18852499999988218,0.23659999999985212,0.3277937499997951,0.3027437499998108,0.20599999999987126,0.23687499999985195,0.23831249999985105,0.09838749999993851,0.0809624999999494,0.08279999999994825,0.05207499999996745,0.033993749999978756,0.03244999999997972,0.06169999999996144,0.036793749999977005,0.03150624999998031,0.07091249999995568,0.04178124999997389,0.041068749999974334
tag.txt,0.019656249999987715,0.012837499999991977,0.01354999999999153,0.038756249999975775,0.025381249999984135,0.03208124999997995,0.048662499999969584,0.0348812499999782,0.044393749999972254,0.16746249999989535,0.17714999999988928,0.18746874999988283,0.23789374999985133,0.3142062499998036,0.28653124999982094,0.20100624999987438,0.23368749999985394,0.22983124999985635,0.1006499999999371,0.08646874999994596,0.08753749999994528,0.054037499999966224,0.036531249999977165,0.03682499999997699,0.06147499999996158,0.036474999999977206,0.03562499999997774,0.070399999999956,0.04238124999997351,0.04615624999997115
tag.txt,0.01814374999998866,0.011387499999992882,0.011381249999992887,0.03546874999997783,0.02328124999998545,0.027593749999982754,0.04743749999997035,0.03294374999997941,0.041337499999974166,0.17223749999989235,0.1777499999998889,0.19401249999987874,0.25605624999983995,0.33788749999978884,0.3113812499998054,0.20342499999987285,0.2263687499998585,0.22898749999985687,0.09238124999994227,0.07819374999995113,0.07832499999995104,0.04977499999996889,0.0345562499999784,0.032793749999979506,0.05923124999996298,0.03772499999997642,0.03401874999997874,0.06584374999995884,0.03990624999997506,0.04016874999997489
tag.txt,0.01750624999998906,0.011549999999992781,0.01225624999999234,0.033212499999979245,0.021381249999986637,0.029331249999981667,0.04646249999997096,0.0353687499999779,0.04453124999997217,0.17720624999988924,0.1832187499998855,0.19323749999987921,0.26859374999983215,0.3382812499997886,0.3044562499998097,0.1966312499998771,0.21899999999986314,0.21701874999986437,0.08945624999994409,0.07909374999995057,0.08121874999994924,0.049787499999968884,0.035924999999977544,0.037049999999976845,0.05846874999996346,0.03630624999997731,0.036281249999977325,0.06267499999996083,0.039874999999975076,0.04461874999997211
tag.txt,0.01876874999998827,0.01059374999999338,0.010762499999993274,0.040118749999974924,0.02436874999998477,0.030156249999981153,0.046437499999970974,0.0313562499999804,0.03997499999997502,0.16173749999989892,0.1721562499998924,0.1908437499998807,0.2282999999998573,0.3127499999998045,0.29110624999981805,0.20331249999987294,0.23781874999985136,0.23514374999985305,0.100812499999937,0.08606249999994621,0.0868624999999457,0.05741249999996412,0.03913749999997554,0.03621249999997737,0.06821249999995736,0.042006249999973745,0.03634999999997728,0.0748874999999532,0.04374999999997266,0.04258749999997338
tag.txt,0.017037499999989353,0.009712499999993929,0.009181249999994262,0.03763124999997648,0.022324999999986047,0.029074999999981827,0.045681249999971446,0.031399999999980374,0.040631249999974604,0.16418749999989737,0.17642499999988973,0.1915062499998803,0.23928124999985045,0.3172812499998017,0.30248124999981096,0.20994374999986878,0.24233749999984855,0.23429999999985357,0.09882499999993824,0.08377499999994764,0.08363124999994773,0.0542437499999661,0.03693124999997692,0.035706249999977686,0.06328124999996045,0.03947499999997533,0.03398749999997876,0.06988749999995632,0.04033749999997479,0.03949999999997531
tag.txt,0.018087499999988696,0.010293749999993567,0.010474999999993453,0.03812499999997617,0.022649999999985845,0.02923124999998173,0.04594999999997128,0.03139374999998038,0.04105624999997434,0.16725624999989547,0.18054999999988716,0.19804374999987623,0.23528124999985295,0.32104999999979933,0.29093749999981816,0.19811249999987618,0.2228562499998607,0.22201874999986124,0.09628749999993982,0.08314374999994803,0.08626874999994608,0.05666874999996458,0.0396749999999752,0.03881249999997574,0.06938124999995664,0.04536249999997165,0.0390437499999756,0.07484999999995322,0.04302499999997311,0.04411249999997243
tag.txt,0.016418749999989737,0.00914999999999428,0.00956874999999402,0.03442499999997849,0.020456249999987214,0.025893749999983815,0.04508749999997182,0.029818749999981364,0.03681249999997699,0.1683312499998948,0.17576874999989014,0.1950374999998781,0.2593624999998379,0.34696874999978317,0.3246437499997971,0.2090999999998693,0.23505624999985308,0.23124374999985547,0.09604999999993998,0.07675624999995202,0.07692499999995192,0.04921249999996924,0.03339999999997913,0.032006249999979995,0.05874999999996328,0.036706249999977056,0.03241249999997974,0.06326249999996046,0.03591874999997755,0.03545624999997784
tag.txt,0.014381249999991012,0.011512499999992805,0.018343749999988536,0.037381249999976635,0.02648124999998345,0.04112499999997429,0.04227499999997358,0.034312499999978555,0.049618749999968986,0.16824374999989486,0.17346249999989158,0.16926874999989422,0.2729374999998294,0.29879999999981327,0.24137499999984913,0.23213749999985492,0.23227499999985482,0.20411249999987244,0.0878562499999451,0.08989374999994382,0.0953749999999404,0.04270624999997331,0.040387499999974756,0.052356249999967276,0.04613749999997117,0.04552499999997155,0.058681249999963325,0.055943749999965035,0.04734999999997041,0.0697437499999564
tag.txt,0.01619374999998988,0.011399999999992874,0.015906249999990057,0.04193749999997379,0.02533124999998417,0.03813124999997617,0.04941249999996912,0.034506249999978436,0.04844999999996972,0.17077499999989326,0.1817562499998864,0.1777812499998889,0.243206249999848,0.2979312499998138,0.25221249999984235,0.2038562499998726,0.21618124999986488,0.20013124999987492,0.09425624999994109,0.0899187499999438,0.09284999999994197,0.05258749999996713,0.0446312499999721,0.05156874999996777,0.05822499999996361,0.05066874999996833,0.059624999999962736,0.06954999999995654,0.0476749999999702,0.06334374999996041
tag.txt,0.01764999999998897,0.011493749999992817,0.016281249999989825,0.04051874999997467,0.023931249999985044,0.03683124999997698,0.04750624999997031,0.03484999999997822,0.04966249999996896,0.16248749999989845,0.17570624999989018,0.17809999999988868,0.25819374999983863,0.31349374999980406,0.25748749999983905,0.22298124999986063,0.231999999999855,0.21064374999986835,0.08868124999994458,0.08695624999994565,0.09213124999994242,0.04726874999997046,0.03856874999997589,0.047462499999970334,0.04999999999996875,0.039781249999975135,0.05059374999996838,0.06471249999995955,0.04321874999997299,0.060806249999961995
tag.txt,0.019018749999988115,0.01171249999999268,0.01739374999998913,0.046612499999970865,0.026456249999983465,0.04076874999997452,0.051756249999967655,0.036037499999977476,0.05004999999996872,0.16123749999989923,0.17721249999988925,0.17398124999989126,0.22887499999985694,0.29001874999981875,0.24365624999984772,0.21051249999986843,0.2337374999998539,0.20343124999987286,0.09870624999993831,0.09154999999994277,0.09811874999993868,0.05377499999996639,0.04156874999997402,0.05178749999996763,0.05548124999996532,0.043124999999973046,0.055418749999965364,0.07402499999995374,0.048581249999969635,0.06539374999995913
tag.txt,0.014381249999991012,0.011512499999992805,0.018343749999988536,0.037381249999976635,0.02648124999998345,0.04112499999997429,0.04227499999997358,0.034312499999978555,0.049618749999968986,0.16824374999989486,0.17346249999989158,0.16926874999989422,0.2729374999998294,0.29879999999981327,0.24137499999984913,0.23213749999985492,0.23227499999985482,0.20411249999987244,0.0878562499999451,0.08989374999994382,0.0953749999999404,0.04270624999997331,0.040387499999974756,0.052356249999967276,0.04613749999997117,0.04552499999997155,0.058681249999963325,0.055943749999965035,0.04734999999997041,0.0697437499999564
tag.txt,0.01619374999998988,0.011399999999992874,0.015906249999990057,0.04193749999997379,0.02533124999998417,0.03813124999997617,0.04941249999996912,0.034506249999978436,0.04844999999996972,0.17077499999989326,0.1817562499998864,0.1777812499998889,0.243206249999848,0.2979312499998138,0.25221249999984235,0.2038562499998726,0.21618124999986488,0.20013124999987492,0.09425624999994109,0.0899187499999438,0.09284999999994197,0.05258749999996713,0.0446312499999721,0.05156874999996777,0.05822499999996361,0.05066874999996833,0.059624999999962736,0.06954999999995654,0.0476749999999702,0.06334374999996041
tag.txt,0.01764999999998897,0.011493749999992817,0.016281249999989825,0.04051874999997467,0.023931249999985044,0.03683124999997698,0.04750624999997031,0.03484999999997822,0.04966249999996896,0.16248749999989845,0.17570624999989018,0.17809999999988868,0.25819374999983863,0.31349374999980406,0.25748749999983905,0.22298124999986063,0.231999999999855,0.21064374999986835,0.08868124999994458,0.08695624999994565,0.09213124999994242,0.04726874999997046,0.03856874999997589,0.047462499999970334,0.04999999999996875,0.039781249999975135,0.05059374999996838,0.06471249999995955,0.04321874999997299,0.060806249999961995
tag.txt,0.019018749999988115,0.01171249999999268,0.01739374999998913,0.046612499999970865,0.026456249999983465,0.04076874999997452,0.051756249999967655,0.036037499999977476,0.05004999999996872,0.16123749999989923,0.17721249999988925,0.17398124999989126,0.22887499999985694,0.29001874999981875,0.24365624999984772,0.21051249999986843,0.2337374999998539,0.20343124999987286,0.09870624999993831,0.09154999999994277,0.09811874999993868,0.05377499999996639,0.04156874999997402,0.05178749999996763,0.05548124999996532,0.043124999999973046,0.055418749999965364,0.07402499999995374,0.048581249999969635,0.06539374999995913
tag.txt,0.015387499999990383,0.01214374999999241,0.018493749999988443,0.040824999999974486,0.026499999999983436,0.04301874999997311,0.046281249999971075,0.037381249999976635,0.05032499999996855,0.16933124999989416,0.17569374999989018,0.1697562499998939,0.246412499999846,0.27473749999982827,0.22550624999985905,0.22069374999986208,0.2316687499998552,0.20389999999987257,0.09716249999993927,0.09785624999993883,0.10149999999993656,0.05001249999996874,0.04649374999997094,0.056043749999964976,0.05041249999996849,0.04728124999997045,0.06001249999996249,0.06348124999996033,0.0502437499999686,0.07144374999995534
tag.txt,0.014562499999990899,0.010224999999993609,0.015706249999990183,0.03934374999997541,0.02426874999998483,0.03798124999997626,0.04785624999997009,0.03347499999997908,0.04700624999997062,0.1739312499998913,0.18158749999988652,0.1766437499998896,0.26072499999983706,0.30743124999980787,0.2573624999998391,0.20536249999987163,0.22164374999986147,0.20124999999987422,0.09229374999994232,0.08675624999994577,0.09153749999994279,0.050137499999968665,0.04195624999997378,0.052674999999967075,0.05213124999996742,0.046181249999971134,0.056293749999964816,0.06365624999996021,0.046474999999970956,0.06354374999996029
tag.txt,0.01500624999999062,0.010612499999993367,0.014962499999990648,0.03799999999997625,0.024124999999984922,0.03685624999997696,0.04723124999997048,0.03556249999997777,0.04823749999996985,0.1756812499998902,0.18361249999988524,0.1811062499998868,0.26057499999983713,0.3041187499998099,0.2584999999998384,0.2158249999998651,0.22491874999985942,0.20421874999987236,0.089587499999944,0.08723749999994547,0.09396874999994127,0.04774374999997016,0.040887499999974444,0.04921249999996924,0.04945624999996909,0.044324999999972296,0.053118749999966804,0.060893749999961944,0.04459999999997213,0.05981874999996261
tag.txt,0.016106249999989934,0.010468749999993457,0.01508749999999057,0.0401624999999749,0.022412499999985992,0.035349999999977906,0.04993124999996879,0.033874999999978825,0.04826874999996983,0.17109999999989306,0.1833562499998854,0.17958124999988775,0.25909999999983807,0.3171374999998018,0.268793749999832,0.21034374999986855,0.23046249999985596,0.20741249999987035,0.09278749999994201,0.08716249999994552,0.09265624999994208,0.04813749999996991,0.03834999999997603,0.048243749999969845,0.048681249999969575,0.03699374999997688,0.04776874999997015,0.06364999999996022,0.039781249999975135,0.05683749999996448
tag.txt,0.008487499999994695,0.006718749999995801,0.007918749999995051,0.017968749999988768,0.015443749999990347,0.018612499999988368,0.03238124999997976,0.026837499999983225,0.03241874999997974,0.18463124999988462,0.17974374999988765,0.18695624999988314,0.3676312499997702,0.4066812499997458,0.3797437499997627,0.23956249999985027,0.24173749999984892,0.24134999999984916,0.07114999999995553,0.061843749999961346,0.06471249999995955,0.02622499999998361,0.020293749999987315,0.022206249999986123,0.02274999999998578,0.01721874999998924,0.01901249999998812,0.029212499999981743,0.023481249999985323,0.027068749999983082
tag.txt,0.006906249999995683,0.005762499999996398,0.006724999999995797,0.017281249999989198,0.014012499999991242,0.01786874999998883,0.029699999999981436,0.023924999999985045,0.03159999999998025,0.19238749999987975,0.18901874999988186,0.19319374999987926,0.38048749999976217,0.41213124999974243,0.3868937499997582,0.21704999999986435,0.2260749999998587,0.22349374999986032,0.06893749999995691,0.060743749999962036,0.0647999999999595,0.02963124999998148,0.023481249999985323,0.026499999999983436,0.02777499999998264,0.021556249999986527,0.022531249999985917,0.029843749999981347,0.02329374999998544,0.026393749999983503
tag.txt,0.008356249999994778,0.007049999999995594,0.007862499999995085,0.01876874999998827,0.016243749999989846,0.019143749999988035,0.031749999999980155,0.026781249999983263,0.03297499999997939,0.18789999999988255,0.1833937499998854,0.18881249999988198,0.3694062499997691,0.40098749999974936,0.3762812499997648,0.2315499999998553,0.23803124999985123,0.23800624999985123,0.07076874999995576,0.060474999999962205,0.06445624999995972,0.02713749999998304,0.022112499999986178,0.02324999999998547,0.023893749999985066,0.019718749999987677,0.020562499999987147,0.030468749999980956,0.025206249999984245,0.028649999999982093
tag.txt,0.006862499999995711,0.005924999999996297,0.007187499999995507,0.01769374999998894,0.01526249999999046,0.01928124999998795,0.02937499999998164,0.024837499999984476,0.0316874999999802,0.18711874999988304,0.18307499999988558,0.18648749999988345,0.3819312499997613,0.4076249999997452,0.3816374999997615,0.22884374999985696,0.2363187499998523,0.23275624999985453,0.06838124999995726,0.06221874999996111,0.0675312499999578,0.027468749999982833,0.022281249999986073,0.025381249999984135,0.02398124999998501,0.018699999999988313,0.020693749999987066,0.028343749999982286,0.023756249999985154,0.0273562499999829
tag.txt,0.007874999999995079,0.006012499999996242,0.007143749999995535,0.018837499999988225,0.015274999999990452,0.0188812499999882,0.03171249999998018,0.02556874999998402,0.031831249999980105,0.19434374999987852,0.1911874999998805,0.19756874999987653,0.35846874999977596,0.39511249999975306,0.37013124999976865,0.22050624999986218,0.22744999999985785,0.22515624999985928,0.07207499999995495,0.06413124999995992,0.06788749999995757,0.031756249999980155,0.025299999999984186,0.02769374999998269,0.030906249999980682,0.024124999999984922,0.0251187499999843,0.03351874999997905,0.025837499999983853,0.028587499999982134
tag.txt,0.007893749999995066,0.006124999999996172,0.007131249999995543,0.020549999999987155,0.016249999999989842,0.020618749999987113,0.03199999999998,0.025812499999983866,0.032937499999979414,0.18600624999988374,0.18487499999988447,0.18631874999988354,0.3642999999997723,0.3988374999997507,0.3784999999997634,0.2261124999998587,0.23321249999985424,0.22773749999985765,0.0718374999999551,0.0646437499999596,0.06733124999995792,0.030649999999980842,0.024337499999984788,0.0273562499999829,0.02829999999998231,0.021124999999986797,0.023206249999985495,0.032349999999979784,0.02478124999998451,0.02886249999998196
tag.txt,0.007937499999995039,0.0067999999999957495,0.007518749999995301,0.018843749999988224,0.015987499999990006,0.01926249999998796,0.03105624999998059,0.02556874999998402,0.03301874999997936,0.1876937499998827,0.18674374999988327,0.1915249999998803,0.36585624999977134,0.39528749999975293,0.3732437499997667,0.22794374999985753,0.23271874999985456,0.22917499999985677,0.0727937499999545,0.06619374999995863,0.06813124999995741,0.02939374999998163,0.023924999999985045,0.026312499999983554,0.027256249999982964,0.02148749999998657,0.02284999999998572,0.031224999999980484,0.025287499999984194,0.0289624999999819
tag.txt,0.007693749999995191,0.006612499999995867,0.00774374999999516,0.01777499999998889,0.016056249999989964,0.020393749999987255,0.030449999999980968,0.02585624999998384,0.034324999999978546,0.18426874999988482,0.18212499999988618,0.1830562499998856,0.3821999999997611,0.4076499999997452,0.3809312499997619,0.23827499999985108,0.241581249999849,0.23880624999985076,0.0673562499999579,0.06001249999996249,0.06536249999995915,0.02426874999998483,0.019843749999987597,0.022787499999985757,0.020193749999987378,0.01651249999998968,0.01893124999998817,0.0275187499999828,0.023749999999985155,0.02766249999998271
tag.txt,0.021518749999986552,0.016562499999989648,0.01879999999998825,0.032099999999979936,0.025987499999983756,0.03249374999997969,0.05225624999996734,0.0414374999999741,0.05478749999996576,0.18103124999988685,0.18278749999988575,0.18408749999988494,0.2909812499998181,0.3506124999997809,0.29892499999981315,0.2089562499998694,0.21909999999986307,0.2260687499998587,0.08759374999994525,0.07256249999995465,0.07829999999995106,0.04134374999997416,0.03182499999998011,0.03331249999997918,0.03356874999997902,0.02254374999998591,0.026662499999983335,0.050649999999968345,0.03658124999997714,0.0465624999999709
tag.txt,0.020837499999986978,0.015537499999990288,0.019681249999987698,0.03142499999998036,0.025206249999984245,0.03745624999997659,0.05084999999996822,0.04066249999997459,0.05754374999996403,0.1814187499998866,0.18199374999988624,0.17956874999988776,0.2887812499998195,0.3433374999997854,0.27782499999982635,0.2115124999998678,0.2241687499998599,0.22168124999986144,0.08993749999994378,0.07648749999995219,0.08346249999994784,0.04126249999997421,0.030549999999980905,0.03873749999997579,0.03453749999997841,0.024918749999984426,0.031587499999980256,0.0494374999999691,0.037137499999976786,0.05245624999996722
tag.txt,0.019674999999987702,0.015018749999990613,0.01718124999998926,0.029306249999981684,0.023462499999985335,0.03205624999997996,0.048412499999969744,0.03862499999997586,0.05347499999996658,0.18679374999988324,0.18619999999988363,0.18729999999988295,0.3096687499998065,0.3665249999997709,0.30711249999980805,0.20486874999987195,0.2131124999998668,0.22138749999986163,0.08392499999994754,0.06888749999995694,0.07737499999995164,0.03913749999997554,0.03036874999998102,0.032693749999979566,0.032068749999979954,0.02300624999998562,0.026418749999983487,0.04614374999997116,0.03479374999997825,0.044999999999971875
tag.txt,0.020487499999987197,0.015481249999990324,0.019493749999987816,0.03299999999997937,0.025356249999984152,0.037812499999976365,0.04946249999996909,0.039174999999975514,0.05571874999996518,0.1820562499998862,0.18013124999988742,0.18053124999988718,0.28580624999982135,0.34519374999978425,0.27799374999982623,0.20021249999987487,0.21931874999986292,0.21668749999986456,0.0892749999999442,0.07753124999995155,0.08466874999994708,0.04376874999997264,0.03161249999998024,0.03813124999997617,0.04136874999997414,0.027193749999983002,0.03411249999997868,0.054562499999965895,0.03900624999997562,0.05484999999996572
tag.txt,0.01603124999998998,0.011356249999992902,0.013212499999991741,0.026906249999983183,0.02142499999998661,0.030006249999981246,0.04581874999997136,0.034737499999978286,0.0502374999999686,0.18759374999988276,0.18469999999988457,0.19011874999988118,0.3082812499998073,0.36409999999977244,0.3117187499998052,0.21478124999986575,0.23002499999985623,0.2300874999998562,0.08594999999994628,0.07330624999995418,0.07889374999995069,0.037993749999976255,0.02773124999998267,0.03179999999998012,0.03240624999997974,0.022112499999986178,0.025243749999984223,0.044237499999972354,0.030506249999980934,0.038681249999975825
tag.txt,0.016093749999989942,0.011149999999993032,0.013024999999991859,0.025324999999984173,0.020824999999986986,0.03142499999998036,0.04374374999997266,0.0348812499999782,0.04886874999996946,0.1867249999998833,0.18260624999988587,0.17991249999988757,0.33258124999979216,0.393537499999754,0.3451437499997843,0.2148812499998657,0.22183124999986134,0.22533749999985916,0.0793499999999504,0.06584999999995884,0.07118124999995551,0.035668749999977704,0.025574999999984017,0.02985624999998134,0.026393749999983503,0.01704374999998935,0.020493749999987192,0.03923749999997548,0.026699999999983313,0.03475624999997828
tag.txt,0.015412499999990368,0.01137499999999289,0.013668749999991457,0.026906249999983183,0.020681249999987075,0.03181874999998011,0.04378749999997263,0.03433749999997854,0.05034374999996853,0.18758124999988277,0.1844874999998847,0.18891249999988194,0.31689374999980197,0.3685499999997697,0.308774999999807,0.2113437499998679,0.22578124999985888,0.22698124999985814,0.08313124999994805,0.07234374999995478,0.07803749999995123,0.037643749999976474,0.02766249999998271,0.03262499999997961,0.033956249999978774,0.023949999999985032,0.027243749999982973,0.04334374999997291,0.03083124999998073,0.041593749999974006
tag.txt,0.0177624999999889,0.012762499999992023,0.016174999999989892,0.025849999999983844,0.02273749999998579,0.03411249999997868,0.04483124999997198,0.03613749999997742,0.049349999999969155,0.1846249999998846,0.17737499999988915,0.17208124999989244,0.3386937499997883,0.3974624999997516,0.34227499999978606,0.21218749999986738,0.22248749999986095,0.2265687499998584,0.07736249999995165,0.06178749999996138,0.07004999999995622,0.0347124999999783,0.025018749999984363,0.029431249999981604,0.02419374999998488,0.01625624999998984,0.021043749999986847,0.039781249999975135,0.027974999999982514,0.03891249999997568
tag.txt,0.01603124999998998,0.011356249999992902,0.013212499999991741,0.026906249999983183,0.02142499999998661,0.030006249999981246,0.04581874999997136,0.034737499999978286,0.0502374999999686,0.18759374999988276,0.18469999999988457,0.19011874999988118,0.3082812499998073,0.36409999999977244,0.3117187499998052,0.21478124999986575,0.23002499999985623,0.2300874999998562,0.08594999999994628,0.07330624999995418,0.07889374999995069,0.037993749999976255,0.02773124999998267,0.03179999999998012,0.03240624999997974,0.022112499999986178,0.025243749999984223,0.044237499999972354,0.030506249999980934,0.038681249999975825
tag.txt,0.016093749999989942,0.011149999999993032,0.013024999999991859,0.025324999999984173,0.020824999999986986,0.03142499999998036,0.04374374999997266,0.0348812499999782,0.04886874999996946,0.1867249999998833,0.18260624999988587,0.17991249999988757,0.33258124999979216,0.393537499999754,0.3451437499997843,0.2148812499998657,0.22183124999986134,0.22533749999985916,0.0793499999999504,0.06584999999995884,0.07118124999995551,0.035668749999977704,0.025574999999984017,0.02985624999998134,0.026393749999983503,0.01704374999998935,0.020493749999987192,0.03923749999997548,0.026699999999983313,0.03475624999997828
tag.txt,0.015412499999990368,0.01137499999999289,0.013668749999991457,0.026906249999983183,0.020681249999987075,0.03181874999998011,0.04378749999997263,0.03433749999997854,0.05034374999996853,0.18758124999988277,0.1844874999998847,0.18891249999988194,0.31689374999980197,0.3685499999997697,0.308774999999807,0.2113437499998679,0.22578124999985888,0.22698124999985814,0.08313124999994805,0.07234374999995478,0.07803749999995123,0.037643749999976474,0.02766249999998271,0.03262499999997961,0.033956249999978774,0.023949999999985032,0.027243749999982973,0.04334374999997291,0.03083124999998073,0.041593749999974006
tag.txt,0.0177624999999889,0.012762499999992023,0.016174999999989892,0.025849999999983844,0.02273749999998579,0.03411249999997868,0.04483124999997198,0.03613749999997742,0.049349999999969155,0.1846249999998846,0.17737499999988915,0.17208124999989244,0.3386937499997883,0.3974624999997516,0.34227499999978606,0.21218749999986738,0.22248749999986095,0.2265687499998584,0.07736249999995165,0.06178749999996138,0.07004999999995622,0.0347124999999783,0.025018749999984363,0.029431249999981604,0.02419374999998488,0.01625624999998984,0.021043749999986847,0.039781249999975135,0.027974999999982514,0.03891249999997568
tag.txt,0.022312499999986055,0.017493749999989067,0.016181249999989888,0.04428749999997232,0.03159999999998025,0.0359937499999775,0.04853124999996967,0.03911874999997555,0.045706249999971436,0.16343749999989785,0.17449999999989094,0.1831874999998855,0.19612499999987743,0.26283749999983574,0.2541687499998411,0.17301249999989188,0.19738749999987662,0.21063124999986835,0.09853749999993841,0.09233124999994229,0.09419374999994112,0.06681874999995824,0.051656249999967714,0.0478437499999701,0.10323749999993548,0.07708124999995182,0.059012499999963115,0.08369999999994769,0.055993749999965,0.05308124999996682
tag.txt,0.022612499999985866,0.01782499999998886,0.01611249999998993,0.03989999999997506,0.029643749999981473,0.03493124999997817,0.049106249999969306,0.0391999999999755,0.04606249999997121,0.1656124999998965,0.1741187499998912,0.17874999999988828,0.22516249999985927,0.2900874999998187,0.2869187499998207,0.18006874999988745,0.20619374999987114,0.21188749999986756,0.0967999999999395,0.08970624999994394,0.08563749999994648,0.06052499999996217,0.04599374999997125,0.04493749999997192,0.08314999999994803,0.05804374999996372,0.04685624999997071,0.07706249999995184,0.049187499999969256,0.047906249999970056
tag.txt,0.023349999999985407,0.018537499999988414,0.017018749999989362,0.04404374999997247,0.03178749999998013,0.037393749999976626,0.04804999999996997,0.04020624999997487,0.04649999999997094,0.16476249999989703,0.17396874999989126,0.1814312499998866,0.20237499999987352,0.2626062499998359,0.2534249999998416,0.1753499999998904,0.1955124999998778,0.20916874999986926,0.09739999999993912,0.09319999999994175,0.09380624999994137,0.06411249999995992,0.051556249999967774,0.04728749999997044,0.09888749999993819,0.07554999999995278,0.059099999999963064,0.08166874999994896,0.05707499999996433,0.05486874999996571
tag.txt,0.022624999999985858,0.01816249999998865,0.016662499999989585,0.03639374999997726,0.02781249999998262,0.03223749999997985,0.050124999999968674,0.038837499999975725,0.04555624999997153,0.17066249999989333,0.17308749999989181,0.17721874999988924,0.2444749999998472,0.31454999999980343,0.312049999999805,0.18743124999988287,0.20473124999987205,0.20701249999987062,0.09424999999994109,0.08219999999994862,0.07965624999995022,0.05437499999996601,0.0427249999999733,0.040312499999974806,0.07237499999995477,0.05273124999996704,0.04375624999997265,0.06728749999995795,0.045162499999971774,0.04553749999997154
tag.txt,0.023956249999985028,0.016181249999989888,0.014762499999990773,0.043368749999972894,0.027037499999983103,0.03078124999998076,0.05108749999996807,0.03782499999997636,0.042168749999973644,0.16165624999989897,0.17454374999989092,0.19162499999988022,0.19811874999987616,0.29188749999981756,0.2777312499998264,0.17771874999988893,0.2107249999998683,0.22376249999986014,0.10332499999993543,0.08938124999994414,0.09047499999994345,0.06508749999995932,0.044662499999972086,0.03799999999997625,0.09032499999994355,0.05941874999996286,0.045006249999971874,0.08535624999994665,0.04833749999996979,0.045687499999971445
tag.txt,0.02097499999998689,0.016093749999989942,0.01606249999998996,0.03780624999997637,0.02833749999998229,0.033781249999978884,0.04778749999997013,0.03853749999997591,0.046881249999970696,0.17144999999989285,0.18008124999988745,0.1844749999998847,0.23008124999985619,0.2919499999998175,0.2731124999998293,0.17939999999988787,0.20214999999987365,0.211212499999868,0.09566874999994021,0.0905562499999434,0.0915187499999428,0.05838749999996351,0.04526249999997171,0.04342499999997286,0.08261249999994837,0.05821874999996361,0.048506249999969685,0.07583124999995261,0.04881249999996949,0.05102499999996811
tag.txt,0.02251249999998593,0.01684374999998947,0.015349999999990406,0.03895624999997565,0.02714999999998303,0.030562499999980897,0.05028124999996857,0.03923124999997548,0.045512499999971555,0.17094374999989315,0.17763749999988898,0.19194374999988004,0.2257312499998589,0.30006249999981244,0.28037499999982474,0.18588749999988383,0.20946874999986909,0.2211062499998618,0.09797499999993876,0.0871999999999455,0.08882499999994449,0.057474999999964076,0.042781249999973264,0.038331249999976044,0.0758562499999526,0.051574999999967765,0.04186874999997383,0.0743812499999535,0.04804999999996997,0.04612499999997117
tag.txt,0.021081249999986826,0.01654374999998966,0.01599999999999,0.04213124999997367,0.03060624999998087,0.03547499999997783,0.046881249999970696,0.038156249999976154,0.04444374999997222,0.16268749999989832,0.17257499999989215,0.18219999999988612,0.20902499999986937,0.2694812499998316,0.2588437499998382,0.17961249999988774,0.20241249999987349,0.21059999999986836,0.09724999999993922,0.09015624999994365,0.09315624999994178,0.06241249999996099,0.05009999999996869,0.045924999999971294,0.09806249999993871,0.07399374999995376,0.05988749999996257,0.08085624999994946,0.05597499999996502,0.053468749999966585
tag.txt,0.028268749999982332,0.02521874999998424,0.02436874999998477,0.052774999999967015,0.04194999999997378,0.050374999999968514,0.04801249999996999,0.04408749999997245,0.05027499999996858,0.14171249999991142,0.15609999999990243,0.1524562499999047,0.14641874999990848,0.18331249999988544,0.1732937499998917,0.16170624999989894,0.17619999999988986,0.17300624999989186,0.10169999999993644,0.10161249999993649,0.1009562499999369,0.07976249999995015,0.0689562499999569,0.07224374999995485,0.13788124999991383,0.12416874999992239,0.12142499999992411,0.1017624999999364,0.07839374999995101,0.081599999999949
tag.txt,0.02839999999998225,0.025356249999984152,0.024424999999984733,0.0521562499999674,0.0430437499999731,0.052012499999967494,0.04857499999996964,0.04508749999997182,0.05179374999996763,0.14345624999991033,0.15708749999990182,0.15319999999990425,0.15918124999990052,0.19753124999987653,0.18827499999988231,0.16726874999989547,0.17763124999988897,0.17458749999989087,0.10211249999993618,0.10388749999993507,0.10089374999993694,0.07721249999995174,0.06624374999995859,0.07017499999995613,0.12142499999992411,0.10759374999993275,0.10499999999993437,0.10021249999993737,0.07653749999995216,0.07963749999995022
tag.txt,0.02776249999998265,0.02609999999998369,0.024506249999984683,0.049431249999969104,0.04109999999997431,0.04886874999996946,0.048581249999969635,0.04419999999997237,0.05159999999996775,0.14901249999990687,0.15996249999990003,0.1556624999999027,0.15803749999990122,0.18796874999988253,0.18070624999988705,0.16632499999989606,0.17367499999989144,0.1715312499998928,0.10117499999993676,0.10154999999993652,0.10020624999993737,0.07460624999995337,0.06643124999995847,0.07090624999995568,0.12969999999991894,0.12134999999992416,0.11745624999992658,0.0953687499999404,0.07766249999995146,0.07855624999995091
tag.txt,0.02867499999998208,0.027124999999983048,0.025674999999983954,0.048156249999969904,0.04058749999997463,0.04905624999996934,0.0497624999999689,0.046106249999971184,0.05178749999996763,0.15010624999990618,0.15960624999990025,0.15570624999990268,0.18291874999988567,0.2094562499998691,0.20389374999987256,0.1734562499998916,0.18087499999988696,0.17819999999988861,0.10226249999993609,0.10312499999993555,0.10071249999993706,0.07127499999995546,0.0632062499999605,0.06713749999995804,0.10568749999993395,0.0971124999999393,0.09181249999994262,0.08769999999994518,0.0727999999999545,0.07601874999995249
tag.txt,0.03224999999997984,0.029699999999981436,0.028181249999982387,0.05335624999996665,0.044581249999972136,0.05220624999996737,0.049187499999969256,0.046024999999971235,0.05262499999996711,0.13989374999991255,0.15188749999990506,0.14917499999990677,0.14228124999991107,0.174393749999891,0.1641812499998974,0.15638124999990227,0.1667124999998958,0.16548749999989656,0.1020749999999362,0.10402499999993499,0.10006249999993747,0.07872499999995079,0.07004999999995622,0.07477499999995327,0.14041874999991225,0.12744999999992035,0.12545624999992158,0.1054312499999341,0.08517499999994677,0.0878499999999451
tag.txt,0.0332749999999792,0.03081249999998074,0.029349999999981655,0.05469999999996581,0.044981249999971884,0.0540812499999662,0.05126249999996796,0.04772499999997017,0.054156249999966155,0.13737499999991415,0.1521624999999049,0.14746874999990783,0.1500874999999062,0.18484999999988447,0.17509374999989055,0.1566062499999021,0.17019374999989362,0.16757499999989525,0.1032062499999355,0.10661249999993337,0.10121249999993674,0.07929999999995044,0.06841249999995724,0.07265624999995458,0.12729374999992044,0.11223124999992985,0.10965624999993147,0.10689374999993319,0.08201874999994874,0.08874999999994453
tag.txt,0.03147499999998033,0.02994999999998128,0.02838124999998226,0.05163749999996772,0.04449999999997219,0.05018124999996864,0.05156249999996777,0.047299999999970435,0.05386874999996633,0.14424999999990984,0.15284374999990447,0.1521812499999049,0.15404374999990372,0.17894374999988816,0.16979999999989387,0.15916874999990052,0.1675312499998953,0.16733749999989542,0.10115624999993678,0.1033624999999354,0.1017624999999364,0.0769562499999519,0.07021874999995611,0.07148124999995532,0.13178124999991764,0.12328124999992295,0.12236874999992352,0.09796874999993876,0.0820687499999487,0.08263749999994835
tag.txt,0.03233124999997979,0.03138124999998038,0.02974374999998141,0.05129999999996794,0.04382499999997261,0.050637499999968354,0.05259374999996713,0.048849999999969466,0.055843749999965095,0.14547499999990907,0.15403124999990372,0.15127499999990546,0.17026874999989358,0.1953499999998779,0.19002499999988123,0.1628687499998982,0.17099999999989313,0.1684749999998947,0.10278749999993576,0.10274999999993578,0.09846874999993846,0.07306874999995433,0.067206249999958,0.07042499999995598,0.11459999999992837,0.10424999999993484,0.1019187499999363,0.0947062499999408,0.08135624999994916,0.08318749999994801
tag.txt,0.02468749999998457,0.01874999999998828,0.01944374999998785,0.058599999999963376,0.04236874999997352,0.05142499999996786,0.038681249999975825,0.037649999999976466,0.04187499999997383,0.1337562499999164,0.15444374999990348,0.15442499999990347,0.12739999999992038,0.17250624999989217,0.16445624999989722,0.1691187499998943,0.19075624999988078,0.1865874999998834,0.10473749999993454,0.10824999999993234,0.10786249999993258,0.08579374999994638,0.07308124999995433,0.07288749999995445,0.14288749999991068,0.11991874999992505,0.11795624999992628,0.11433749999992854,0.08227499999994858,0.08308124999994808
tag.txt,0.021531249999986544,0.018549999999988406,0.017881249999988823,0.05129374999996794,0.03953749999997529,0.04745624999997034,0.04164374999997397,0.03759374999997651,0.042012499999973744,0.14333124999991043,0.15769999999990145,0.15768749999990145,0.15673749999990202,0.19208749999987995,0.19080624999988074,0.18186874999988634,0.1945562499998784,0.1902624999998811,0.10119999999993674,0.10294999999993566,0.10063124999993711,0.07889374999995069,0.06678749999995826,0.06888749999995694,0.1250999999999218,0.1139187499999288,0.10966874999993145,0.0983999999999385,0.0763187499999523,0.0747062499999533
tag.txt,0.02361874999998524,0.019356249999987904,0.020187499999987382,0.05529374999996544,0.04135624999997415,0.04822499999996986,0.04298124999997314,0.03959999999997525,0.04420624999997237,0.1398437499999126,0.1556562499999027,0.15916874999990052,0.14600624999990874,0.18531874999988418,0.17848124999988846,0.1748874999998907,0.1922937499998798,0.19049999999988093,0.10796874999993251,0.10986874999993133,0.10714374999993304,0.07987499999995008,0.06868124999995708,0.06851249999995718,0.12566874999992145,0.10908124999993182,0.10504374999993435,0.10385624999993509,0.07878749999995076,0.07853124999995091
tag.txt,0.021387499999986632,0.018212499999988616,0.017387499999989134,0.04641874999997099,0.03622499999997736,0.04323124999997298,0.04348749999997282,0.038168749999976145,0.04300624999997312,0.14971249999990643,0.1617437499998989,0.1627062499998983,0.17891249999988817,0.2158499999998651,0.21124374999986797,0.18553124999988405,0.20084374999987448,0.19799999999987625,0.1020812499999362,0.10084374999993698,0.09877499999993826,0.07228124999995482,0.061912499999961304,0.06266249999996083,0.11159999999993025,0.09822499999993861,0.09414374999994116,0.08858749999994463,0.06797499999995751,0.06884374999995697
tag.txt,0.024756249999984527,0.020706249999987058,0.02065624999998709,0.05459999999996588,0.04104374999997435,0.04954999999996903,0.04359999999997275,0.03913749999997554,0.04483124999997198,0.14102499999991186,0.15851249999990094,0.15478124999990325,0.13563749999991523,0.179218749999888,0.16849999999989468,0.16482499999989697,0.1812749999998867,0.17972499999988767,0.10196249999993627,0.10291249999993568,0.10089999999993694,0.08164374999994897,0.07128749999995544,0.07444374999995347,0.14595624999990878,0.12821249999991988,0.12664374999992084,0.10599374999993376,0.07769374999995145,0.07996874999995002
tag.txt,0.02699374999998313,0.022293749999986068,0.022418749999985988,0.05445624999996596,0.041418749999974115,0.05188749999996757,0.043718749999972675,0.042243749999973594,0.046106249999971184,0.1377562499999139,0.15668124999990207,0.15113124999990554,0.15076874999990578,0.1882874999998823,0.18568749999988393,0.17323749999989171,0.18893124999988192,0.185587499999884,0.10473749999993454,0.10839374999993226,0.10488124999993445,0.08054999999994966,0.06850624999995718,0.07058124999995588,0.12472499999992205,0.10411874999993492,0.10104999999993684,0.1030562499999356,0.07912499999995054,0.08066874999994958
tag.txt,0.024212499999984868,0.021518749999986552,0.020774999999987016,0.049881249999968826,0.03937499999997539,0.04724374999997047,0.04590624999997131,0.041756249999973905,0.04809374999996994,0.14775624999990766,0.1622374999998986,0.1617562499998989,0.16203124999989874,0.1969687499998769,0.18867499999988208,0.17490624999989068,0.1846249999998846,0.18369999999988518,0.10347499999993533,0.10351249999993531,0.10094999999993691,0.0740749999999537,0.06580624999995888,0.06766249999995771,0.12249999999992343,0.11083124999993073,0.10746249999993283,0.09525624999994046,0.07336874999995414,0.07368124999995394
tag.txt,0.02469999999998456,0.021687499999986447,0.022124999999986173,0.050637499999968354,0.04088124999997445,0.04924374999996922,0.04673749999997079,0.04198124999997376,0.0484812499999697,0.14510624999990931,0.15881874999990073,0.1524687499999047,0.16510624999989681,0.20137499999987413,0.19658124999987714,0.17830624999988856,0.18969374999988145,0.1862437499998836,0.10406874999993496,0.10529999999993418,0.10236874999993602,0.07496249999995315,0.06589999999995881,0.06851249999995718,0.1156749999999277,0.10128124999993669,0.0984124999999385,0.09469999999994082,0.07308124999995433,0.07556249999995278
tag.txt,0.025012499999984367,0.019381249999987887,0.019706249999987685,0.057637499999963974,0.04266249999997333,0.05189999999996756,0.0404812499999747,0.037574999999976516,0.042862499999973214,0.13323124999991673,0.15354999999990404,0.15538124999990288,0.12950624999991905,0.1750124999998906,0.16452499999989717,0.17161874999989274,0.1915187499998803,0.18843124999988223,0.10715624999993302,0.11012499999993117,0.10840624999993224,0.08539374999994663,0.07226874999995483,0.07356249999995403,0.13948124999991282,0.11673749999992704,0.1143874999999285,0.11048124999993095,0.08116874999994927,0.08083749999994948
tag.txt,0.022149999999986156,0.019031249999988106,0.01874999999998828,0.052524999999967174,0.04066249999997459,0.04821249999996987,0.039962499999975025,0.03801249999997624,0.04315624999997303,0.14186874999991134,0.1561624999999024,0.15498124999990315,0.15414374999990366,0.18829374999988233,0.18394374999988503,0.1782312499998886,0.1892749999998817,0.18838124999988226,0.10093749999993691,0.10283749999993573,0.10109374999993681,0.07778124999995138,0.06896249999995689,0.07038124999995601,0.13259374999991713,0.11883749999992572,0.11333749999992916,0.09980624999993762,0.0779249999999513,0.0777624999999514
tag.txt,0.024043749999984973,0.02051249999998718,0.02011249999998743,0.05251249999996718,0.04121249999997424,0.04830624999996981,0.0428874999999732,0.040218749999974865,0.044156249999972405,0.14313124999991053,0.1601624999998999,0.16042499999989973,0.14697499999990815,0.1863937499998835,0.18086249999988696,0.17527499999989046,0.18550624999988405,0.1882999999998823,0.10711874999993305,0.10743749999993285,0.10665624999993334,0.0793624999999504,0.06830624999995731,0.06922499999995674,0.126437499999921,0.1095937499999315,0.10156249999993652,0.10225624999993609,0.0806562499999496,0.08039374999994975
tag.txt,0.022249999999986093,0.019162499999988022,0.01875624999998828,0.047987499999970006,0.03726249999997671,0.04409374999997244,0.04168124999997395,0.038231249999976104,0.043206249999972995,0.14819374999990736,0.16051249999989967,0.15989999999990007,0.17204374999989247,0.20876874999986952,0.2035437499998728,0.18341874999988536,0.19442499999987847,0.19288749999987945,0.1028749999999357,0.1003124999999373,0.09936874999993789,0.07207499999995495,0.061418749999961615,0.06546249999995908,0.1191937499999255,0.10862499999993211,0.10051874999993718,0.09028124999994358,0.07128124999995544,0.07226249999995484
tag.txt,0.024168749999984893,0.018562499999988397,0.01945624999998784,0.05736249999996415,0.04233749999997354,0.05059999999996837,0.03862499999997586,0.03656249999997715,0.040712499999974554,0.13638749999991476,0.15389374999990382,0.15556249999990276,0.13126249999991796,0.17491874999989068,0.1656249999998965,0.17196249999989252,0.19268749999987958,0.19044999999988096,0.10551874999993405,0.1075249999999328,0.1070312499999331,0.08439999999994725,0.07294999999995441,0.0732874999999542,0.1420999999999112,0.11877499999992576,0.11546874999992783,0.10821249999993236,0.08178749999994889,0.08180624999994887
tag.txt,0.023143749999985534,0.018487499999988444,0.018618749999988363,0.053281249999966696,0.03890624999997568,0.04682499999997074,0.04077499999997451,0.038087499999976196,0.041831249999973855,0.13947499999991284,0.15764999999990148,0.1571249999999018,0.14761249999990775,0.19261249999987962,0.18606249999988372,0.17607499999988996,0.19275624999987953,0.19365624999987896,0.10505624999993433,0.10386874999993508,0.10186874999993634,0.07924374999995047,0.0683187499999573,0.06913124999995679,0.13178124999991764,0.113599999999929,0.10909999999993181,0.10355624999993528,0.07571249999995268,0.07578124999995263
tag.txt,0.023368749999985394,0.018906249999988183,0.01934374999998791,0.053374999999966644,0.04103749999997435,0.04897499999996939,0.041756249999973905,0.038343749999976036,0.04280624999997325,0.14211874999991117,0.15548749999990283,0.15992499999990004,0.14891874999990692,0.188818749999882,0.1804749999998872,0.17581249999989013,0.19378749999987888,0.18983124999988135,0.10634999999993353,0.10698124999993314,0.10666874999993334,0.07929374999995044,0.06813749999995741,0.06838749999995726,0.1257312499999214,0.10931249999993167,0.10537499999993415,0.10327499999993545,0.0791874999999505,0.07821249999995111
tag.txt,0.02065624999998709,0.0174374999999891,0.017018749999989362,0.04913749999996929,0.03787499999997633,0.04469999999997206,0.04154374999997403,0.036699999999977063,0.041837499999973854,0.14714999999990802,0.1588812499999007,0.15973749999990017,0.16727499999989545,0.20458749999987214,0.19842499999987598,0.18267499999988582,0.19705624999987684,0.19507499999987807,0.10061249999993711,0.09889374999993819,0.09867499999993833,0.07479999999995325,0.06516874999995927,0.06651874999995842,0.12486249999992197,0.11053749999993091,0.10721874999993299,0.09128749999994294,0.07286249999995446,0.07079374999995576
tag.txt,0.012599999999992124,0.01403124999999123,0.013412499999991617,0.02631874999998355,0.026231249999983604,0.028781249999982012,0.03613749999997742,0.03581874999997761,0.04152499999997405,0.17099999999989313,0.16999374999989375,0.18056874999988715,0.31528749999980293,0.29654999999981463,0.29228749999981735,0.24103124999984935,0.22328749999986044,0.2146999999998658,0.08344999999994784,0.08623749999994611,0.08581874999994636,0.03348749999997907,0.041581249999974014,0.043124999999973046,0.041068749999974334,0.05822499999996361,0.05009999999996869,0.039618749999975236,0.04804374999996997,0.04968124999996895
tag.txt,0.014693749999990817,0.01607499999998995,0.016106249999989934,0.03356874999997902,0.03204374999997997,0.039174999999975514,0.03924999999997547,0.03746874999997658,0.043724999999972675,0.17032499999989353,0.16904374999989435,0.17298749999989188,0.26408749999983494,0.25499374999984065,0.24422499999984737,0.22344999999986034,0.20454999999987217,0.1915499999998803,0.09413124999994117,0.09229374999994232,0.09154374999994279,0.046374999999971016,0.05229999999996731,0.056887499999964446,0.06120624999996174,0.07978749999995013,0.0756999999999527,0.05291249999996693,0.0614437499999616,0.06809999999995743
tag.txt,0.012693749999992066,0.014093749999991191,0.01454374999999091,0.026756249999983276,0.026562499999983398,0.030231249999981107,0.03737499999997664,0.03634999999997728,0.04393749999997254,0.17266874999989207,0.171199999999893,0.182381249999886,0.31844374999980096,0.30521874999980925,0.28793749999982005,0.23237499999985475,0.21629999999986482,0.20631249999987106,0.08391874999994756,0.08473124999994704,0.08612499999994618,0.03434999999997853,0.04169999999997394,0.04412499999997242,0.041493749999974065,0.05608749999996494,0.052012499999967494,0.03992499999997505,0.04775624999997015,0.05239374999996725
tag.txt,0.014637499999990852,0.016218749999989863,0.015331249999990419,0.03204999999997997,0.030537499999980913,0.03530624999997793,0.038774999999975766,0.037381249999976635,0.042693749999973316,0.1692499999998942,0.1700874999998937,0.17683749999988949,0.2812437499998242,0.2721687499998299,0.2635187499998353,0.22739374999985787,0.2091562499998693,0.20411249999987244,0.09082499999994323,0.08884999999994447,0.08781249999994512,0.04282499999997323,0.048424999999969735,0.050474999999968455,0.05305624999996684,0.07175624999995515,0.06401249999995999,0.049943749999968784,0.055418749999965364,0.05989999999996256
tag.txt,0.02340624999998537,0.017349999999989155,0.018312499999988553,0.03734374999997666,0.028456249999982215,0.035593749999977754,0.0561624999999649,0.045349999999971656,0.06194999999996128,0.1945687499998784,0.204799999999872,0.20599999999987126,0.23978124999985015,0.30554374999980904,0.2604749999998372,0.1579187499999013,0.17846874999988846,0.17576874999989014,0.09318124999994176,0.08737499999994539,0.08786249999994508,0.05756874999996402,0.04368749999997269,0.051199999999968,0.06980624999995637,0.044668749999972085,0.048231249999969854,0.07026249999995608,0.04429999999997231,0.05460624999996587
tag.txt,0.022018749999986237,0.0177624999999889,0.017931249999988793,0.035074999999978075,0.030468749999980956,0.04039999999997475,0.055249999999965466,0.04504999999997184,0.059287499999962946,0.1987437499998758,0.20269999999987331,0.20065624999987458,0.26119999999983673,0.31422499999980363,0.27513749999982806,0.16516249999989677,0.17816249999988865,0.16951874999989405,0.08880624999994449,0.08293749999994816,0.08279374999994825,0.05454374999996591,0.04333749999997291,0.05143124999996786,0.055962499999965026,0.039787499999975134,0.046531249999970915,0.06323749999996048,0.04556874999997152,0.05631249999996481
tag.txt,0.02238749999998601,0.017849999999988844,0.01768124999998895,0.03468749999997832,0.02785624999998259,0.034306249999978555,0.055587499999965255,0.04504999999997184,0.06156249999996152,0.20242499999987348,0.20786249999987008,0.21025624999986858,0.254418749999841,0.3107812499998058,0.26789374999983256,0.1588499999999007,0.17581249999989013,0.17467499999989083,0.09062499999994336,0.08573749999994641,0.086393749999946,0.05470624999996581,0.04347499999997283,0.0500749999999687,0.06138749999996163,0.041493749999974065,0.04429999999997231,0.06492499999995942,0.04408124999997245,0.052856249999966964
tag.txt,0.022031249999986232,0.01865624999998834,0.018224999999988608,0.03579999999997763,0.031337499999980416,0.03996874999997502,0.055174999999965516,0.0471999999999705,0.060124999999962424,0.1988749999998757,0.1990812499998756,0.19770624999987643,0.2657562499998339,0.313606249999804,0.28211874999982367,0.16724999999989545,0.18194999999988629,0.17709999999988932,0.08984374999994385,0.08339374999994788,0.0839999999999475,0.05258124999996713,0.04221249999997362,0.04633749999997104,0.052187499999967385,0.03749374999997657,0.04164374999997397,0.06049999999996219,0.04506874999997183,0.052774999999967015
tag.txt,0.02022499999998736,0.018118749999988675,0.02838124999998226,0.04178124999997389,0.036262499999977334,0.048331249999969794,0.047637499999970224,0.04081874999997449,0.05881874999996324,0.15019374999990612,0.16056874999989965,0.16342499999989785,0.28233124999982356,0.3192437499998005,0.2230249999998606,0.2193499999998629,0.21158749999986776,0.1870562499998831,0.08626249999994609,0.07991249999995005,0.09812499999993868,0.044587499999972136,0.04265624999997334,0.05805624999996371,0.04334374999997291,0.03756874999997652,0.05604999999996497,0.06428749999995982,0.05326249999996671,0.07873124999995079
tag.txt,0.018587499999988384,0.015549999999990282,0.027943749999982535,0.042268749999973584,0.031093749999980567,0.05323124999996673,0.05190624999996756,0.04258124999997338,0.06269999999996081,0.1656124999998965,0.183962499999885,0.1622437499998986,0.22962499999985647,0.2738124999998289,0.1913312499998804,0.21716874999986427,0.21287499999986695,0.17236874999989227,0.0996624999999377,0.09406249999994121,0.10241874999993598,0.05131249999996793,0.04631249999997106,0.06505624999995933,0.05213124999996742,0.0449562499999719,0.07233749999995479,0.07172499999995517,0.05479374999996575,0.09036874999994352
tag.txt,0.018099999999988688,0.017018749999989362,0.028793749999982004,0.037306249999976684,0.03264999999997959,0.0500749999999687,0.048149999999969904,0.04307499999997308,0.06281874999996073,0.16426874999989732,0.1717124999998927,0.16629374999989607,0.29672499999981455,0.331218749999793,0.220781249999862,0.21768749999986395,0.20358124999987276,0.17958749999988777,0.07965624999995022,0.07443124999995349,0.0956749999999402,0.042099999999973686,0.041556249999974024,0.05975624999996265,0.03800624999997625,0.03511874999997805,0.05638124999996476,0.05799999999996375,0.04963749999996898,0.0798374999999501
tag.txt,0.01868749999998832,0.01545624999999034,0.025793749999983878,0.04188749999997382,0.029193749999981755,0.04918124999996926,0.05233124999996729,0.04281249999997324,0.06228749999996107,0.16631874999989604,0.18692499999988318,0.17464374999989085,0.23451249999985344,0.2786687499998258,0.20098124999987438,0.2200124999998625,0.21772499999986392,0.16821249999989488,0.09924374999993797,0.09433749999994104,0.10279374999993575,0.04899374999996938,0.04254999999997341,0.062268749999961084,0.04890624999996943,0.0409624999999744,0.06920624999995674,0.0691062499999568,0.05136874999996789,0.0846312499999471
tag.txt,0.018106249999988683,0.015474999999990328,0.02855624999998215,0.04296249999997315,0.03281874999997949,0.05556249999996527,0.04933749999996916,0.042443749999973475,0.06153749999996154,0.16359374999989776,0.17816874999988863,0.16121249999989923,0.2404624999998497,0.2770499999998268,0.1894374999998816,0.21848124999986346,0.2155374999998653,0.16648124999989594,0.09886249999993821,0.09179999999994262,0.10298749999993563,0.04999374999996875,0.04546874999997158,0.06747499999995783,0.0491187499999693,0.044318749999972304,0.07361249999995399,0.06908124999995682,0.05691874999996443,0.0931374999999418
tag.txt,0.015718749999990175,0.01479999999999075,0.026849999999983217,0.03868749999997582,0.030699999999980812,0.04857499999996964,0.050056249999968716,0.04298749999997313,0.06016874999996239,0.16588749999989633,0.1778999999998888,0.1667187499998958,0.2983374999998135,0.3259187499997963,0.23114374999985554,0.20820624999986986,0.20392499999987254,0.17578124999989014,0.08293124999994816,0.07546874999995283,0.09354999999994153,0.043874999999972575,0.04213124999997367,0.06246874999996096,0.04041874999997474,0.03753749999997654,0.05692499999996442,0.05588124999996508,0.04863124999996961,0.07781874999995136
tag.txt,0.019812499999987618,0.016756249999989526,0.026243749999983596,0.044149999999972406,0.03256874999997964,0.05284374999996697,0.0510437499999681,0.044737499999972036,0.06345624999996034,0.163231249999898,0.18234999999988602,0.17098124999989314,0.23370624999985393,0.2705124999998309,0.19421874999987862,0.21824999999986358,0.2158499999998651,0.16751249999989531,0.10226874999993608,0.09738749999993913,0.10389374999993507,0.05033749999996854,0.04443749999997223,0.06557499999995901,0.047731249999970166,0.041674999999973955,0.06856249999995714,0.06946874999995659,0.053724999999966425,0.0867124999999458
tag.txt,0.019287499999987946,0.017224999999989235,0.028699999999982063,0.04120624999997424,0.03266874999997958,0.047912499999970055,0.05009374999996869,0.04339374999997288,0.0622374999999611,0.1566187499999021,0.17275624999989203,0.16661874999989587,0.3014499999998116,0.3365062499997897,0.235199999999853,0.2088062499998695,0.1993374999998754,0.17623124999988984,0.08530624999994668,0.07724374999995172,0.09273749999994203,0.04308124999997307,0.04215624999997365,0.06002499999996248,0.036118749999977426,0.03116874999998052,0.05369374999996644,0.05803124999996373,0.04754374999997028,0.07664374999995209
tag.txt,0.026824999999983234,0.024674999999984577,0.023693749999985192,0.04446249999997221,0.03689374999997694,0.040387499999974756,0.049256249999969214,0.04243124999997348,0.049599999999969,0.1561499999999024,0.15864374999990086,0.16534374999989665,0.19558124999987775,0.24210624999984867,0.2237999999998601,0.17906249999988808,0.19189999999988006,0.19108749999988056,0.09890624999993819,0.09384999999994134,0.09485624999994072,0.06306874999996058,0.0535999999999665,0.056787499999964505,0.10314374999993553,0.09027499999994358,0.08866874999994458,0.08354374999994778,0.06562499999995898,0.0657749999999589
tag.txt,0.025812499999983866,0.024218749999984863,0.02254374999998591,0.04501249999997187,0.03851249999997593,0.042781249999973264,0.04736874999997039,0.041493749999974065,0.04766874999997021,0.15611249999990243,0.16299374999989813,0.16293749999989815,0.18169999999988642,0.21355624999986653,0.2041374999998724,0.17288749999989195,0.17973749999988767,0.17849999999988844,0.09385624999994134,0.09159374999994276,0.09159999999994275,0.06803124999995748,0.060374999999962264,0.06348124999996033,0.12421249999992237,0.11684374999992697,0.1143937499999285,0.08500624999994687,0.07067499999995583,0.07195624999995502
tag.txt,0.023768749999985146,0.022762499999985773,0.021206249999986746,0.04068749999997457,0.03563124999997773,0.03719374999997675,0.04698749999997063,0.04093124999997442,0.04641249999997099,0.16361874999989773,0.16222499999989862,0.1684937499998947,0.21074374999986828,0.24254999999984841,0.23331249999985418,0.1814624999998866,0.1886374999998821,0.19144999999988035,0.09389999999994131,0.08857499999994464,0.09019374999994363,0.060118749999962424,0.05444374999996597,0.05624374999996485,0.10392499999993504,0.09866249999993834,0.09341874999994161,0.07478749999995325,0.06558124999995901,0.0620749999999612
tag.txt,0.023606249999985247,0.02291249999998568,0.021474999999986578,0.04266249999997333,0.03864374999997585,0.041224999999974234,0.04427499999997233,0.03959999999997525,0.04536249999997165,0.15909374999990056,0.1601749999998999,0.16356249999989778,0.19493124999987815,0.21885624999986322,0.2104124999998685,0.1790687499998881,0.18024999999988733,0.18234999999988602,0.09144999999994284,0.08698124999994564,0.08906249999994434,0.06405624999995996,0.060381249999962264,0.06280624999996075,0.123193749999923,0.12099999999992438,0.11673749999992704,0.07766249999995146,0.0711999999999555,0.06700624999995812
tag.txt,0.025624999999983984,0.024312499999984805,0.022881249999985698,0.0486437499999696,0.04147499999997408,0.0460812499999712,0.04452499999997217,0.04134374999997416,0.045331249999971665,0.14437499999990977,0.15096249999990566,0.14872499999990704,0.16346874999989783,0.19275624999987953,0.18584374999988384,0.17046874999989345,0.17752499999988905,0.1804624999998872,0.09136249999994289,0.08855624999994466,0.08449999999994719,0.07308124999995433,0.06613124999995867,0.07043749999995598,0.14622499999990862,0.13899999999991314,0.13739999999991412,0.09222499999994235,0.07793749999995128,0.07833749999995104
tag.txt,0.02662499999998336,0.026243749999983596,0.024081249999984948,0.04247499999997345,0.038168749999976145,0.043543749999972785,0.04778749999997013,0.043618749999972735,0.047562499999970274,0.14859374999990713,0.15304999999990435,0.15276874999990453,0.23320624999985423,0.25770624999983893,0.25596874999984004,0.18858124999988213,0.19078124999988075,0.18757499999988275,0.09093749999994316,0.08802499999994498,0.08459999999994712,0.05948124999996282,0.055168749999965516,0.0580812499999637,0.08925624999994422,0.08437499999994727,0.08156249999994902,0.07305624999995435,0.06286249999996071,0.06425624999995984
tag.txt,0.0236812499999852,0.023137499999985538,0.0212812499999867,0.04737499999997039,0.042093749999973694,0.045162499999971774,0.04154374999997403,0.038593749999975877,0.041768749999973896,0.14681249999990825,0.14974374999990642,0.1484874999999072,0.1694499999998941,0.18764999999988272,0.18441249999988474,0.17037499999989353,0.17427499999989107,0.17787499999988882,0.0870437499999456,0.08508749999994682,0.0820749999999487,0.0723124999999548,0.06824374999995735,0.07172499999995517,0.1532937499999042,0.15182499999990512,0.15177499999990515,0.08811249999994493,0.0793499999999504,0.07543749999995285
tag.txt,0.028443749999982223,0.027756249999982652,0.026049999999983718,0.04246874999997346,0.039012499999975615,0.04309374999997306,0.04812499999996992,0.0446374999999721,0.049018749999969365,0.14851249999990718,0.15090624999990568,0.1468874999999082,0.2402999999998498,0.26423749999983487,0.2653687499998341,0.1885999999998821,0.1913749999998804,0.19146249999988033,0.08886874999994446,0.08539999999994663,0.08029999999994981,0.05769374999996394,0.05271249999996706,0.05681874999996449,0.08668124999994582,0.08226874999994858,0.07766874999995145,0.07030624999995606,0.06169374999996144,0.06333124999996041
tag.txt,0.020949999999986906,0.017443749999989096,0.016981249999989387,0.04296249999997315,0.03179999999998012,0.0374437499999766,0.04887499999996945,0.04134999999997416,0.04799999999997,0.1641374999998974,0.1782312499998886,0.1785249999998884,0.18836249999988228,0.23795624999985127,0.22369999999986018,0.17608749999988996,0.18969374999988145,0.19053124999988091,0.10224999999993609,0.10124374999993672,0.10041249999993725,0.0678499999999576,0.05529374999996544,0.05868749999996332,0.10618749999993363,0.08828749999994483,0.08536249999994665,0.08233749999994854,0.05869999999996331,0.06035624999996228
tag.txt,0.021224999999986734,0.017881249999988823,0.01790624999998881,0.04006874999997496,0.029724999999981423,0.035506249999977806,0.050487499999968447,0.04178749999997388,0.05109999999996806,0.1713874999998929,0.18796874999988253,0.18778124999988263,0.2028749999998732,0.2577999999998389,0.2396999999998502,0.17849374999988843,0.18870624999988206,0.18508124999988432,0.10194374999993629,0.09843749999993848,0.09881874999993824,0.06493124999995942,0.052418749999967235,0.05538124999996539,0.09148124999994282,0.07259374999995463,0.07234999999995478,0.0771062499999518,0.052681249999967074,0.056374999999964766
tag.txt,0.020074999999987454,0.017931249999988793,0.017574999999989016,0.03778749999997638,0.03160624999998025,0.034806249999978243,0.04862499999996961,0.04247499999997345,0.04989374999996882,0.1763499999998898,0.18525624999988421,0.18694374999988317,0.21827499999986358,0.2539187499998413,0.24261874999984837,0.1809312499998869,0.18601249999988373,0.1878312499998826,0.10294374999993566,0.09949999999993782,0.09828749999993858,0.059868749999962584,0.05100624999996812,0.05291249999996693,0.08599999999994624,0.07821249999995111,0.07461874999995337,0.06914374999995679,0.0540812499999662,0.05451249999996593
tag.txt,0.021762499999986397,0.019587499999987757,0.019143749999988035,0.037387499999976634,0.031156249999980526,0.03690624999997694,0.050631249999968354,0.04301874999997311,0.051399999999967874,0.1820937499998862,0.19063749999988086,0.19094999999988066,0.22411874999985992,0.2657687499998339,0.2516562499998427,0.1778999999998888,0.18463124999988462,0.179199999999888,0.10019999999993738,0.09778124999993888,0.09632499999993979,0.06000624999996249,0.05180624999996762,0.054306249999966055,0.07596249999995253,0.06301249999996061,0.06413124999995992,0.06993749999995628,0.052599999999967124,0.05598124999996501
tag.txt,0.02300624999998562,0.01913749999998804,0.01934374999998791,0.043306249999972936,0.03257499999997964,0.03806249999997621,0.048837499999969475,0.04091249999997443,0.04862499999996961,0.16548124999989658,0.18276874999988577,0.17996874999988752,0.18995624999988128,0.2413124999998492,0.22779999999985762,0.17339374999989163,0.18463124999988462,0.18263749999988585,0.09969374999993769,0.09992499999993755,0.09831874999993855,0.06970624999995644,0.056193749999964876,0.057906249999963806,0.10242499999993598,0.08403749999994747,0.08439374999994725,0.08419374999994737,0.058506249999963435,0.06294374999996066
tag.txt,0.02179374999998638,0.018899999999988187,0.01843124999998848,0.03956249999997527,0.032618749999979615,0.03873749999997579,0.049012499999969365,0.04204999999997372,0.04950624999996906,0.16407499999989744,0.17526874999989045,0.17053749999989343,0.219206249999863,0.25851249999983844,0.2502562499998436,0.18215624999988614,0.1929437499998794,0.188762499999882,0.09931874999993792,0.09747499999993908,0.0964812499999397,0.062356249999961026,0.05028124999996857,0.05403124999996623,0.08941874999994412,0.07774374999995141,0.07643749999995222,0.07309999999995431,0.05420624999996612,0.05681874999996449
tag.txt,0.02153749999998654,0.019274999999987955,0.018806249999988246,0.03802499999997624,0.030899999999980686,0.03416249999997865,0.05068124999996832,0.0427249999999733,0.05044999999996847,0.17495624999989065,0.18646249999988346,0.18438124999988476,0.21909999999986307,0.26089999999983693,0.25193749999984255,0.17848749999988844,0.184006249999885,0.18376874999988516,0.09837499999993851,0.09573124999994016,0.09399999999994126,0.06189374999996131,0.05176249999996765,0.05357499999996652,0.08642499999994599,0.07516874999995302,0.07233749999995479,0.07051874999995593,0.05306874999996683,0.05658124999996464
tag.txt,0.02084999999998697,0.019481249999987824,0.018856249999988216,0.03768124999997645,0.03199999999998,0.03684374999997697,0.04871249999996955,0.04300624999997312,0.049512499999969053,0.16840624999989476,0.17738124999988913,0.1740812499998912,0.23017499999985613,0.25813749999983865,0.2547062499998408,0.18723749999988298,0.19523749999987797,0.1926374999998796,0.09941874999993787,0.09779999999993888,0.09376874999994139,0.057393749999964126,0.049018749999969365,0.052499999999967184,0.08369374999994769,0.07527499999995295,0.07191874999995505,0.06643124999995847,0.05266249999996708,0.055174999999965516
tag.txt,0.016506249999989682,0.014018749999991238,0.015737499999990166,0.04266249999997333,0.03511249999997806,0.04383124999997261,0.04073749999997454,0.035931249999977544,0.043118749999973054,0.15163124999990524,0.15939374999990039,0.15750624999990157,0.22122499999986173,0.2517124999998427,0.2369624999998519,0.22437499999985977,0.23911249999985054,0.22268124999986083,0.10456249999993465,0.09981874999993762,0.10380624999993512,0.058243749999963595,0.04732499999997042,0.05309374999996681,0.06627499999995858,0.05469999999996581,0.055506249999965306,0.07378124999995389,0.0628749999999607,0.06775624999995765
tag.txt,0.017637499999988978,0.014537499999990914,0.01564999999999022,0.04428749999997232,0.03569374999997769,0.04475624999997203,0.040649999999974595,0.035849999999977594,0.04243124999997348,0.14871249999990704,0.1555249999999028,0.15479999999990324,0.20486874999987195,0.24165624999984897,0.22601249999985873,0.22314999999986054,0.2390562499998506,0.22629999999985856,0.10709999999993307,0.10323124999993548,0.10397499999993501,0.06171249999996143,0.05085624999996821,0.056118749999964926,0.07120624999995549,0.05719374999996425,0.05825624999996359,0.08067499999994958,0.0663999999999585,0.07169999999995519
tag.txt,0.016874999999989454,0.014024999999991234,0.01491249999999068,0.04174374999997391,0.034306249999978555,0.04299374999997313,0.039999999999975,0.03577499999997764,0.04280624999997325,0.15269374999990457,0.1580687499999012,0.16019374999989988,0.2199874999998625,0.25364999999984145,0.23635624999985227,0.22568749999985893,0.24165624999984897,0.22868749999985707,0.10474374999993454,0.09973124999993767,0.10114374999993679,0.05793124999996379,0.047481249999970325,0.05273124999996704,0.06616249999995864,0.0540874999999662,0.0547124999999658,0.07417499999995364,0.06121874999996174,0.06546249999995908
tag.txt,0.017268749999989206,0.014781249999990762,0.016293749999989816,0.039612499999975244,0.033299999999979187,0.04185624999997384,0.04225624999997359,0.038849999999975716,0.045587499999971505,0.15864999999990084,0.1638312499998976,0.16329374999989793,0.23529999999985293,0.26332499999983544,0.24539374999984662,0.22328749999986044,0.2380687499998512,0.2262499999998586,0.10181874999993636,0.09522499999994048,0.09703124999993935,0.05442499999996599,0.044981249999971884,0.050037499999968725,0.05743124999996411,0.04759999999997025,0.049593749999969,0.06994999999995628,0.060037499999962475,0.06466249999995959
tag.txt,0.01662499999998961,0.013449999999991594,0.014699999999990812,0.04211874999997368,0.0334312499999791,0.04306249999997309,0.03857499999997589,0.03478749999997826,0.04193749999997379,0.14979999999990637,0.1554937499999028,0.15463124999990335,0.22210624999986117,0.25737499999983915,0.23939999999985037,0.2248124999998595,0.2427312499998483,0.22683124999985824,0.10378749999993513,0.09912499999993804,0.09978124999993764,0.0587249999999633,0.048506249999969685,0.05400624999996625,0.06930624999995669,0.05477499999996577,0.05801874999996374,0.07414374999995366,0.0603249999999623,0.06763124999995773
tag.txt,0.01625624999998984,0.012549999999992156,0.014506249999990934,0.03896249999997565,0.03145624999998034,0.03977499999997514,0.03980624999997512,0.034468749999978454,0.04081874999997449,0.15059999999990586,0.1559687499999025,0.15528124999990295,0.23337499999985414,0.2694187499998316,0.25404999999984124,0.2286374999998571,0.25021249999984363,0.2333999999998541,0.10261874999993587,0.0952062499999405,0.09703124999993935,0.05564374999996522,0.04461874999997211,0.049943749999968784,0.06278124999996076,0.04873124999996954,0.05113124999996804,0.07131874999995542,0.05736874999996414,0.06406249999995996
tag.txt,0.015987499999990006,0.012924999999991922,0.014356249999991027,0.04305624999997309,0.03404374999997872,0.043874999999972575,0.038162499999976146,0.03374999999997891,0.04059999999997462,0.14852499999990718,0.15548124999990282,0.15413124999990366,0.22044374999986222,0.2521437499998424,0.23734374999985167,0.22426874999985982,0.24328749999984794,0.22950624999985655,0.10419999999993487,0.10059374999993713,0.10056874999993715,0.06026874999996233,0.049862499999968835,0.05463124999996585,0.07111249999995556,0.05649374999996469,0.05805624999996371,0.07397499999995377,0.061418749999961615,0.06693124999995817
tag.txt,0.015512499999990305,0.012362499999992274,0.013793749999991379,0.03794374999997629,0.03224999999997984,0.04001249999997499,0.036968749999976895,0.03417499999997864,0.04065624999997459,0.1507499999999058,0.15451874999990342,0.15318124999990426,0.24200624999984874,0.2741812499998286,0.26150624999983657,0.23347499999985408,0.24761874999984523,0.2327999999998545,0.10060624999993711,0.09434374999994104,0.0936062499999415,0.05429999999996606,0.04469999999997206,0.0503999999999685,0.05938124999996289,0.048262499999969836,0.05057499999996839,0.06905624999995684,0.05758749999996401,0.06346874999996033
tag.txt,0.014424999999990985,0.015324999999990421,0.016443749999989724,0.04414374999997241,0.03918124999997551,0.04951874999996905,0.031587499999980256,0.030937499999980664,0.03697499999997689,0.1507062499999058,0.15016874999990615,0.15459374999990338,0.20044999999987473,0.21556249999986526,0.19084999999988073,0.2062374999998711,0.20439374999987225,0.18614999999988366,0.09251874999994218,0.0905624999999434,0.0945562499999409,0.06649374999995844,0.06471874999995955,0.06896874999995689,0.11541874999992786,0.11401874999992874,0.11373749999992891,0.07801874999995123,0.07513124999995305,0.08820624999994488
tag.txt,0.014456249999990964,0.014043749999991223,0.01599999999999,0.039187499999975506,0.03532499999997792,0.04470624999997206,0.03425624999997859,0.03353124999997904,0.040043749999974974,0.1562812499999023,0.15739374999990163,0.16154374999989904,0.2377812499998514,0.2546312499998409,0.22617499999985863,0.21393749999986628,0.2132749999998667,0.1963187499998773,0.09206249999994245,0.09081874999994324,0.09398124999994126,0.05837499999996352,0.05579374999996513,0.060743749999962036,0.0860812499999462,0.08146874999994907,0.08436249999994727,0.06758124999995777,0.06371874999996018,0.07612499999995243
tag.txt,0.014568749999990895,0.016168749999989896,0.016299999999989812,0.04374374999997266,0.038581249999975885,0.0489562499999694,0.03221249999997987,0.031074999999980576,0.03633124999997729,0.15128124999990544,0.15101249999990563,0.1566062499999021,0.20244374999987347,0.21418749999986614,0.193574999999879,0.2038249999998726,0.19843749999987598,0.18523124999988422,0.09192499999994255,0.09223124999994235,0.09271249999994205,0.06583749999995885,0.06627499999995858,0.06893124999995692,0.11708749999992682,0.11531874999992793,0.11353124999992904,0.07707499999995182,0.07671249999995206,0.08782499999994511
tag.txt,0.015731249999990166,0.016131249999989918,0.016281249999989825,0.04589374999997132,0.04118124999997426,0.05101249999996812,0.03163749999998022,0.03046249999998096,0.03544374999997785,0.14695624999990814,0.14602499999990873,0.15016874999990615,0.19966874999987522,0.20989374999986882,0.19282499999987948,0.20374374999987266,0.1980624999998762,0.18651249999988342,0.09025624999994358,0.09017499999994363,0.0915187499999428,0.06726874999995795,0.06563749999995898,0.06897499999995689,0.12011249999992493,0.12231874999992355,0.11697499999992689,0.07873124999995079,0.08011249999994993,0.09028749999994357
tag.txt,0.014949999999990657,0.016568749999989644,0.016781249999989513,0.05147499999996783,0.0457562499999714,0.057637499999963974,0.026174999999983642,0.025918749999983802,0.03254999999997966,0.13734374999991417,0.1355187499999153,0.13990624999991255,0.1603187499998998,0.17347499999989158,0.15171874999990517,0.2033624999998729,0.20313749999987304,0.183999999999885,0.09463124999994085,0.09444999999994097,0.09745624999993908,0.0763187499999523,0.07453749999995342,0.08021874999994986,0.14199999999991125,0.1388812499999132,0.13569374999991518,0.09342499999994161,0.09175624999994265,0.10403749999993497
tag.txt,0.012449999999992219,0.012381249999992261,0.014599999999990875,0.04138124999997413,0.03585624999997759,0.04708749999997057,0.028824999999981983,0.026899999999983187,0.034468749999978454,0.14644374999990847,0.14563749999990896,0.150399999999906,0.21766249999986395,0.23750624999985157,0.2067499999998708,0.22361249999986024,0.22393124999986005,0.201593749999874,0.09208749999994245,0.0918374999999426,0.09482499999994073,0.06326874999996046,0.06087499999996195,0.06595624999995878,0.10146874999993657,0.09652499999993967,0.10108749999993683,0.0727999999999545,0.06854999999995716,0.08323124999994798
tag.txt,0.013281249999991699,0.015687499999990195,0.015537499999990288,0.04920624999996925,0.044068749999972456,0.05386874999996633,0.023943749999985036,0.02341249999998537,0.027968749999982518,0.13866249999991334,0.1334249999999166,0.13955624999991278,0.1689249999998944,0.1809562499998869,0.16165624999989897,0.20586249999987133,0.20359374999987276,0.18956874999988152,0.08867499999994458,0.0871999999999455,0.09187499999994257,0.07418124999995364,0.07227499999995483,0.07588749999995258,0.15117499999990552,0.15221249999990485,0.14403749999990997,0.0860874999999462,0.08716874999994552,0.10004374999993747
tag.txt,0.015387499999990383,0.017268749999989206,0.017062499999989336,0.053956249999966274,0.04914999999996928,0.059268749999962955,0.0249624999999844,0.02451249999998468,0.027674999999982703,0.13248749999991719,0.1293062499999192,0.1364937499999147,0.16076249999989953,0.16823124999989486,0.15474999999990327,0.19603749999987746,0.1910312499998806,0.17939999999988787,0.09053124999994341,0.089593749999944,0.09188749999994257,0.0772874999999517,0.07738124999995163,0.07655624999995216,0.15465624999990335,0.15772499999990142,0.1497562499999064,0.09393124999994129,0.09579999999994013,0.10714999999993303
tag.txt,0.01174374999999266,0.009293749999994192,0.010824999999993234,0.02689374999998319,0.023531249999985293,0.02814374999998241,0.0377562499999764,0.03139374999998038,0.03898749999997563,0.18413124999988492,0.1870374999998831,0.19089374999988068,0.29740624999981413,0.33048124999979345,0.3091249999998068,0.22635624999985854,0.23585624999985258,0.22268124999986083,0.09173749999994267,0.08401249999994749,0.08475624999994703,0.04011249999997493,0.032187499999979885,0.03742499999997661,0.03957499999997527,0.0313562499999804,0.035531249999977796,0.04428749999997232,0.03484999999997822,0.04163124999997398
tag.txt,0.008587499999994632,0.007362499999995399,0.008812499999994491,0.02204999999998622,0.019381249999987887,0.024243749999984847,0.032243749999979844,0.027931249999982543,0.03313749999997929,0.17226874999989233,0.1705437499998934,0.17654999999988966,0.36636874999977104,0.3941062499997537,0.37175624999976764,0.23257499999985465,0.23656249999985215,0.2275437499998578,0.06961249999995649,0.0641437499999599,0.06676249999995827,0.03233124999997979,0.028118749999982425,0.03298749999997938,0.030712499999980804,0.024824999999984484,0.026987499999983133,0.03324999999997922,0.027024999999983108,0.031218749999980488
tag.txt,0.011324999999992922,0.00988749999999382,0.011149999999993032,0.025112499999984304,0.02195624999998628,0.025618749999983988,0.037562499999976524,0.03136874999998039,0.0387187499999758,0.18653749999988342,0.1912374999998805,0.19449374999987845,0.310349999999806,0.3399062499997876,0.3204812499997997,0.22698124999985814,0.2286249999998571,0.22042499999986223,0.08683749999994572,0.08198749999994875,0.08276249999994827,0.03769374999997644,0.03089374999998069,0.03522499999997798,0.03623749999997735,0.02964999999998147,0.03198749999998001,0.04136249999997415,0.034487499999978445,0.03913749999997554
tag.txt,0.007606249999995246,0.006787499999995758,0.0077249999999951715,0.01974374999998766,0.01851249999998843,0.02249374999998594,0.029799999999981376,0.027012499999983116,0.030649999999980842,0.1710624999998931,0.16662499999989586,0.17432499999989104,0.39994999999975,0.42326874999973546,0.40450624999974716,0.22535624999985915,0.2262437499998586,0.21957499999986277,0.06087499999996195,0.05659374999996463,0.05863749999996335,0.02973124999998142,0.02571249999998393,0.02906874999998183,0.0270437499999831,0.02396874999998502,0.02526249999998421,0.02883124999998198,0.025274999999984202,0.027756249999982652
tag.txt,0.009737499999993914,0.007768749999995144,0.009318749999994175,0.022499999999985937,0.01913749999998804,0.021962499999986274,0.03340624999997912,0.027443749999982846,0.03597499999997752,0.17764999999988898,0.1708874999998932,0.1827124999998858,0.34538749999978413,0.3916187499997552,0.3571874999997768,0.2331187499998543,0.23266874999985457,0.2283124999998573,0.07532499999995292,0.0649562499999594,0.07168749999995519,0.032068749999979954,0.02646249999998346,0.029593749999981503,0.033537499999979035,0.0279999999999825,0.029049999999981844,0.03726874999997671,0.03105624999998059,0.03419999999997862
tag.txt,0.010631249999993356,0.009012499999994367,0.009799999999993874,0.026299999999983562,0.02315624999998553,0.02836874999998227,0.03752499999997655,0.03288124999997945,0.03997499999997502,0.1835562499998853,0.18561874999988398,0.1900874999998812,0.3115624999998053,0.3394687499997878,0.32483124999979696,0.2275437499998578,0.23559999999985276,0.2158312499998651,0.08814999999994491,0.08168749999994894,0.0849687499999469,0.038599999999975876,0.03147499999998033,0.03754999999997653,0.03436249999997852,0.027899999999982564,0.030956249999980652,0.041768749999973896,0.03319999999997925,0.03763124999997648
tag.txt,0.008549999999994656,0.00734374999999541,0.008424999999994734,0.02003124999998748,0.01753124999998904,0.02054374999998716,0.03283124999997948,0.0270437499999831,0.03486249999997821,0.18364374999988523,0.17784374999988883,0.18917499999988177,0.3539437499997788,0.39438749999975353,0.3652562499997717,0.23257499999985465,0.23299374999985437,0.22515624999985928,0.07319374999995425,0.06401874999995999,0.070399999999956,0.031193749999980504,0.026137499999983663,0.02874999999998203,0.02988749999998132,0.024443749999984724,0.025893749999983815,0.034149999999978656,0.02825624999998234,0.03153749999998029
tag.txt,0.009399999999994125,0.008268749999994832,0.009137499999994289,0.022962499999985647,0.021399999999986624,0.02644999999998347,0.03683124999997698,0.03238124999997976,0.04041249999997474,0.19204374999987997,0.1927874999998795,0.19323124999987923,0.32744999999979535,0.3496687499997815,0.33743124999978913,0.2273812499998579,0.23498749999985313,0.21914374999986302,0.08203124999994874,0.07581249999995261,0.07773124999995142,0.034224999999978606,0.028137499999982413,0.03436249999997852,0.030649999999980842,0.02524999999998422,0.027837499999982602,0.03702499999997686,0.03130624999998043,0.03426249999997859
tag.txt,0.0155187499999903,0.01390624999999131,0.015218749999990488,0.026824999999983234,0.025668749999983958,0.029481249999981574,0.0449562499999719,0.04053749999997466,0.04908124999996932,0.20089999999987443,0.20276874999987327,0.20181249999987386,0.31847499999980095,0.3403437499997873,0.3111312499998055,0.2088312499998695,0.21211874999986743,0.21318124999986676,0.08073124999994954,0.0764812499999522,0.0796874999999502,0.036218749999977366,0.031181249999980513,0.034668749999978335,0.027562499999982774,0.022906249999985685,0.025787499999983882,0.03998124999997501,0.0340874999999787,0.03994999999997503
tag.txt,0.01260624999999212,0.011643749999992722,0.013212499999991741,0.025243749999984223,0.025081249999984324,0.03137499999998039,0.03745624999997659,0.03403124999997873,0.040474999999974705,0.17703124999988937,0.17531874999989042,0.16761874999989523,0.38679374999975824,0.4051374999997468,0.3809874999997619,0.20774999999987015,0.20858749999986964,0.2059249999998713,0.05844374999996347,0.05658749999996463,0.06137499999996164,0.034412499999978495,0.030668749999980833,0.03571249999997768,0.025624999999983984,0.02231874999998605,0.025068749999984333,0.03463749999997835,0.03062499999998086,0.038249999999976095
tag.txt,0.014581249999990886,0.013512499999991554,0.015218749999990488,0.02708749999998307,0.025862499999983836,0.030393749999981005,0.04378749999997263,0.0403187499999748,0.04974999999996891,0.20166249999987396,0.20521249999987173,0.2022312499998736,0.3240374999997975,0.3390499999997881,0.30757499999980775,0.20759374999987026,0.20988124999986882,0.21175624999986764,0.07851249999995093,0.07559374999995275,0.08172499999994892,0.036624999999977106,0.03243124999997973,0.035193749999978007,0.026956249999983153,0.023031249999985605,0.025606249999983996,0.03915624999997553,0.03510624999997806,0.040549999999974655
tag.txt,0.011199999999993,0.011312499999992929,0.012487499999992196,0.027124999999983048,0.02564374999998397,0.032356249999979776,0.035412499999977864,0.03366874999997896,0.0387249999999758,0.16792499999989505,0.16752499999989529,0.16201874999989874,0.4054187499997466,0.4149249999997407,0.3900687499997562,0.2046437499998721,0.20517499999987177,0.20551874999987155,0.053643749999966475,0.05512499999996555,0.06088124999996195,0.03348749999997907,0.030212499999981116,0.03342499999997911,0.027174999999983015,0.024893749999984442,0.026868749999983208,0.033968749999978766,0.0315187499999803,0.037649999999976466
tag.txt,0.012868749999991958,0.011618749999992739,0.01278124999999201,0.024762499999984523,0.02281874999998574,0.025443749999984097,0.03818124999997614,0.03443749999997848,0.04066874999997458,0.18523124999988422,0.17624374999988984,0.18249374999988593,0.3613749999997741,0.40218124999974864,0.37031249999976856,0.22024999999986233,0.21669999999986456,0.21963749999986273,0.06554999999995903,0.05577499999996514,0.06206249999996121,0.02900624999998187,0.02581874999998386,0.0267187499999833,0.0260812499999837,0.022181249999986136,0.023649999999985218,0.036693749999977064,0.03222499999997986,0.03623124999997736
tag.txt,0.01337499999999164,0.011962499999992523,0.013474999999991579,0.026643749999983347,0.024549999999984657,0.029737499999981414,0.04212499999997367,0.037899999999976314,0.048674999999969576,0.19994374999987505,0.19906249999987558,0.19604999999987746,0.33058749999979337,0.3531874999997793,0.3172937499998017,0.21314999999986678,0.22129374999986168,0.22262499999986085,0.07890624999995069,0.07195624999995502,0.08018749999994988,0.03272499999997955,0.026568749999983394,0.030324999999981048,0.025624999999983984,0.02124374999998672,0.023593749999985255,0.03691874999997693,0.03227499999997983,0.03803749999997623
tag.txt,0.012499999999992187,0.012149999999992406,0.013043749999991848,0.024249999999984843,0.023206249999985495,0.02713749999998304,0.03769999999997644,0.03444999999997847,0.04211249999997368,0.18568124999988395,0.18103124999988685,0.18434999999988477,0.3870999999997581,0.4145249999997409,0.3726874999997671,0.2025812499998734,0.19727499999987672,0.20822499999986985,0.058499999999963435,0.05284374999996697,0.06039999999996225,0.030493749999980942,0.029124999999981797,0.030262499999981086,0.025149999999984282,0.022618749999985862,0.024424999999984733,0.036043749999977476,0.032774999999979515,0.03735624999997665
tag.txt,0.013162499999991773,0.013181249999991762,0.01489374999999069,0.027293749999982943,0.025268749999984207,0.031812499999980114,0.042537499999973416,0.03931874999997543,0.050043749999968724,0.203231249999873,0.2030687499998731,0.19314999999987928,0.3307687499997933,0.345556249999784,0.31346874999980406,0.2087999999998695,0.2129687499998669,0.2142437499998661,0.07964374999995022,0.07513124999995305,0.08167499999994896,0.033974999999978765,0.030312499999981056,0.03506874999997808,0.024631249999984606,0.021737499999986414,0.024931249999984417,0.03595624999997753,0.03345624999997909,0.040712499999974554
tag.txt,0.019018749999988115,0.018281249999988574,0.018699999999988313,0.02881249999998199,0.026793749999983255,0.029093749999981815,0.04776249999997015,0.046962499999970646,0.054581249999965886,0.20104374999987434,0.1985687499998759,0.19526249999987796,0.318393749999801,0.3353312499997904,0.3105937499998059,0.20050624999987468,0.20272499999987328,0.21138124999986788,0.07943124999995035,0.07478749999995325,0.07832499999995104,0.03416874999997865,0.03156249999998027,0.0321562499999799,0.027581249999982762,0.02476874999998452,0.026068749999983706,0.04328124999997295,0.040218749999974865,0.0438374999999726
tag.txt,0.01991874999998755,0.01918124999998801,0.019924999999987546,0.03004374999998122,0.02871874999998205,0.03194374999998004,0.04808124999996995,0.04585624999997134,0.05411249999996618,0.20024999999987483,0.19799999999987625,0.19482499999987823,0.3188374999998007,0.3336312499997915,0.30362499999981024,0.1970937499998768,0.201612499999874,0.20789374999987006,0.07593124999995254,0.07278749999995451,0.07914374999995054,0.03562499999997774,0.0316874999999802,0.03248749999997969,0.028874999999981953,0.02599999999998375,0.028331249999982294,0.04534374999997166,0.042524999999973424,0.04771249999997018
tag.txt,0.018874999999988203,0.01863749999998835,0.01911874999998805,0.02764999999998272,0.027337499999982914,0.02936249999998165,0.04707499999997058,0.045356249999971655,0.054049999999966215,0.20070624999987455,0.19816249999987615,0.1948812499998782,0.32745624999979533,0.33813124999978866,0.3122874999998048,0.20214374999987367,0.20529374999987168,0.21347499999986658,0.07469374999995332,0.07165624999995522,0.07675624999995202,0.032693749999979566,0.030037499999981225,0.030724999999980795,0.02609999999998369,0.024212499999984868,0.02548749999998407,0.042606249999973374,0.04117499999997427,0.04385624999997259
tag.txt,0.019687499999987694,0.018856249999988216,0.01928124999998795,0.02906874999998183,0.028456249999982215,0.030293749999981065,0.04920624999996925,0.04771249999997018,0.055606249999965246,0.20074999999987453,0.19914999999987554,0.19879374999987576,0.31881874999980075,0.32969999999979394,0.3052374999998092,0.20101249999987436,0.20478124999987202,0.20826249999986984,0.07836874999995101,0.07446874999995345,0.07849999999995094,0.0328062499999795,0.030106249999981183,0.031256249999980466,0.0262374999999836,0.024299999999984813,0.026774999999983267,0.04404374999997247,0.04246874999997346,0.04599374999997125
tag.txt,0.01731249999998918,0.016906249999989433,0.01750624999998906,0.029812499999981368,0.028181249999982387,0.03197499999998001,0.048856249999969466,0.04699999999997063,0.05349374999996657,0.20557499999987153,0.20556874999987151,0.20196874999987377,0.30954999999980654,0.32184999999979885,0.3038062499998101,0.18818749999988238,0.19176249999988015,0.19178749999988012,0.07971874999995017,0.07768124999995145,0.07886249999995071,0.040199999999974874,0.0366499999999771,0.040712499999974554,0.03581249999997762,0.03198124999998001,0.033799999999978875,0.04497499999997189,0.042418749999973485,0.04608749999997119
tag.txt,0.016824999999989484,0.01639999999998975,0.0166374999999896,0.030899999999980686,0.030924999999980673,0.03468749999997832,0.043724999999972675,0.04270624999997331,0.04745624999997034,0.19706249999987682,0.19653124999987717,0.1915249999998803,0.3481249999997824,0.3579249999997763,0.3438187499997851,0.18681249999988325,0.18659374999988337,0.1892499999998817,0.06748749999995782,0.06653124999995842,0.06638124999995851,0.03939374999997538,0.036368749999977266,0.03974999999997516,0.028662499999982084,0.026949999999983158,0.028137499999982413,0.04100624999997437,0.03906874999997558,0.042356249999973526
tag.txt,0.017306249999989184,0.01688124999998945,0.01729999999998919,0.029462499999981587,0.02875624999998203,0.03259374999997963,0.04886249999996946,0.0462437499999711,0.0540874999999662,0.20277499999987325,0.20446874999987222,0.20010624999987492,0.3148312499998032,0.3276562499997952,0.30565624999980895,0.19209999999987995,0.1916749999998802,0.19575624999987765,0.07915624999995052,0.07654374999995216,0.07836249999995103,0.038406249999975994,0.035506249999977806,0.038762499999975775,0.03308124999997932,0.03003124999998123,0.03198124999998001,0.04401874999997249,0.0422374999999736,0.04539374999997163
tag.txt,0.016474999999989703,0.016631249999989606,0.016887499999989446,0.03238124999997976,0.03156874999998027,0.03563124999997773,0.04573749999997141,0.044412499999972245,0.0476812499999702,0.19307499999987932,0.19399374999987876,0.18753749999988278,0.3481624999997824,0.3560062499997775,0.34564999999978396,0.18632499999988356,0.1868562499998832,0.18901249999988187,0.06714999999995803,0.06610624999995868,0.0666999999999583,0.03959374999997525,0.037318749999976676,0.04001874999997499,0.028806249999981996,0.02663749999998335,0.027912499999982555,0.04229374999997357,0.040468749999974706,0.042968749999973146
tag.txt,0.023499999999985314,0.0231999999999855,0.023324999999985423,0.0363249999999773,0.03606874999997746,0.03634999999997728,0.05451874999996593,0.0523187499999673,0.056787499999964505,0.1896124999998815,0.18796249999988252,0.19001874999988125,0.307199999999808,0.3199499999998,0.308812499999807,0.18133124999988667,0.182393749999886,0.18198124999988627,0.0716687499999552,0.06839999999995725,0.06997499999995627,0.04503749999997185,0.04332499999997292,0.04444999999997222,0.03607499999997745,0.0334312499999791,0.03452499999997842,0.05473124999996579,0.052949999999966905,0.05377499999996639
tag.txt,0.022031249999986232,0.021862499999986337,0.022618749999985862,0.03524374999997797,0.03468124999997833,0.03847499999997595,0.055274999999965456,0.054393749999966004,0.05931874999996293,0.19773124999987643,0.1980812499998762,0.19349374999987906,0.29446249999981594,0.30072499999981206,0.2866999999998208,0.18071249999988706,0.1838249999998851,0.184006249999885,0.08056249999994965,0.08046249999994971,0.0820812499999487,0.044387499999972255,0.04194999999997378,0.044212499999972364,0.03623124999997736,0.032931249999979414,0.0348812499999782,0.053362499999966645,0.05108749999996807,0.054212499999966114
tag.txt,0.023299999999985437,0.02273749999998579,0.022674999999985828,0.035612499999977745,0.035256249999977965,0.0366374999999771,0.054331249999966046,0.052281249999967326,0.056631249999964606,0.1959812499998775,0.1948749999998782,0.19448749999987844,0.31490624999980316,0.32487499999979697,0.3139249999998038,0.17207499999989245,0.17458749999989087,0.1754937499998903,0.0691124999999568,0.06605624999995871,0.06739374999995788,0.046274999999971075,0.044843749999971975,0.045337499999971664,0.034406249999978496,0.03230624999997981,0.03350624999997906,0.05399999999996625,0.052181249999967386,0.05391249999996631
tag.txt,0.023031249999985605,0.022631249999985854,0.023512499999985306,0.035093749999978066,0.034743749999978285,0.03753124999997654,0.05538124999996539,0.05498749999996563,0.05876874999996327,0.1964437499998772,0.19720624999987674,0.19276874999987953,0.2926062499998171,0.2990187499998131,0.28648124999982094,0.18106249999988683,0.18113124999988678,0.18358749999988525,0.08084374999994948,0.08007499999994995,0.0811187499999493,0.045418749999971614,0.043893749999972566,0.04613749999997117,0.03604999999997747,0.034068749999978706,0.035193749999978007,0.054068749999966206,0.052243749999967344,0.054899999999965685
tag.txt,0.010731249999993293,0.009687499999993946,0.01036874999999352,0.024693749999984565,0.021268749999986708,0.025287499999984194,0.04009999999997494,0.03331874999997918,0.04103124999997435,0.20054374999987465,0.19989374999987505,0.20581874999987138,0.3326374999997921,0.3660749999997712,0.3421249999997862,0.19504374999987809,0.19117499999988052,0.18586249999988383,0.07667499999995207,0.07036249999995603,0.07158124999995526,0.03723124999997673,0.0340874999999787,0.03702499999997686,0.04315624999997303,0.0401562499999749,0.042187499999973635,0.039187499999975506,0.033974999999978765,0.03871249999997581
tag.txt,0.011531249999992792,0.010124999999993672,0.010762499999993274,0.025018749999984363,0.02193124999998629,0.02427499999998483,0.03539374999997788,0.030374999999981014,0.036118749999977426,0.18843124999988223,0.1854187499998841,0.19444999999987847,0.35236874999977974,0.3859624999997588,0.36296249999977315,0.20405624999987246,0.20179374999987387,0.19699374999987687,0.07278749999995451,0.06722499999995799,0.06878124999995701,0.03378749999997888,0.029924999999981296,0.032356249999979776,0.03737499999997664,0.034399999999978496,0.035762499999977646,0.03924999999997547,0.03284374999997947,0.03753749999997654
tag.txt,0.011674999999992703,0.010599999999993375,0.011387499999992882,0.02790624999998256,0.0238437499999851,0.028731249999982042,0.037718749999976424,0.031237499999980475,0.03740624999997662,0.19125624999988047,0.1902249999998811,0.19610624999987744,0.324781249999797,0.35459999999977837,0.33286874999979194,0.19704374999987684,0.19291249999987942,0.18808749999988245,0.07722499999995174,0.07418124999995364,0.07417499999995364,0.03843124999997598,0.03532499999997792,0.038168749999976145,0.048843749999969474,0.04689999999997069,0.04862499999996961,0.0451187499999718,0.04017499999997489,0.04444374999997222
tag.txt,0.01188749999999257,0.011574999999992766,0.012268749999992333,0.027943749999982535,0.024281249999984825,0.028024999999982484,0.03878749999997576,0.032599999999979624,0.03746874999997658,0.18776249999988265,0.18488749999988444,0.19252499999987968,0.33234999999979226,0.36315624999977303,0.33940624999978786,0.201624999999874,0.19564999999987773,0.19397499999987877,0.07538749999995288,0.07049999999995593,0.07138124999995539,0.03569999999997769,0.03358124999997901,0.036887499999976946,0.04443749999997223,0.043893749999972566,0.04441874999997224,0.04411874999997242,0.039874999999975076,0.043643749999972725
tag.txt,0.01499374999999063,0.014918749999990676,0.015506249999990309,0.03001249999998124,0.0260749999999837,0.03144374999998035,0.04314374999997304,0.0398312499999751,0.044793749999972,0.19144999999988035,0.19041874999988098,0.19383749999987884,0.30211249999981116,0.3195062499998003,0.3022437499998111,0.1942437499998786,0.1942687499998786,0.1868562499998832,0.07499999999995312,0.07179374999995512,0.07310624999995431,0.04178124999997389,0.03886874999997571,0.04246249999997346,0.056549999999964656,0.05658749999996463,0.05603124999996498,0.050712499999968304,0.047731249999970166,0.053718749999966425
tag.txt,0.016199999999989875,0.01564374999999022,0.016281249999989825,0.028187499999982383,0.025499999999984063,0.028781249999982012,0.043199999999973,0.03973124999997517,0.0455999999999715,0.1978999999998763,0.19674999999987702,0.20018749999987487,0.31024999999980607,0.3286562499997946,0.30937499999980667,0.19496249999987814,0.19474374999987829,0.19084999999988073,0.07149374999995532,0.06712499999995805,0.06982499999995635,0.038399999999976,0.03681874999997699,0.03916874999997552,0.04999374999996875,0.04989999999996881,0.0499124999999688,0.04941249999996912,0.04513124999997179,0.05001874999996874
tag.txt,0.01526249999999046,0.015512499999990305,0.015668749999990208,0.031093749999980567,0.02716874999998302,0.0329624999999794,0.04161249999997399,0.03844999999997597,0.043193749999973004,0.19548124999987782,0.1945812499998784,0.1959687499998775,0.30121249999981176,0.31544374999980285,0.30136874999981167,0.18199374999988624,0.18058124999988714,0.17656874999988964,0.07405624999995371,0.07079374999995576,0.07036874999995602,0.04373124999997267,0.04299999999997312,0.04452499999997217,0.06164374999996147,0.06254374999996092,0.06299374999996063,0.05391249999996631,0.051924999999967546,0.05638124999996476
tag.txt,0.017112499999989303,0.017212499999989243,0.017806249999988873,0.03626874999997733,0.03203124999997998,0.03750624999997656,0.04161874999997399,0.03853749999997591,0.044074999999972456,0.1838249999998851,0.18344374999988536,0.18356249999988528,0.27476874999982825,0.28750624999982033,0.2730999999998293,0.1918312499998801,0.19081874999988074,0.18824999999988234,0.07819999999995113,0.07479374999995325,0.07562499999995273,0.045412499999971614,0.0459124999999713,0.04709999999997056,0.06876249999995702,0.06958124999995652,0.06881249999995699,0.06219999999996113,0.0601624999999624,0.0641624999999599
tag.txt,0.020187499999987382,0.01569374999999019,0.01593749999999004,0.038581249999975885,0.02860624999998212,0.031674999999980205,0.05817499999996364,0.0433562499999729,0.04945624999996909,0.188831249999882,0.19909999999987557,0.2006249999998746,0.2739249999998288,0.3432312499997855,0.32361249999979774,0.17879374999988826,0.17304999999989185,0.1745687499998909,0.08328749999994794,0.0707187499999558,0.07189999999995506,0.04966249999996896,0.042956249999973155,0.0446312499999721,0.04669999999997081,0.03749999999997656,0.03856874999997589,0.06185624999996134,0.045787499999971386,0.04902499999996936
tag.txt,0.01798749999998876,0.013356249999991653,0.01446249999999096,0.033637499999978976,0.024868749999984455,0.028731249999982042,0.053699999999966434,0.03905624999997559,0.046099999999971185,0.19199374999988,0.20213749999987365,0.20148749999987406,0.2955249999998153,0.36411874999977245,0.3390937499997881,0.18263749999988585,0.17303124999989186,0.1726374999998921,0.0779249999999513,0.0652749999999592,0.06733124999995792,0.04426249999997234,0.03851249999997593,0.04168749999997395,0.04598749999997126,0.040037499999974975,0.04231874999997355,0.05634374999996478,0.039606249999975245,0.04614999999997116
tag.txt,0.019687499999987694,0.015987499999990006,0.01614374999998991,0.03804374999997622,0.027974999999982514,0.030712499999980804,0.05638124999996476,0.04216249999997365,0.047399999999970376,0.1905624999998809,0.1980687499998762,0.2009749999998744,0.278462499999826,0.35154999999978026,0.32964374999979396,0.17783749999988885,0.16806874999989496,0.17214999999989242,0.07955624999995027,0.0684812499999572,0.06871249999995706,0.04937499999996914,0.04215624999997365,0.044468749999972204,0.04805624999996996,0.03991874999997505,0.04078124999997451,0.06203749999996123,0.04563124999997148,0.049012499999969365
tag.txt,0.019781249999987635,0.014906249999990684,0.01571249999999018,0.03667499999997708,0.026243749999983596,0.03111874999998055,0.05526874999996546,0.04108749999997432,0.04666874999997083,0.1918187499998801,0.19956874999987526,0.19963124999987522,0.2857437499998214,0.3564249999997772,0.3330374999997919,0.1722937499998923,0.16902499999989437,0.16904374999989435,0.07547499999995283,0.06588749999995883,0.06829374999995731,0.048856249999969466,0.040556249999974654,0.043556249999972776,0.05126249999996796,0.042956249999973155,0.04345624999997284,0.06282499999996073,0.04334374999997291,0.04948124999996907
tag.txt,0.01996874999998752,0.014749999999990781,0.01564999999999022,0.03801874999997624,0.02718124999998301,0.030956249999980652,0.05537499999996539,0.03897499999997564,0.04643124999997098,0.19001249999988123,0.19766249999987645,0.19928749999987544,0.27239374999982974,0.35471249999977833,0.32669374999979583,0.17576874999989014,0.1684874999998947,0.17254999999989215,0.083212499999948,0.06870624999995706,0.07076874999995576,0.0499124999999688,0.041337499999974166,0.04419999999997237,0.05094999999996815,0.042674999999973325,0.04284374999997322,0.06438749999995975,0.045512499999971555,0.05061874999996836
tag.txt,0.017699999999988936,0.013249999999991718,0.014018749999991238,0.03443124999997848,0.02469999999998456,0.02886249999998196,0.052681249999967074,0.039868749999975084,0.04573749999997141,0.1899187499998813,0.19413124999987866,0.1965124999998772,0.3057999999998089,0.37924999999976294,0.35154999999978026,0.17591249999989006,0.16727499999989545,0.16953124999989405,0.07773749999995141,0.06546874999995908,0.06896249999995689,0.04488124999997195,0.03750624999997656,0.04033749999997479,0.044331249999972296,0.03846249999997596,0.03933749999997541,0.05660624999996462,0.04008749999997494,0.04514999999997178
tag.txt,0.019143749999988035,0.01508749999999057,0.015368749999990395,0.03493124999997817,0.02585624999998384,0.027756249999982652,0.056099999999964935,0.04284374999997322,0.04838124999996976,0.19067499999988083,0.19611249999987743,0.20011874999987492,0.2881562499998199,0.36028749999977483,0.3377937499997889,0.18281249999988575,0.17238749999989225,0.1750249999998906,0.08069374999994956,0.0678437499999576,0.07032499999995605,0.04726874999997046,0.04049999999997469,0.041256249999974216,0.04358124999997276,0.03733124999997667,0.03788124999997632,0.0566374999999646,0.041749999999973905,0.04609374999997119
tag.txt,0.019287499999987946,0.014499999999990937,0.015062499999990585,0.03768749999997645,0.025924999999983798,0.030356249999981027,0.05545624999996534,0.03938749999997538,0.045781249999971386,0.19338124999987913,0.19974374999987515,0.20150624999987407,0.283212499999823,0.36361874999977273,0.3382062499997886,0.169612499999894,0.1643374999998973,0.1652687499998967,0.07831874999995105,0.06613124999995867,0.06838749999995726,0.047974999999970014,0.03998124999997501,0.04266874999997333,0.05138124999996788,0.04289374999997319,0.043618749999972735,0.06368749999996019,0.043481249999972826,0.04914374999996929
tag.txt,0.017106249999989307,0.01516874999999052,0.01483124999999073,0.03384374999997885,0.027456249999982838,0.0332749999999792,0.04939374999996913,0.043637499999972726,0.05194999999996753,0.1860812499998837,0.18676874999988327,0.19211249999987992,0.2779124999998263,0.31122499999980546,0.2921499999998174,0.20595624999987128,0.21973124999986265,0.21671249999986456,0.09013749999994367,0.0820687499999487,0.08312499999994805,0.04217499999997364,0.03498749999997813,0.0366437499999771,0.043012499999973114,0.03467499999997833,0.033718749999978925,0.05438124999996601,0.04428124999997232,0.04548124999997157
tag.txt,0.01708749999998932,0.014787499999990758,0.014849999999990718,0.033956249999978774,0.028468749999982206,0.03575624999997765,0.05065624999996834,0.04316874999997302,0.05324374999996672,0.18587499999988383,0.1883187499998823,0.19259999999987962,0.2712437499998305,0.30657499999980836,0.28408749999982247,0.20039374999987475,0.21304999999986685,0.2062249999998711,0.09144374999994284,0.08597499999994626,0.08645624999994596,0.04548124999997157,0.03709374999997682,0.04162499999997398,0.04698124999997064,0.03714999999997678,0.03719374999997675,0.056881249999964446,0.045412499999971614,0.04796249999997002
tag.txt,0.018412499999988494,0.016606249999989622,0.016693749999989568,0.03428749999997857,0.028649999999982093,0.03374999999997891,0.0502437499999686,0.04471874999997205,0.05427499999996608,0.1857874999998839,0.18495624999988441,0.1916874999998802,0.2723374999998298,0.305643749999809,0.283212499999823,0.20609374999987118,0.21924999999986297,0.21546874999986534,0.09129999999994294,0.08384374999994759,0.08500624999994687,0.04221249999997362,0.035681249999977696,0.037812499999976365,0.04374999999997266,0.0350437499999781,0.03452499999997842,0.05557499999996526,0.045606249999971496,0.04756874999997027
tag.txt,0.017443749999989096,0.016168749999989896,0.015443749999990347,0.030999999999980626,0.027881249999982573,0.03258124999997963,0.049531249999969044,0.04353124999997279,0.0521624999999674,0.1849749999998844,0.18501874999988435,0.190412499999881,0.297587499999814,0.3261437499997962,0.30919999999980674,0.21159999999986775,0.2184062499998635,0.21762499999986398,0.08374999999994766,0.07756249999995152,0.07755624999995153,0.039106249999975556,0.03259374999997963,0.03453749999997841,0.035749999999977654,0.030212499999981116,0.02900624999998187,0.049256249999969214,0.04248124999997345,0.04147499999997408
tag.txt,0.02009374999998744,0.0183999999999885,0.018274999999988578,0.035749999999977654,0.03188124999998007,0.03598749999997751,0.052781249999967014,0.047993749999970005,0.05674374999996454,0.18326874999988546,0.18369999999988518,0.18743124999988287,0.2732562499998292,0.29913749999981304,0.2845687499998221,0.20389374999987256,0.21269999999986705,0.2089499999998694,0.08966249999994395,0.08491249999994693,0.08501249999994687,0.04298124999997314,0.036712499999977055,0.03749374999997657,0.04169999999997394,0.03506874999997808,0.034662499999978336,0.056612499999964615,0.04949374999996907,0.0508749999999682
tag.txt,0.01977499999998764,0.018231249999988604,0.01735624999998915,0.03447499999997845,0.0310374999999806,0.03607499999997745,0.05258124999996713,0.04856874999996964,0.05723124999996423,0.1837999999998851,0.1828937499998857,0.18778124999988263,0.2715374999998303,0.29748749999981405,0.28055624999982465,0.20572499999987143,0.21463749999986584,0.21020624999986862,0.08914374999994429,0.0849687499999469,0.08596874999994628,0.0446374999999721,0.03784374999997635,0.03916874999997552,0.04164999999997397,0.03510624999997806,0.03553749999997779,0.05667499999996458,0.04922499999996923,0.050118749999968674
tag.txt,0.01961874999998774,0.01798749999998876,0.017468749999989083,0.03479999999997825,0.030293749999981065,0.03444999999997847,0.05348749999996657,0.04624999999997109,0.05563749999996523,0.1862749999998836,0.18678749999988326,0.19148749999988032,0.2663874999998335,0.29818749999981364,0.2788374999998257,0.1979312499998763,0.20874374999986953,0.20645624999987097,0.09061874999994336,0.08499374999994688,0.08558749999994651,0.04628749999997107,0.03870624999997581,0.03964999999997522,0.045931249999971294,0.03848124999997595,0.03774999999997641,0.058662499999963334,0.04956874999996902,0.052674999999967075
tag.txt,0.02078124999998701,0.019799999999987626,0.01943749999998785,0.03495624999997815,0.03228749999997982,0.03735624999997665,0.05437499999996601,0.048856249999969466,0.057818749999963864,0.1817874999998864,0.1831812499998855,0.18518124999988425,0.2778062499998264,0.29883749999981324,0.2793999999998254,0.20012499999987493,0.20818749999986988,0.20552499999987153,0.08793124999994505,0.08386874999994758,0.08634374999994604,0.044056249999972465,0.03868749999997582,0.04084999999997447,0.04156874999997402,0.036456249999977215,0.035668749999977704,0.056612499999964615,0.04983749999996885,0.052418749999967235
tag.txt,0.021256249999986716,0.02036874999998727,0.019912499999987555,0.04504374999997185,0.03886874999997571,0.046218749999971116,0.04606249999997121,0.042324999999973544,0.049268749999969205,0.16570624999989644,0.1686562499998946,0.169606249999894,0.2115249999998678,0.23608749999985246,0.2236374999998602,0.1652624999998967,0.17005624999989372,0.16586249999989633,0.08948124999994407,0.08953124999994404,0.0878312499999451,0.06344374999996034,0.06054374999996216,0.06248749999996094,0.10870624999993206,0.09947499999993782,0.09909999999993806,0.08351249999994781,0.07408749999995369,0.07607499999995246
tag.txt,0.021318749999986675,0.02073124999998704,0.01998749999998751,0.039862499999975085,0.0359937499999775,0.0411187499999743,0.05049374999996844,0.04511249999997181,0.0519999999999675,0.17114999999989303,0.17289999999989195,0.17051874999989342,0.26019374999983735,0.2865124999998209,0.2788374999998257,0.17594999999989003,0.18212499999988618,0.1765124999998897,0.08515624999994678,0.08361249999994774,0.08009374999994993,0.05591249999996505,0.05078124999996826,0.054749999999965784,0.07381249999995387,0.0651124999999593,0.0649687499999594,0.06614999999995866,0.0571187499999643,0.06121249999996174
tag.txt,0.022381249999986013,0.022006249999986245,0.020818749999986987,0.0491187499999693,0.04237499999997352,0.04921874999996924,0.04324374999997297,0.04156249999997402,0.04628749999997107,0.1594999999999003,0.1611374999998993,0.16251249999989842,0.19739374999987663,0.21499374999986562,0.20709999999987055,0.16393124999989755,0.1649624999998969,0.1644812499998972,0.0894437499999441,0.09064999999994335,0.08862499999994461,0.06691874999995817,0.06586249999995883,0.06569999999995894,0.11788749999992632,0.11447499999992845,0.11074999999993078,0.09018124999994363,0.08197499999994877,0.08450624999994719
tag.txt,0.02257499999998589,0.022374999999986017,0.020756249999987028,0.03914374999997554,0.03548749999997782,0.04118124999997426,0.048743749999969534,0.04523124999997173,0.050887499999968194,0.1683187499998948,0.1691249999998943,0.16733749999989542,0.2668249999998332,0.286437499999821,0.2801437499998249,0.18279374999988576,0.1848124999998845,0.1830312499998856,0.08508124999994682,0.08308749999994806,0.08018124999994988,0.05411249999996618,0.05025624999996859,0.052524999999967174,0.06933749999995667,0.06638749999995851,0.06442499999995974,0.06306874999996058,0.0567999999999645,0.059531249999962794
tag.txt,0.02723124999998298,0.02531249999998418,0.024168749999984893,0.04347499999997283,0.037731249999976416,0.04059999999997462,0.056118749999964926,0.04837499999996977,0.0552062499999655,0.16994999999989377,0.17234374999989227,0.1782437499998886,0.21820624999986363,0.25542499999984036,0.2401499999998499,0.16903124999989436,0.18019999999988737,0.1763499999998898,0.0955124999999403,0.09090624999994318,0.09255624999994215,0.05989374999996257,0.053712499999966426,0.05417499999996614,0.08145624999994909,0.07033124999995605,0.06940624999995662,0.07912499999995054,0.06566249999995896,0.06914374999995679
tag.txt,0.024674999999984577,0.02302499999998561,0.023237499999985478,0.04596874999997127,0.039512499999975303,0.04444374999997222,0.051843749999967596,0.04786249999997009,0.05358124999996651,0.16775624999989516,0.17172499999989266,0.17204999999989246,0.20519999999987176,0.22971874999985642,0.2203374999998623,0.16093749999989942,0.1684374999998947,0.16364374999989773,0.09114374999994304,0.09161249999994274,0.09147499999994282,0.06476249999995952,0.06009374999996244,0.06104374999996185,0.10270624999993581,0.09239374999994225,0.09102499999994311,0.08500624999994687,0.07561874999995274,0.07916249999995052
tag.txt,0.02492499999998442,0.023531249999985293,0.0225624999999859,0.04129374999997419,0.03660624999997712,0.0388749999999757,0.05410624999996618,0.04860624999996962,0.054843749999965725,0.17394999999989127,0.17628749999988982,0.18188124999988634,0.2241937499998599,0.25128749999984296,0.2403124999998498,0.1699374999998938,0.17709999999988932,0.17474999999989077,0.09334999999994166,0.0889562499999444,0.09069999999994331,0.05906874999996308,0.05447499999996595,0.053981249999966265,0.08389374999994757,0.07767499999995145,0.0750437499999531,0.07528124999995295,0.06547499999995908,0.06704999999995809
tag.txt,0.02391874999998505,0.023287499999985445,0.022924999999985672,0.046968749999970645,0.04103749999997435,0.047131249999970544,0.04983124999996885,0.04526874999997171,0.05111249999996805,0.16391874999989756,0.1657624999998964,0.1682999999998948,0.20378124999987263,0.22238749999986102,0.20980624999986888,0.16116874999989927,0.1651124999998968,0.16506249999989683,0.09293124999994191,0.09399374999994126,0.09338124999994164,0.06468749999995957,0.06410624999995994,0.06326874999996046,0.10613124999993366,0.10044999999993721,0.09819374999993863,0.08666249999994584,0.07859374999995088,0.0808187499999495
tag.txt,0.015706249999990183,0.01473749999999079,0.015574999999990265,0.02794999999998253,0.02705624999998309,0.028731249999982042,0.045424999999971606,0.042437499999973476,0.04621249999997112,0.18167499999988646,0.17548749999989033,0.17673749999988952,0.35171249999978016,0.38508749999975933,0.36515624999977175,0.2152124999998655,0.20821249999986988,0.21704999999986435,0.0713562499999554,0.06315624999996053,0.06524999999995922,0.03179374999998013,0.03033749999998104,0.028824999999981983,0.02110624999998681,0.018968749999988144,0.019468749999987833,0.03806249999997621,0.03451874999997843,0.03699374999997688
tag.txt,0.015924999999990048,0.01523124999999048,0.016131249999989918,0.02808124999998245,0.025799999999983874,0.029931249999981292,0.0433499999999729,0.04134999999997416,0.04770624999997018,0.17683124999988947,0.17385624999989133,0.17491874999989068,0.3317374999997927,0.3507749999997808,0.3306874999997933,0.23400624999985375,0.24014374999984991,0.2353374999998529,0.07534374999995291,0.06919374999995676,0.071981249999955,0.03143749999998035,0.027243749999982973,0.029656249999981465,0.022906249999985685,0.018987499999988132,0.021737499999986414,0.040381249999974764,0.03741874999997662,0.041912499999973804
tag.txt,0.014399999999991,0.014012499999991242,0.014793749999990754,0.025612499999983992,0.024712499999984556,0.026681249999983322,0.045099999999971815,0.043381249999972886,0.0473562499999704,0.1886312499998821,0.18323749999988548,0.18277499999988575,0.3595437499997753,0.38583749999975886,0.3659062499997713,0.21302499999986685,0.20519999999987176,0.21478749999986577,0.06648124999995846,0.06153749999996154,0.06361874999996024,0.03190624999998006,0.031131249999980543,0.02902499999998186,0.02025624999998734,0.018443749999988473,0.019224999999987984,0.0350437499999781,0.03250624999997968,0.0358312499999776
tag.txt,0.016118749999989926,0.015174999999990516,0.01639999999998975,0.027324999999982922,0.025918749999983802,0.029974999999981267,0.043468749999972835,0.04221249999997362,0.048518749999969676,0.18338749999988538,0.17946249999988784,0.18039999999988726,0.3361687499997899,0.3563312499997773,0.33072499999979327,0.22004999999986247,0.2215999999998615,0.22422499999985987,0.07376874999995389,0.06819999999995738,0.07181874999995512,0.032699999999979565,0.03068749999998082,0.03143749999998035,0.025306249999984185,0.021518749999986552,0.023368749999985394,0.04170624999997393,0.03889374999997569,0.043131249999973045
tag.txt,0.012868749999991958,0.012093749999992442,0.012874999999991954,0.02308749999998557,0.02161874999998649,0.025956249999983777,0.0427249999999733,0.04053749999997466,0.046731249999970796,0.18954999999988154,0.1865312499998834,0.18494374999988442,0.3525124999997797,0.37493749999976567,0.35430624999977856,0.22746874999985783,0.22580624999985888,0.2262062499998586,0.07084374999995573,0.06588749999995883,0.06828124999995733,0.027418749999982863,0.024937499999984413,0.02699374999998313,0.020131249999987416,0.01726249999998921,0.019124999999988047,0.03339374999997913,0.030387499999981006,0.034581249999978386
tag.txt,0.011974999999992516,0.011506249999992809,0.012849999999991969,0.023081249999985575,0.022118749999986177,0.026212499999983617,0.0419187499999738,0.03988749999997507,0.04654374999997091,0.19028124999988108,0.18663749999988336,0.1830374999998856,0.3638124999997726,0.38071249999976203,0.36135624999977417,0.21866249999986334,0.22275624999986077,0.22260624999986087,0.07042499999995598,0.06419999999995987,0.06790624999995756,0.027831249999982606,0.024731249999984543,0.02718124999998301,0.019674999999987702,0.017224999999989235,0.018856249999988216,0.03233749999997979,0.03022499999998111,0.033449999999979094
tag.txt,0.012918749999991926,0.011781249999992636,0.012893749999991941,0.023999999999985,0.02286249999998571,0.026906249999983183,0.04189999999997381,0.04051249999997468,0.04699999999997063,0.1943874999998785,0.19074374999988078,0.19068749999988083,0.3534249999997791,0.3763374999997648,0.35094999999978066,0.2121749999998674,0.21075624999986828,0.21626249999986483,0.0702437499999561,0.06471874999995955,0.06840624999995724,0.030962499999980648,0.02867499999998208,0.029506249999981558,0.02434999999998478,0.02081249999998699,0.021606249999986497,0.03563749999997773,0.0327999999999795,0.035781249999977637
tag.txt,0.012193749999992379,0.01194999999999253,0.013618749999991488,0.02396874999998502,0.023243749999985474,0.026931249999983167,0.043012499999973114,0.04190624999997381,0.04761249999997024,0.19405624999987872,0.1897499999998814,0.18466874999988458,0.37032499999976853,0.3883499999997573,0.36917499999976927,0.2084874999998697,0.20491249999987193,0.2110624999998681,0.06476874999995952,0.06164999999996147,0.06573124999995891,0.028393749999982253,0.027193749999983002,0.02763124999998273,0.021612499999986493,0.019356249999987904,0.018981249999988136,0.03318124999997926,0.0316874999999802,0.034587499999978386
tag.txt,0.015531249999990292,0.013781249999991387,0.013543749999991535,0.035081249999978074,0.028012499999982492,0.03313749999997929,0.042424999999973484,0.035931249999977544,0.0409499999999744,0.18238749999988602,0.18631874999988354,0.19157499999988026,0.2564687499998397,0.2933874999998166,0.2785437499998259,0.18056874999988715,0.18386249999988508,0.18183124999988634,0.08348124999994783,0.07873749999995079,0.07848749999995094,0.053449999999966594,0.048262499999969836,0.04871874999996955,0.08514374999994678,0.07596249999995253,0.07588749999995258,0.06546249999995908,0.05574374999996516,0.05732499999996417
tag.txt,0.015174999999990516,0.013387499999991634,0.01294374999999191,0.03291874999997942,0.026024999999983735,0.031237499999980475,0.04196874999997377,0.035356249999977905,0.042243749999973594,0.18264374999988583,0.18776874999988263,0.1899187499998813,0.2764249999998272,0.31684374999980197,0.3036937499998102,0.18181249999988636,0.18461874999988462,0.18022499999988736,0.08123124999994923,0.07701249999995187,0.07621874999995236,0.05057499999996839,0.04443124999997223,0.04760624999997025,0.07556249999995278,0.06509999999995932,0.06391874999996006,0.06168749999996145,0.04945624999996909,0.0519937499999675
tag.txt,0.01708749999998932,0.015587499999990258,0.015018749999990613,0.041418749999974115,0.034306249999978555,0.04054374999997466,0.038087499999976196,0.034487499999978445,0.038262499999976086,0.17127499999989296,0.17284999999989198,0.17963124999988772,0.22920624999985675,0.2550937499998406,0.24276249999984828,0.1734562499998916,0.17399374999989126,0.17593124999989004,0.08699999999994562,0.08339999999994788,0.08310624999994806,0.06036249999996227,0.05946249999996284,0.058593749999963377,0.10443749999993472,0.09911874999993806,0.09612499999993993,0.07766874999995145,0.07169999999995519,0.07002499999995623
tag.txt,0.01614374999998991,0.015481249999990324,0.015037499999990602,0.036443749999977224,0.031124999999980547,0.03609374999997744,0.040374999999974764,0.03538749999997788,0.04126874999997421,0.17320624999989173,0.17468124999989082,0.1767687499998895,0.2631562499998355,0.2913937499998179,0.2819249999998238,0.1883187499998823,0.19113749999988053,0.18709374999988307,0.08564374999994648,0.08153749999994904,0.08109374999994931,0.052856249999966964,0.050381249999968514,0.05100624999996812,0.07926249999995046,0.07261249999995462,0.07102499999995561,0.06459374999995963,0.056262499999964834,0.05868749999996332
tag.txt,0.01851249999998843,0.015618749999990238,0.015193749999990503,0.036124999999977425,0.0283187499999823,0.031924999999980046,0.046406249999971,0.03779999999997637,0.046187499999971134,0.1809499999998869,0.18472499999988454,0.19093124999988068,0.2476812499998452,0.29778749999981385,0.27689999999982695,0.18132499999988666,0.18999999999988124,0.1860874999998837,0.0904062499999435,0.08387499999994757,0.08503124999994685,0.055274999999965456,0.046793749999970755,0.047656249999970215,0.07581249999995261,0.06408124999995995,0.06372499999996017,0.0675062499999578,0.050999999999968126,0.056362499999964774
tag.txt,0.015593749999990254,0.014181249999991137,0.013956249999991278,0.03435624999997853,0.028868749999981957,0.033293749999979194,0.03914374999997554,0.03308749999997932,0.03973124999997517,0.18166874999988647,0.1850999999998843,0.19077499999988076,0.2679687499998325,0.30136874999981167,0.2841437499998224,0.17381249999989137,0.1726374999998921,0.1707249999998933,0.07911249999995056,0.07370624999995393,0.07614374999995241,0.05393124999996629,0.04954999999996903,0.0510437499999681,0.0891187499999443,0.0820624999999487,0.08073124999994954,0.0652937499999592,0.05943749999996285,0.05945624999996284
tag.txt,0.016068749999989956,0.01491249999999068,0.014918749999990676,0.039881249999975076,0.03266874999997958,0.03597499999997752,0.04219999999997363,0.03462499999997836,0.04028124999997482,0.1731437499998918,0.17746874999988907,0.18443749999988474,0.233599999999854,0.2682624999998323,0.2547937499998408,0.18122499999988673,0.18198124999988627,0.18273749999988578,0.08921249999994424,0.08378124999994764,0.08476874999994702,0.05849374999996344,0.0539249999999663,0.05309374999996681,0.09241874999994223,0.08790624999994506,0.08585624999994634,0.07375624999995391,0.0644687499999597,0.06313749999996054
tag.txt,0.01761249999998899,0.016418749999989737,0.016437499999989728,0.045606249999971496,0.036949999999976904,0.04369374999997269,0.03508749999997807,0.03186874999998008,0.03546249999997784,0.16634374999989604,0.16676874999989577,0.1721687499998924,0.21683749999986449,0.24275624999984827,0.2316937499998552,0.1662624999998961,0.16968124999989395,0.1692624999998942,0.08648124999994596,0.08436249999994727,0.08433124999994729,0.06509374999995932,0.06279374999996075,0.06249374999996094,0.11463124999992835,0.11127499999993046,0.10819374999993238,0.08604374999994623,0.0771249999999518,0.07626249999995234
tag.txt,0.02328124999998545,0.020618749999987113,0.019943749999987534,0.0385562499999759,0.031924999999980046,0.03549999999997781,0.0555187499999653,0.04753749999997029,0.053899999999966315,0.18483749999988447,0.19302499999987935,0.19494999999987817,0.23355624999985403,0.2761249999998274,0.26281874999983573,0.1697499999998939,0.1771062499998893,0.17668124999988957,0.0948812499999407,0.09124374999994297,0.09069374999994331,0.05716249999996428,0.04805624999996996,0.05058124999996839,0.0718249999999551,0.05889374999996319,0.05721249999996424,0.07063124999995586,0.05546874999996533,0.057718749999963924
tag.txt,0.022106249999986182,0.019574999999987765,0.01910624999998806,0.0361624999999774,0.030506249999980934,0.034156249999978655,0.052868749999966956,0.045431249999971605,0.05297499999996689,0.19173124999988017,0.1975937499998765,0.1992062499998755,0.25173124999984264,0.2923624999998173,0.27636249999982726,0.16823749999989485,0.17024374999989358,0.17158124999989277,0.09000624999994375,0.08709999999994557,0.0859312499999463,0.05478749999996576,0.04685624999997071,0.05043749999996848,0.06747499999995783,0.05751874999996405,0.0561624999999649,0.06489374999995944,0.05281249999996699,0.0540812499999662
tag.txt,0.022456249999985963,0.020956249999986902,0.01961249999998774,0.03718749999997676,0.03213749999997991,0.034074999999978706,0.05526874999996546,0.04695624999997065,0.05441874999996599,0.18968124999988145,0.19490624999987818,0.19879374999987576,0.24358124999984776,0.2793312499998254,0.2675624999998328,0.17158749999989276,0.17491874999989068,0.1747249999998908,0.09195624999994252,0.08828749999994483,0.0883187499999448,0.05462499999996586,0.048756249999969525,0.04883124999996948,0.06743749999995785,0.05926249999996296,0.05715624999996428,0.06621874999995861,0.054487499999965945,0.05650624999996468
tag.txt,0.02137499999998664,0.020506249999987184,0.019268749999987955,0.03809374999997619,0.03258749999997963,0.036124999999977425,0.052006249999967495,0.04638124999997101,0.0542437499999661,0.18678124999988327,0.1934562499998791,0.1948749999998782,0.24868124999984456,0.2775124999998266,0.2638749999998351,0.1718499999998926,0.17162499999989272,0.17203124999989247,0.09272499999994205,0.08774374999994516,0.08746249999994533,0.05437499999996601,0.04939999999996912,0.05164999999996772,0.06916249999995677,0.06541874999995911,0.06339374999996038,0.0649499999999594,0.0553687499999654,0.05707499999996433
tag.txt,0.02380624999998512,0.022206249999986123,0.02169999999998644,0.03956249999997527,0.03350624999997906,0.03682499999997699,0.055162499999965524,0.047912499999970055,0.054918749999965676,0.18535624999988415,0.19198124999988,0.19394999999987877,0.22586249999985883,0.2633687499998354,0.24964999999984397,0.16646249999989596,0.17239374999989227,0.16998749999989377,0.09341249999994161,0.08874374999994454,0.08945624999994409,0.058743749999963284,0.05187499999996758,0.05358124999996651,0.07833749999995104,0.06718124999995802,0.06713124999995804,0.0732937499999542,0.06083124999996198,0.06279999999996075
tag.txt,0.023481249999985323,0.0214437499999866,0.020774999999987016,0.036531249999977165,0.03138124999998038,0.03554999999997778,0.05623749999996485,0.048668749999969584,0.056612499999964615,0.19574999999987766,0.19999374999987501,0.20025624999987485,0.2446562499998471,0.28147499999982406,0.26692499999983316,0.16276249999989828,0.16779374999989513,0.16827499999989481,0.08866874999994458,0.08581874999994636,0.08473749999994704,0.05554374999996529,0.04871874999996955,0.051412499999967866,0.06972499999995642,0.05992499999996255,0.05849374999996344,0.06664374999995834,0.05478124999996576,0.056962499999964396
tag.txt,0.02196874999998627,0.020993749999986877,0.0206374999999871,0.03766249999997646,0.03268749999997957,0.0353687499999779,0.05566249999996521,0.048674999999969576,0.055449999999965346,0.1910187499998806,0.19564999999987773,0.196806249999877,0.23961874999985025,0.2707124999998308,0.257624999999839,0.16524374999989672,0.167981249999895,0.16769999999989518,0.09148124999994282,0.0855999999999465,0.08680624999994574,0.055668749999965204,0.050637499999968354,0.050987499999968135,0.07374999999995391,0.06879999999995699,0.06729999999995794,0.06792499999995755,0.058262499999963586,0.061318749999961675
tag.txt,0.023612499999985243,0.02259374999998588,0.021649999999986468,0.03633749999997729,0.03258124999997963,0.036018749999977485,0.057218749999964236,0.04984999999996884,0.05726249999996421,0.1916812499998802,0.19654999999987716,0.19449999999987844,0.2449749999998469,0.27268749999982955,0.2635499999998353,0.1667187499998958,0.16984999999989384,0.16919999999989424,0.09226874999994233,0.08754374999994528,0.08715624999994552,0.055181249999965515,0.05065624999996834,0.0519999999999675,0.0676749999999577,0.062268749999961084,0.0604812499999622,0.06433124999995979,0.055418749999965364,0.05818124999996364
tag.txt,0.02958124999998151,0.025106249999984308,0.02625624999998359,0.05914999999996303,0.045093749999971816,0.05719999999996425,0.049174999999969264,0.04679999999997075,0.05206249999996746,0.14156249999991152,0.15803749999990122,0.1541062499999037,0.14747499999990782,0.18616874999988364,0.1683187499998948,0.15686249999990196,0.17160624999989274,0.16218124999989864,0.10456249999993465,0.10361249999993524,0.10210624999993619,0.07846874999995096,0.06909999999995681,0.07376874999995389,0.12182499999992386,0.10509374999993432,0.10675624999993327,0.11133749999993041,0.08938124999994414,0.09724374999993922
tag.txt,0.029943749999981284,0.025206249999984245,0.026162499999983647,0.056612499999964615,0.04579999999997138,0.05641874999996474,0.05084374999996822,0.046449999999970966,0.05391249999996631,0.1420749999999112,0.15926249999990047,0.1523312499999048,0.1516749999999052,0.18919374999988176,0.17484999999989073,0.15792499999990128,0.17179374999989264,0.16358749999989775,0.10257499999993588,0.10382499999993511,0.10134374999993666,0.078412499999951,0.06748124999995782,0.07334374999995416,0.12030624999992481,0.10185624999993634,0.10269374999993582,0.10963124999993148,0.08913124999994429,0.0953562499999404
tag.txt,0.028537499999982164,0.025624999999983984,0.025574999999984017,0.05630624999996481,0.04573749999997141,0.05443124999996598,0.050812499999968244,0.04642499999997098,0.05222499999996736,0.14568749999990893,0.15989999999990007,0.1572562499999017,0.15625624999990234,0.1862312499998836,0.17454374999989092,0.15934374999990042,0.16908124999989432,0.16337499999989788,0.10489999999993443,0.10491874999993442,0.10189374999993632,0.07592499999995254,0.0678499999999576,0.07109999999995556,0.11701874999992687,0.10627499999993358,0.10551249999993405,0.10521249999993425,0.08795624999994503,0.09408749999994119
tag.txt,0.027899999999982564,0.02478124999998451,0.024587499999984632,0.05136874999996789,0.04327499999997295,0.05181874999996761,0.05323124999996673,0.047731249999970166,0.055331249999965415,0.15276874999990453,0.16517499999989677,0.16234999999989852,0.1758249999998901,0.20348124999987283,0.19060624999988088,0.16755624999989527,0.1766624999998896,0.16905624999989433,0.1022374999999361,0.102387499999936,0.10154374999993654,0.071999999999955,0.06408124999995995,0.06779374999995763,0.10131874999993667,0.09122499999994299,0.09003124999994373,0.09579374999994013,0.08119999999994924,0.0868812499999457
tag.txt,0.0289624999999819,0.025556249999984026,0.02636874999998352,0.05818124999996364,0.045606249999971496,0.05705624999996434,0.05041874999996849,0.04614374999997116,0.052012499999967494,0.14292499999991068,0.1589187499999007,0.15332499999990418,0.14771874999990767,0.18003749999988747,0.16598749999989626,0.15482499999990323,0.16910624999989432,0.1601562499998999,0.10204374999993622,0.10394999999993502,0.10253124999993592,0.07908749999995057,0.06995624999995628,0.07361874999995399,0.12610624999992118,0.11041874999993098,0.11226874999992983,0.10973124999993142,0.09030624999994356,0.09667499999993957
tag.txt,0.02739374999998288,0.026281249999983575,0.02627499999998358,0.05902499999996311,0.04718749999997051,0.05838749999996351,0.04918124999996926,0.04546249999997159,0.051756249999967655,0.14426249999990984,0.1577437499999014,0.15129374999990544,0.15288124999990446,0.18020624999988738,0.16713749999989555,0.15622499999990236,0.16617499999989613,0.15956249999990027,0.10407499999993496,0.10454999999993465,0.0993437499999379,0.07684999999995197,0.07032499999995605,0.07578124999995263,0.12101249999992436,0.11036249999993103,0.11081874999993074,0.10909374999993182,0.09170624999994269,0.09964374999993772
tag.txt,0.02806874999998246,0.026612499999983368,0.026362499999983524,0.05377499999996639,0.04445624999997221,0.053993749999966256,0.05376874999996639,0.048156249999969904,0.05501249999996562,0.15129374999990544,0.16331249999989794,0.15913124999990055,0.16454999999989717,0.1913437499998804,0.18010624999988742,0.16107499999989933,0.16903749999989434,0.1623999999998985,0.10425624999993484,0.10370624999993518,0.10173124999993642,0.07393124999995379,0.06759374999995775,0.07133749999995541,0.10896249999993189,0.0983999999999385,0.09904374999993809,0.1003187499999373,0.08738124999994538,0.0908812499999432
tag.txt,0.02793749999998254,0.026056249999983714,0.026393749999983503,0.05308124999996682,0.043724999999972675,0.052606249999967124,0.05324374999996672,0.04818124999996989,0.05478124999996576,0.14949374999990656,0.16234999999989852,0.15717499999990175,0.17075624999989328,0.19671249999987706,0.18578124999988388,0.1656249999998965,0.17498749999989063,0.16858124999989463,0.10418124999993489,0.10197499999993627,0.09979999999993762,0.0718374999999551,0.06453124999995967,0.06933124999995667,0.10491249999993443,0.09668124999993957,0.0963187499999398,0.09893124999993817,0.084799999999947,0.08923124999994422
tag.txt,0.02136249999998665,0.02071874999998705,0.023574999999985264,0.0412749999999742,0.03889999999997569,0.047462499999970334,0.05562499999996524,0.05256249999996715,0.06024999999996234,0.17076874999989328,0.1713312499998929,0.16999999999989374,0.25853749999983844,0.26708749999983306,0.24126249999984922,0.18538749999988413,0.18702499999988312,0.18099999999988686,0.08742499999994537,0.08685624999994572,0.08606249999994621,0.052599999999967124,0.050712499999968304,0.0550374999999656,0.058918749999963174,0.05786249999996384,0.05922499999996298,0.06809999999995743,0.06694374999995815,0.07612499999995243
tag.txt,0.02105624999998684,0.021006249999986872,0.022456249999985963,0.03799999999997625,0.03752499999997655,0.042931249999973164,0.05332499999996667,0.05077499999996826,0.05843124999996348,0.18379374999988513,0.18356249999988528,0.18359374999988526,0.2838124999998226,0.29244999999981725,0.27027499999983107,0.18818749999988238,0.18473749999988454,0.18018124999988738,0.07969374999995019,0.07904999999995059,0.08147499999994907,0.04587499999997133,0.04468749999997207,0.04920624999996925,0.04529374999997169,0.04478749999997201,0.0460812499999712,0.0609624999999619,0.061418749999961615,0.06536874999995915
tag.txt,0.02102499999998686,0.019893749999987567,0.0230374999999856,0.03848124999997595,0.03604999999997747,0.045099999999971815,0.054587499999965886,0.05289374999996694,0.06010624999996243,0.17769999999988895,0.17804374999988873,0.17492499999989067,0.2711499999998305,0.280056249999825,0.25114999999984305,0.1892499999998817,0.18950624999988155,0.18220624999988613,0.08344999999994784,0.08181874999994886,0.08296874999994815,0.047974999999970014,0.04766874999997021,0.052931249999966914,0.05384374999996635,0.052937499999966914,0.05543749999996535,0.06253749999996092,0.06113124999996179,0.07213749999995492
tag.txt,0.022587499999985883,0.023018749999985613,0.024724999999984548,0.04131249999997418,0.04186249999997384,0.04782499999997011,0.052856249999966964,0.051756249999967655,0.058243749999963595,0.17627499999988983,0.174418749999891,0.17114999999989303,0.28117499999982426,0.28269374999982333,0.2648562499998345,0.18552499999988403,0.1820937499998862,0.17771249999988892,0.08184374999994885,0.08038124999994976,0.08152499999994904,0.04865624999996959,0.049193749999969255,0.0534312499999666,0.04801249999996999,0.05061874999996836,0.05121874999996799,0.061756249999961405,0.06396249999996002,0.06931249999995667
tag.txt,0.022962499999985647,0.020774999999987016,0.019037499999988102,0.05079374999996825,0.04071874999997455,0.046549999999970906,0.053956249999966274,0.05048124999996845,0.05436874999996602,0.17127499999989296,0.18149999999988656,0.18567499999988396,0.18102499999988686,0.20823749999986985,0.21516249999986553,0.1289374999999194,0.13428749999991607,0.1452812499999092,0.08471874999994705,0.08595624999994628,0.0873562499999454,0.07431249999995355,0.06946874999995659,0.06510624999995931,0.1353374999999154,0.1287999999999195,0.1051249999999343,0.09668124999993957,0.07977499999995014,0.07633749999995229
tag.txt,0.028212499999982366,0.026518749999983427,0.026149999999983655,0.04693124999997067,0.04358124999997276,0.04743124999997036,0.062181249999961136,0.058662499999963334,0.06201874999996124,0.1826937499998858,0.18274999999988578,0.17698124999988937,0.24803749999984498,0.2708062499998307,0.27227499999982985,0.15274999999990452,0.1591749999999005,0.1649374999998969,0.08103124999994936,0.08127499999994921,0.07643749999995222,0.06134374999996166,0.05485624999996572,0.05628749999996482,0.06645624999995846,0.06025624999996234,0.05434999999996603,0.07036249999995603,0.06211874999996118,0.06313124999996055
tag.txt,0.024118749999984927,0.022074999999986203,0.020887499999986944,0.05284374999996697,0.043718749999972675,0.048074999999969954,0.054312499999966055,0.049193749999969255,0.05419999999996612,0.1689249999998944,0.1796749999998877,0.18263749999988585,0.169618749999894,0.19314999999987928,0.20171874999987394,0.1316874999999177,0.13613749999991492,0.14388749999991007,0.08811874999994493,0.08798124999994501,0.08647499999994596,0.07573124999995266,0.07061249999995586,0.06858749999995713,0.13411249999991617,0.1315312499999178,0.11108749999993058,0.10053124999993716,0.0859249999999463,0.08244374999994847
tag.txt,0.02786874999998258,0.02641249999998349,0.026343749999983537,0.04813124999996992,0.04478124999997201,0.04758124999997026,0.06252499999996092,0.05786874999996383,0.06204374999996122,0.18425624999988485,0.18471874999988455,0.17926874999988796,0.25031249999984356,0.2728124999998295,0.2739687499998288,0.15146249999990533,0.1579124999999013,0.16340624999989786,0.07713124999995179,0.07741249999995162,0.07355624999995403,0.061162499999961775,0.05698749999996438,0.058087499999963696,0.06649999999995844,0.0596812499999627,0.05339374999996663,0.07064999999995585,0.061412499999961616,0.062349999999961034
tag.txt,0.026187499999983634,0.026568749999983394,0.024793749999984505,0.04347499999997283,0.04061874999997461,0.04138124999997413,0.058149999999963654,0.05495624999996565,0.05658749999996463,0.16893124999989442,0.17219999999989238,0.17362499999989148,0.2711624999998305,0.2770499999998268,0.27814374999982616,0.17637499999988976,0.17413124999989116,0.17863749999988834,0.08263124999994835,0.08310624999994806,0.08205624999994872,0.051481249999967824,0.051324999999967924,0.049099999999969314,0.05148749999996782,0.05394374999996628,0.049368749999969146,0.07011874999995618,0.06609999999995869,0.06630624999995856
tag.txt,0.021493749999986565,0.021387499999986632,0.018731249999988292,0.04294374999997316,0.035943749999977535,0.03819374999997613,0.05562499999996524,0.0476749999999702,0.04969374999996894,0.1729562499998919,0.17485624999989072,0.1801374999998874,0.24407499999984744,0.2660374999998337,0.2715124999998303,0.17335624999989166,0.172781249999892,0.17778749999988888,0.08829999999994481,0.08638749999994601,0.08489374999994694,0.055074999999965575,0.05333124999996667,0.04947499999996908,0.07061874999995586,0.07254374999995467,0.06246874999996096,0.07555624999995278,0.06905624999995684,0.06710624999995805
tag.txt,0.025449999999984093,0.026024999999983735,0.023568749999985268,0.046793749999970755,0.04136874999997414,0.042012499999973744,0.05746874999996408,0.05345624999996659,0.054993749999965626,0.16426249999989734,0.17015624999989365,0.17453124999989092,0.2472187499998455,0.25502499999984063,0.2610937499998368,0.17788124999988883,0.1737812499998914,0.18121874999988674,0.08666874999994584,0.08871249999994456,0.08519999999994675,0.05504999999996559,0.053899999999966315,0.05076249999996827,0.06039999999996225,0.06369999999996019,0.05660624999996462,0.07880624999995074,0.07387499999995382,0.07001249999995625
tag.txt,0.022649999999985845,0.022762499999985773,0.020231249999987357,0.04385624999997259,0.037318749999976676,0.03946874999997533,0.05608749999996494,0.0476749999999702,0.05067499999996833,0.17243749999989222,0.17242499999989222,0.17908749999988807,0.2348499999998532,0.25531874999984044,0.2600437499998375,0.17373124999989142,0.17206249999989245,0.17974374999988765,0.0918249999999426,0.08979374999994388,0.08850624999994468,0.057218749999964236,0.05575624999996515,0.05121249999996799,0.07093749999995566,0.0756812499999527,0.06398124999996001,0.07640624999995224,0.07120624999995549,0.06704999999995809
tag.txt,0.023443749999985348,0.022462499999985962,0.025068749999984333,0.050487499999968447,0.04598124999997126,0.05678124999996451,0.04838124999996976,0.0476812499999702,0.052243749999967344,0.14838749999990725,0.1531187499999043,0.14374374999991016,0.19589999999987756,0.21132499999986792,0.19356874999987903,0.2046374999998721,0.2138999999998663,0.19864999999987584,0.107206249999933,0.1048062499999345,0.10691874999993317,0.06309999999996056,0.054999999999965625,0.0625499999999609,0.06709374999995807,0.060312499999962306,0.06631874999995856,0.09136249999994289,0.08541249999994661,0.09415624999994116
tag.txt,0.022181249999986136,0.020806249999986995,0.024443749999984724,0.05314374999996679,0.04860624999996962,0.060743749999962036,0.044568749999972145,0.04425624999997234,0.04723124999997048,0.13970624999991269,0.14316874999991053,0.1334374999999166,0.1972562499998767,0.2132499999998667,0.19724999999987672,0.20694999999987065,0.21653749999986466,0.19638749999987726,0.10425624999993484,0.10334374999993541,0.10536249999993415,0.0665562499999584,0.05829999999996356,0.06826249999995733,0.07255624999995465,0.06395624999996002,0.07022499999995611,0.09282499999994198,0.08777499999994515,0.09665624999993959
tag.txt,0.02342499999998536,0.022274999999986077,0.02465624999998459,0.05033124999996854,0.04604999999997122,0.055937499999965036,0.047318749999970426,0.04650624999997093,0.051237499999967975,0.1506937499999058,0.1524812499999047,0.14503749999990936,0.19516249999987803,0.2115374999998678,0.19377499999987888,0.20424999999987234,0.21548749999986533,0.20089999999987443,0.10854999999993216,0.10539999999993413,0.10836249999993228,0.06260624999996087,0.055074999999965575,0.06376874999996014,0.0683187499999573,0.0603249999999623,0.06460624999995962,0.08934374999994416,0.08486249999994697,0.09171874999994267
tag.txt,0.021768749999986393,0.020024999999987483,0.023462499999985335,0.05321874999996674,0.04869999999996956,0.06060624999996212,0.04451249999997218,0.04376249999997265,0.04630624999997106,0.13799374999991376,0.1443187499999098,0.1355062499999153,0.2124812499998672,0.22741874999985787,0.2068937499998707,0.20811249999986992,0.21701874999986437,0.19918124999987552,0.10264999999993585,0.10107499999993683,0.10151874999993656,0.06249374999996094,0.055449999999965346,0.06654374999995841,0.06649999999995844,0.05868749999996332,0.065612499999959,0.09026874999994358,0.08354374999994778,0.09436874999994102
tag.txt,0.019043749999988098,0.016768749999989518,0.017543749999989033,0.029318749999981675,0.027618749999982737,0.029193749999981755,0.05153124999996779,0.048743749999969534,0.050743749999968286,0.20081874999987448,0.19642499999987723,0.20340624999987286,0.3290062499997944,0.35961249999977524,0.33253124999979217,0.1761187499998899,0.17613749999988992,0.17656249999988965,0.07131249999995543,0.06389999999996006,0.06834999999995728,0.04161874999997399,0.03769999999997644,0.040899999999974436,0.03477499999997827,0.03161249999998024,0.03534374999997791,0.046456249999970965,0.041481249999974074,0.045424999999971606
tag.txt,0.022893749999985693,0.020218749999987365,0.021974999999986266,0.033806249999978874,0.03198749999998001,0.03339999999997913,0.05483124999996573,0.050712499999968304,0.05333124999996667,0.18699374999988314,0.18539999999988413,0.18763749999988272,0.2997687499998126,0.32711874999979557,0.30644374999980845,0.1908812499998807,0.19939999999987537,0.1932812499998792,0.07928749999995044,0.07069999999995581,0.07490624999995318,0.042699999999973315,0.03693124999997692,0.04169374999997394,0.036549999999977156,0.031093749999980567,0.03606874999997746,0.05228749999996732,0.046437499999970974,0.05126249999996796
tag.txt,0.01944374999998785,0.017599999999989,0.01851249999998843,0.02945624999998159,0.02836874999998227,0.02867499999998208,0.052106249999967436,0.0488062499999695,0.05105624999996809,0.20101874999987437,0.19702499999987685,0.2034874999998728,0.32850624999979466,0.35595624999977754,0.33421249999979113,0.1761874999998899,0.17673749999988952,0.17524999999989047,0.0705562499999559,0.06359374999996026,0.06761249999995775,0.04161249999997399,0.0382374999999761,0.04050624999997468,0.03445624999997846,0.031156249999980526,0.034993749999978126,0.04665624999997084,0.042518749999973425,0.04569374999997144
tag.txt,0.021781249999986388,0.019156249999988027,0.020412499999987243,0.030693749999980816,0.029381249999981637,0.030106249999981183,0.05438124999996601,0.050549999999968405,0.05237499999996727,0.19668749999987706,0.19481874999987825,0.1980812499998762,0.3111749999998055,0.33816249999978865,0.32122499999979925,0.18423749999988484,0.18691249999988319,0.18393749999988504,0.07389999999995381,0.06762499999995773,0.07193124999995504,0.042781249999973264,0.03845624999997597,0.0407999999999745,0.03506249999997808,0.03036874999998102,0.033793749999978875,0.04929999999996919,0.044568749999972145,0.04733749999997042
tag.txt,0.019337499999987913,0.019462499999987837,0.019193749999988005,0.03589374999997757,0.03481249999997824,0.03668749999997707,0.05262499999996711,0.051337499999967916,0.053618749999966485,0.1793812499998879,0.18210624999988617,0.1811249999998868,0.3172124999998017,0.32734374999979543,0.3259124999997963,0.19465624999987835,0.19545624999987785,0.19049999999988093,0.07396249999995377,0.07046874999995596,0.06966249999995645,0.039606249999975245,0.0377624999999764,0.041237499999974225,0.03382499999997886,0.031181249999980513,0.03144999999998034,0.05349999999996656,0.05006874999996871,0.05061249999996837
tag.txt,0.017399999999989126,0.017374999999989142,0.01766249999998896,0.036099999999977435,0.03497499999997814,0.03767499999997645,0.04486249999997196,0.043981249999972515,0.045449999999971596,0.161599999999899,0.16238749999989852,0.16134999999989916,0.37734374999976417,0.39024999999975607,0.387149999999758,0.18294374999988566,0.1801749999998874,0.17555624999989028,0.06161249999996149,0.05865624999996334,0.0590437499999631,0.03806249999997621,0.03614999999997741,0.03997499999997502,0.029799999999981376,0.028168749999982395,0.028037499999982476,0.05027499999996858,0.04788124999997007,0.04809999999996994
tag.txt,0.019399999999987875,0.019206249999987997,0.018712499999988304,0.034899999999978185,0.033618749999978985,0.03588124999997758,0.05259374999996713,0.051224999999967984,0.05298124999996689,0.18185624999988634,0.18443749999988474,0.18283124999988573,0.3214062499997991,0.33283124999979197,0.3308749999997932,0.1939437499998788,0.19271874999987956,0.19124999999988046,0.07149999999995531,0.0683312499999573,0.06838749999995726,0.03957499999997527,0.03803749999997623,0.03998124999997501,0.03299374999997938,0.030356249999981027,0.030106249999981183,0.051831249999967605,0.04923749999996923,0.04899374999996938
tag.txt,0.01811249999998868,0.017956249999988776,0.017818749999988864,0.03667499999997708,0.03581249999997762,0.039956249999975026,0.04583749999997135,0.04540624999997162,0.04548124999997157,0.16250624999989843,0.1640187499998975,0.16284374999989823,0.3745812499997659,0.3835812499997603,0.37921874999976296,0.18766249999988271,0.18534374999988415,0.18299999999988562,0.0627249999999608,0.06103124999996185,0.06099374999996188,0.03681874999997699,0.035531249999977796,0.038743749999975784,0.02713749999998304,0.025837499999983853,0.02588749999998382,0.04794374999997004,0.04548124999997157,0.04605624999997122
tag.txt,0.020631249999987104,0.02584374999998385,0.025368749999984144,0.03959999999997525,0.04238124999997351,0.045424999999971606,0.04878124999996951,0.04876874999996952,0.056549999999964656,0.17244374999989223,0.16631874999989604,0.17068749999989333,0.28551249999982153,0.2565249999998397,0.24777499999984515,0.20821874999986986,0.16955624999989402,0.166437499999896,0.089606249999944,0.0856124999999465,0.08692499999994567,0.04033124999997479,0.05467499999996583,0.05582499999996511,0.04296249999997315,0.07644374999995222,0.06884999999995697,0.051912499999967554,0.07387499999995382,0.07615624999995241
tag.txt,0.020356249999987277,0.022881249999985698,0.02286249999998571,0.03923124999997548,0.03811249999997618,0.041668749999973956,0.050812499999968244,0.04854374999996966,0.056193749999964876,0.17523124999989048,0.17561249999989023,0.17853124999988843,0.29331874999981666,0.28521249999982173,0.27208749999982995,0.20743124999987037,0.17999374999988751,0.17434374999989102,0.08761249999994525,0.0867062499999458,0.08571249999994643,0.04076249999997452,0.04898124999996939,0.051324999999967924,0.03700624999997687,0.05573749999996516,0.054837499999965726,0.04823749999996985,0.05821874999996361,0.062437499999960976
tag.txt,0.021493749999986565,0.02491249999998443,0.025062499999984337,0.03902499999997561,0.040893749999974444,0.04347499999997283,0.05035624999996853,0.04871249999996955,0.05588749999996507,0.17626874999988984,0.17116249999989303,0.17600624999989,0.28457499999982216,0.267206249999833,0.25816249999983865,0.20251249999987342,0.1703937499998935,0.16893124999989442,0.08684999999994572,0.08603124999994623,0.0854499999999466,0.041931249999973795,0.05348749999996657,0.05302499999996686,0.04291874999997317,0.06830624999995731,0.06381874999996011,0.054068749999966206,0.06889374999995694,0.07018124999995613
tag.txt,0.020281249999987323,0.02372499999998517,0.023624999999985234,0.03862499999997586,0.03779374999997638,0.04212499999997367,0.05166249999996771,0.049781249999968885,0.05582499999996511,0.17378749999989138,0.1752124999998905,0.17820624999988863,0.2983124999998136,0.2830312499998231,0.2724312499998297,0.20916874999986926,0.1826937499998858,0.17540624999989038,0.08355624999994778,0.08448749999994719,0.08380624999994762,0.03915624999997553,0.04838124999996976,0.05143749999996785,0.03613124999997742,0.055931249999965044,0.054293749999966064,0.04931874999996918,0.05896249999996315,0.06284374999996072
tag.txt,0.021193749999986754,0.02140624999998662,0.021368749999986645,0.04128749999997419,0.04043749999997473,0.044037499999972474,0.04194999999997378,0.04104999999997434,0.044643749999972095,0.14508124999990932,0.1483312499999073,0.14668749999990832,0.35060624999978085,0.3521749999997799,0.342374999999786,0.22737499999985789,0.21686874999986447,0.2310749999998556,0.0731249999999543,0.07335624999995415,0.07049999999995593,0.02985624999998134,0.03124374999998047,0.029924999999981296,0.02598124999998376,0.0294374999999816,0.02492499999998442,0.043543749999972785,0.04569374999997144,0.04446249999997221
tag.txt,0.02078124999998701,0.021274999999986704,0.020924999999986923,0.04264374999997335,0.04110624999997431,0.04641249999997099,0.044793749999972,0.04427499999997233,0.04590624999997131,0.1389062499999132,0.14246874999991097,0.13653749999991466,0.36119374999977427,0.3640062499997725,0.3602937499997748,0.2209874999998619,0.21238749999986725,0.22283124999986073,0.07181249999995512,0.07226874999995483,0.07032499999995605,0.03098749999998063,0.031018749999980614,0.030318749999981052,0.025043749999984346,0.027624999999982733,0.023912499999985053,0.04284999999997322,0.04356874999997277,0.042537499999973416
tag.txt,0.021899999999986312,0.021912499999986304,0.022068749999986207,0.04193749999997379,0.04161249999997399,0.044149999999972406,0.04084374999997447,0.039799999999975126,0.044224999999972356,0.14292499999991068,0.14460624999990962,0.1437999999999101,0.35484999999977823,0.3590499999997756,0.3494812499997816,0.2270187499998581,0.2162812499998648,0.22760624999985773,0.07098749999995563,0.07181249999995512,0.06908124999995682,0.029431249999981604,0.030712499999980804,0.029818749999981364,0.02554999999998403,0.028006249999982497,0.02486249999998446,0.04455624999997215,0.04620624999997112,0.044906249999971934
tag.txt,0.01971249999998768,0.020406249999987247,0.019687499999987694,0.0425624999999734,0.04073749999997454,0.04613749999997117,0.04497499999997189,0.04418749999997238,0.046106249999971184,0.14394999999991004,0.14885624999990696,0.142393749999911,0.3669812499997706,0.3686812499997696,0.36418124999977236,0.21233749999986729,0.20266874999987333,0.21509374999986555,0.07091874999995568,0.07159999999995525,0.06891249999995692,0.03186249999998009,0.032362499999979776,0.031237499999980475,0.025381249999984135,0.02811249999998243,0.024693749999984565,0.041318749999974175,0.04238749999997351,0.041556249999974024
tag.txt,0.030918749999980677,0.025112499999984304,0.03043124999998098,0.05468124999996583,0.042756249999973274,0.057556249999964025,0.05749374999996407,0.05174374999996766,0.06181874999996136,0.14676874999990827,0.16999374999989375,0.14761874999990773,0.1740687499998912,0.22379374999986013,0.17995624999988752,0.17659374999988964,0.19857499999987588,0.17780624999988887,0.10651874999993342,0.100812499999937,0.10579999999993388,0.06878749999995701,0.05324999999996672,0.06782499999995761,0.08007499999994995,0.05817499999996364,0.07152499999995529,0.10409374999993494,0.07578749999995263,0.0996624999999377
tag.txt,0.03081249999998074,0.025093749999984316,0.03198749999998001,0.055181249999965515,0.0446312499999721,0.06130624999996168,0.05451874999996593,0.0510312499999681,0.05814374999996366,0.14183749999991135,0.16296874999989813,0.13748749999991408,0.17297499999989188,0.2214312499998616,0.17606874999988995,0.1811124999998868,0.20069374999987458,0.1788499999998882,0.1095937499999315,0.10322499999993548,0.1070249999999331,0.06946249999995659,0.05447499999996595,0.07009999999995618,0.0796687499999502,0.058937499999963165,0.07403749999995372,0.10483749999993447,0.07751249999995155,0.10499374999993438
tag.txt,0.02977499999998139,0.024556249999984653,0.03161249999998024,0.05443124999996598,0.0428812499999732,0.061062499999961835,0.055768749999965145,0.051593749999967756,0.059431249999962854,0.14474999999990953,0.1672187499998955,0.1401624999999124,0.1764437499998897,0.22419999999985987,0.1748624999998907,0.180824999999887,0.19900624999987562,0.17762499999988898,0.10789999999993256,0.10260624999993587,0.10756249999993277,0.06742499999995787,0.05384999999996634,0.06891249999995692,0.07908124999995057,0.05736874999996414,0.07401249999995374,0.10359999999993524,0.07671874999995205,0.10475624999993453
tag.txt,0.029249999999981718,0.023431249999985356,0.03105624999998059,0.056693749999964564,0.0433562499999729,0.06168124999996145,0.05442499999996599,0.0508812499999682,0.05763124999996398,0.1429062499999107,0.16422499999989737,0.13784999999991385,0.17208124999989244,0.22851249999985718,0.1764874999998897,0.1827187499998858,0.200012499999875,0.17509999999989057,0.10823749999993235,0.10241874999993598,0.10517499999993427,0.070412499999956,0.054156249999966155,0.07118749999995551,0.08115624999994928,0.05828749999996357,0.07763124999995148,0.10211874999993617,0.0747187499999533,0.10619999999993363
tag.txt,0.020074999999987454,0.01939374999998788,0.020074999999987454,0.04652499999997092,0.041574999999974015,0.04803749999996998,0.041399999999974124,0.03702499999997686,0.043893749999972566,0.1534687499999041,0.15131249999990543,0.1561499999999024,0.22796249999985752,0.2565187499998397,0.2345687499998534,0.1815687499998865,0.18236249999988602,0.17385624999989133,0.08502499999994687,0.07980624999995012,0.08243124999994848,0.05735624999996415,0.05548124999996532,0.05819999999996363,0.10689999999993319,0.103987499999935,0.10411874999993492,0.07971874999995017,0.07253749999995467,0.07866874999995083
tag.txt,0.021731249999986418,0.02076874999998702,0.020749999999987032,0.0425624999999734,0.03681874999997699,0.04197499999997376,0.0478374999999701,0.042956249999973155,0.04982499999996886,0.16584374999989634,0.16692499999989568,0.17025624999989358,0.25234999999984226,0.2811124999998243,0.26330624999983543,0.184031249999885,0.18793124999988253,0.18118749999988676,0.08661874999994586,0.08458124999994714,0.08486249999994697,0.05428749999996607,0.05032499999996855,0.05305624999996684,0.07643749999995222,0.0702312499999561,0.07005624999995622,0.06829999999995731,0.05834999999996353,0.06472499999995955
tag.txt,0.020262499999987336,0.02033749999998729,0.020356249999987277,0.046018749999971235,0.041587499999974006,0.047574999999970266,0.04426874999997233,0.03916874999997552,0.04503749999997185,0.15574374999990265,0.15358124999990402,0.1593749999999004,0.2411124999998493,0.2603187499998373,0.2423937499998485,0.17987499999988757,0.17954999999988777,0.1741062499998912,0.08618749999994613,0.08136874999994914,0.08209374999994869,0.056712499999964555,0.05528124999996545,0.05812499999996367,0.09493749999994067,0.09709374999993932,0.09462499999994085,0.0748812499999532,0.07171249999995517,0.07631249999995231
tag.txt,0.021262499999986712,0.021731249999986418,0.021318749999986675,0.04174374999997391,0.03827499999997608,0.04253124999997342,0.04698124999997064,0.043374999999972894,0.0499124999999688,0.1662374999998961,0.1636374999998977,0.1671812499998955,0.2584124999998385,0.27623124999982734,0.2620624999998362,0.18661249999988336,0.1857624999998839,0.18222499999988612,0.08648749999994594,0.08438124999994726,0.08424374999994735,0.05258749999996713,0.05095624999996815,0.052774999999967015,0.07431874999995355,0.07433749999995354,0.07277499999995451,0.06535624999995915,0.06131249999996168,0.06497499999995938
tag.txt,0.011868749999992581,0.01222499999999236,0.013893749999991316,0.021512499999986556,0.02132499999998667,0.0267187499999833,0.03498749999997813,0.03333124999997917,0.043368749999972894,0.1846499999998846,0.17947499999988784,0.1811124999998868,0.3544249999997785,0.36482499999977197,0.3230062499997981,0.24343124999984786,0.24755624999984527,0.24433749999984727,0.07045624999995596,0.06723749999995797,0.07609374999995244,0.026049999999983718,0.023674999999985204,0.028999999999981874,0.021249999999986717,0.019993749999987504,0.02380624999998512,0.03136874999998039,0.030356249999981027,0.038662499999975834
tag.txt,0.010168749999993645,0.01065624999999334,0.014712499999990804,0.02295624999998565,0.022099999999986186,0.030212499999981116,0.033556249999979026,0.03203749999997998,0.04136249999997415,0.17349999999989157,0.17189999999989256,0.16698124999989564,0.36798749999977,0.3716312499997677,0.32123124999979924,0.24523749999984673,0.25256249999984215,0.24418749999984737,0.06891249999995692,0.06509374999995932,0.07780624999995137,0.026581249999983386,0.02494374999998441,0.0324749999999797,0.021474999999986578,0.019706249999987685,0.027699999999982686,0.029624999999981486,0.029368749999981646,0.04333124999997292
tag.txt,0.010612499999993367,0.011199999999993,0.016631249999989606,0.021031249999986856,0.02073124999998704,0.03036874999998102,0.03323124999997923,0.03144999999998034,0.04307499999997308,0.18496874999988439,0.18056874999988715,0.17291249999989192,0.3591624999997755,0.3688249999997695,0.30354374999981026,0.24517499999984677,0.247987499999845,0.2441249999998474,0.06907499999995682,0.06616874999995864,0.08070624999994956,0.025481249999984076,0.023799999999985125,0.03263124999997961,0.020924999999986923,0.019718749999987677,0.02881249999998199,0.03033749999998104,0.029549999999981532,0.0471937499999705
tag.txt,0.010387499999993508,0.011562499999992773,0.018899999999988187,0.023181249999985512,0.022437499999985976,0.03554999999997778,0.031587499999980256,0.03017499999998114,0.03898749999997563,0.17048749999989343,0.16871874999989456,0.15484374999990322,0.36298124999977316,0.3665249999997709,0.30324999999981045,0.24818749999984488,0.2537999999998414,0.23783749999985135,0.06961874999995649,0.06749374999995782,0.07980624999995012,0.028093749999982442,0.026231249999983604,0.03868749999997582,0.02334374999998541,0.021962499999986274,0.03770624999997643,0.03213124999997992,0.031093749999980567,0.05443124999996598
tag.txt,0.01294374999999191,0.012593749999992129,0.013756249999991402,0.022537499999985913,0.021112499999986805,0.02533124999998417,0.0375999999999765,0.034737499999978286,0.04420624999997237,0.18675624999988327,0.18503749999988436,0.18889999999988194,0.3607937499997745,0.37508124999976555,0.33997499999978753,0.2233624999998604,0.2258937499998588,0.2241249999998599,0.07048124999995595,0.06643749999995847,0.07206874999995495,0.028218749999982362,0.02558749999998401,0.030399999999981,0.024281249999984825,0.021818749999986363,0.024693749999984565,0.03302499999997936,0.03169999999998019,0.03654374999997716
tag.txt,0.01220624999999237,0.012218749999992362,0.01593749999999004,0.021356249999986653,0.02131249999998668,0.02956874999998152,0.03678124999997701,0.03531874999997792,0.046537499999970915,0.1884374999998822,0.18667499999988332,0.18388749999988507,0.3734312499997666,0.37761874999976397,0.3200187499998,0.21627499999986483,0.2214187499998616,0.21801249999986375,0.0683312499999573,0.06573749999995891,0.07838124999995101,0.02940624999998162,0.02689374999998319,0.03433749999997854,0.02299374999998563,0.02161874999998649,0.028818749999981987,0.03078124999998076,0.03118749999998051,0.04449999999997219
tag.txt,0.011993749999992503,0.012131249999992417,0.015618749999990238,0.020868749999986957,0.02022499999998736,0.028518749999982176,0.03563124999997773,0.03437499999997851,0.04408749999997245,0.18710624999988307,0.18460624999988462,0.1838374999998851,0.3729812499997669,0.3817562499997614,0.3274937499997953,0.2241562499998599,0.22619374999985864,0.22483749999985947,0.06653124999995842,0.06392499999996004,0.0734437499999541,0.02638124999998351,0.02537499999998414,0.03306249999997934,0.022368749999986018,0.02043124999998723,0.02665624999998334,0.03198124999998001,0.030981249999980635,0.042443749999973475
tag.txt,0.012843749999991973,0.013262499999991711,0.015437499999990351,0.024024999999984985,0.02341249999998537,0.02999999999998125,0.037043749999976845,0.03603124999997748,0.04446249999997221,0.18804374999988246,0.18556249999988403,0.18443749999988474,0.36171249999977395,0.36919999999976927,0.3297687499997939,0.2113312499998679,0.2138874999998663,0.20973124999986892,0.07123124999995548,0.06814374999995741,0.07547499999995283,0.03138749999998038,0.029806249999981372,0.03558124999997776,0.027543749999982783,0.025893749999983815,0.03129999999998044,0.034837499999978226,0.03479999999997825,0.043806249999972624
tag.txt,0.029412499999981617,0.02545624999998409,0.026324999999983546,0.05091249999996818,0.04446249999997221,0.05101249999996812,0.05829999999996356,0.05081874999996824,0.05758124999996401,0.15315624999990426,0.15188124999990507,0.15489374999990319,0.21388124999986632,0.260781249999837,0.23803124999985123,0.1777812499998889,0.19724999999987672,0.1886312499998821,0.09555624999994028,0.08900624999994437,0.09095624999994315,0.06213749999996116,0.05085624999996821,0.05561874999996524,0.07204374999995497,0.0577687499999639,0.059687499999962694,0.08681874999994574,0.07171874999995517,0.07726249999995172
tag.txt,0.0283187499999823,0.025287499999984194,0.026818749999983238,0.05008749999996869,0.04551874999997155,0.052862499999966964,0.055862499999965086,0.04990624999996881,0.057306249999964184,0.15413749999990367,0.15309374999990433,0.15126249999990546,0.231981249999855,0.26741874999983284,0.24584999999984633,0.18148749999988656,0.19795624999987627,0.18742499999988285,0.09349999999994156,0.08915624999994427,0.09063124999994336,0.05897499999996314,0.050299999999968564,0.055174999999965516,0.06491874999995942,0.05307499999996683,0.05676249999996452,0.08073124999994954,0.06828749999995733,0.07590624999995256
tag.txt,0.02862499999998211,0.02529374999998419,0.02694374999998316,0.050568749999968396,0.04484999999997197,0.051081249999968076,0.057381249999964135,0.05092499999996817,0.05777499999996389,0.15556249999990276,0.15450624999990342,0.15641249999990225,0.22709999999985805,0.26954999999983154,0.2446562499998471,0.17812499999988868,0.19233749999987979,0.18531874999988418,0.09339999999994163,0.08673749999994579,0.08961874999994399,0.05958749999996276,0.050812499999968244,0.055249999999965466,0.06717499999995802,0.055999999999965,0.05732499999996417,0.08247499999994845,0.06898749999995689,0.07561874999995274
tag.txt,0.028781249999982012,0.0254374999999841,0.02644999999998347,0.04914374999996929,0.045181249999971765,0.05266874999996708,0.058418749999963486,0.05254374999996716,0.05897499999996314,0.15618124999990238,0.15483124999990322,0.15438124999990352,0.23651874999985217,0.2739437499998288,0.25074999999984326,0.17880624999988826,0.19093749999988066,0.18490624999988442,0.09044999999994346,0.08526874999994671,0.08841249999994474,0.05810624999996368,0.04967499999996895,0.0551999999999655,0.06331249999996043,0.05419374999996613,0.054662499999965836,0.08028124999994983,0.06798749999995751,0.07359374999995401
tag.txt,0.022056249999986215,0.021637499999986477,0.021306249999986683,0.0337624999999789,0.03178749999998013,0.03598749999997751,0.04679999999997075,0.043974999999972515,0.049524999999969045,0.1748874999998907,0.17299999999989188,0.1761749999998899,0.2955562499998153,0.31225624999980484,0.29688124999981447,0.19006874999988121,0.19161874999988024,0.18662499999988336,0.07866874999995083,0.07708124999995182,0.07715624999995177,0.044743749999972035,0.042106249999973686,0.04453749999997216,0.055862499999965086,0.05194374999996754,0.053737499999966416,0.05759374999996401,0.05459374999996588,0.058068749999963705
tag.txt,0.02106874999998683,0.020837499999986978,0.020787499999987007,0.03325624999997921,0.03065624999998084,0.03418124999997864,0.045099999999971815,0.04271249999997331,0.04845624999996972,0.1742687499998911,0.17466874999989082,0.17639374999988974,0.3095687499998065,0.3244937499997972,0.308806249999807,0.19238124999987977,0.1921562499998799,0.18953749999988154,0.0772812499999517,0.07533749999995291,0.07586874999995258,0.0423999999999735,0.04059999999997462,0.04274374999997328,0.05015624999996865,0.04753749999997029,0.0489624999999694,0.05451874999996593,0.050999999999968126,0.05426249999996609
tag.txt,0.02183749999998635,0.022043749999986224,0.022193749999986127,0.03393124999997879,0.0329624999999794,0.03469999999997831,0.0476812499999702,0.04518749999997176,0.05079374999996825,0.1779312499998888,0.17514374999989055,0.17847499999988845,0.3046187499998096,0.3173187499998017,0.302337499999811,0.18979999999988137,0.18988124999988132,0.18718749999988302,0.07618124999995239,0.07428749999995357,0.07596249999995253,0.04358749999997276,0.04224999999997359,0.04418749999997238,0.04870624999996956,0.04726874999997046,0.04762499999997023,0.05572499999996517,0.05365624999996647,0.056537499999964665
tag.txt,0.021006249999986872,0.021993749999986253,0.02167499999998645,0.033524999999979044,0.031593749999980256,0.035249999999977966,0.046631249999970856,0.044743749999972035,0.049287499999969196,0.17208124999989244,0.17256249999989215,0.1737374999998914,0.3089874999998069,0.3172812499998017,0.3067999999998082,0.19307499999987932,0.19154374999988028,0.18663124999988334,0.0769437499999519,0.07623124999995236,0.07556249999995278,0.04317499999997301,0.041593749999974006,0.04459999999997213,0.05003124999996873,0.049018749999969365,0.04990624999996881,0.05454374999996591,0.0534374999999666,0.056549999999964656
tag.txt,0.03047499999998095,0.030068749999981208,0.029587499999981507,0.050487499999968447,0.04614999999997116,0.04993124999996879,0.056018749999964985,0.05128749999996794,0.05762499999996398,0.16157499999989902,0.16380624999989762,0.1646437499998971,0.1787562499998883,0.2006312499998746,0.18828124999988233,0.1533999999999041,0.15652499999990216,0.15400624999990375,0.09526249999994046,0.09468124999994082,0.0942374999999411,0.06969374999995644,0.06594374999995878,0.06721874999995799,0.1092687499999317,0.10489374999993444,0.1044812499999347,0.09506249999994058,0.08601249999994624,0.08998749999994375
tag.txt,0.02926249999998171,0.02923124999998173,0.028343749999982286,0.049706249999968935,0.04444374999997222,0.04993124999996879,0.054493749999965944,0.04956874999996902,0.05503124999996561,0.1596624999999002,0.16422499999989737,0.1636874999998977,0.1798249999998876,0.19995624999987502,0.18874999999988204,0.15356874999990403,0.15500624999990312,0.15339374999990413,0.09489999999994068,0.09443124999994099,0.09191874999994255,0.06938124999995664,0.06651874999995842,0.06788749999995757,0.11463124999992835,0.11095624999993065,0.11114999999993053,0.09456874999994089,0.08566249999994646,0.0899062499999438
tag.txt,0.029543749999981536,0.030106249999981183,0.02894374999998191,0.04999999999996875,0.046449999999970966,0.04981249999996887,0.054656249999965836,0.05139374999996788,0.056299999999964816,0.1593499999999004,0.16262499999989835,0.16471249999989707,0.18469374999988455,0.19768124999987643,0.19062499999988086,0.1577562499999014,0.1540499999999037,0.1543999999999035,0.09399999999994126,0.092812499999942,0.09259374999994213,0.06873124999995704,0.06614374999995866,0.06793124999995755,0.10994999999993128,0.11035624999993103,0.1035249999999353,0.09131874999994292,0.08838124999994476,0.09115624999994303
tag.txt,0.0294437499999816,0.03017499999998114,0.029562499999981524,0.04957499999996902,0.04638124999997101,0.05154374999996778,0.05394374999996628,0.050643749999968346,0.054224999999966106,0.15988749999990007,0.16241249999989849,0.15975624999990015,0.1864374999998835,0.19466874999987832,0.19012499999988117,0.1554999999999028,0.15356874999990403,0.15149999999990532,0.09298749999994188,0.09099374999994313,0.09074999999994328,0.06941874999995662,0.06711249999995805,0.07034374999995603,0.11134374999993041,0.11398124999992876,0.10967499999993145,0.09146249999994284,0.09006249999994372,0.09251874999994218
tag.txt,0.024874999999984455,0.024918749999984426,0.025156249999984278,0.03861874999997586,0.03686249999997696,0.03940624999997537,0.05179999999996762,0.04958749999996901,0.05616874999996489,0.17572499999989016,0.17504374999989059,0.17611249999988993,0.27576874999982764,0.28661249999982086,0.2713374999998304,0.1835187499998853,0.1844937499998847,0.18053124999988718,0.08162499999994899,0.08120624999994924,0.0825687499999484,0.04886874999996946,0.04620624999997112,0.04941249999996912,0.055768749999965145,0.05323124999996673,0.05404374999996622,0.06343124999996036,0.061837499999961354,0.06526249999995921
tag.txt,0.022874999999985702,0.023131249999985542,0.023187499999985508,0.037043749999976845,0.034981249999978134,0.038343749999976036,0.04972499999996892,0.04734374999997041,0.052968749999966896,0.17691874999988944,0.1753499999998904,0.17785624999988883,0.28473749999982206,0.2979124999998138,0.28182499999982386,0.1860749999998837,0.1862062499998836,0.180768749999887,0.08055624999994965,0.08092499999994943,0.08051874999994968,0.047224999999970485,0.04459374999997213,0.048518749999969676,0.054237499999966104,0.05268749999996707,0.05335624999996665,0.06060624999996212,0.056868749999964455,0.06265624999996083
tag.txt,0.024999999999984375,0.025206249999984245,0.02516874999998427,0.03784374999997635,0.03708749999997682,0.03997499999997502,0.05233749999996729,0.04974374999996891,0.05571249999996518,0.17459374999989088,0.17400624999989125,0.17735624999988917,0.27769374999982643,0.2883874999998198,0.27057499999983087,0.18252499999988592,0.18312499999988555,0.18041874999988725,0.08251249999994843,0.08059374999994963,0.0825687499999484,0.04786249999997009,0.04716874999997052,0.04966874999996896,0.05594999999996503,0.05374999999996641,0.05496249999996565,0.0636812499999602,0.06093124999996192,0.06359374999996026
tag.txt,0.023431249999985356,0.024743749999984535,0.02488124999998445,0.03742499999997661,0.0366499999999771,0.03971249999997518,0.05068749999996832,0.048931249999969416,0.053193749999966754,0.17224999999989235,0.17251249999989218,0.17387499999989134,0.2843499999998223,0.28841874999981976,0.27541249999982786,0.18646249999988346,0.1833812499998854,0.17990624999988755,0.0801687499999499,0.08009999999994993,0.08011249999994993,0.04793749999997004,0.04759374999997026,0.04941874999996911,0.05546249999996534,0.05617499999996489,0.05772499999996392,0.06182499999996136,0.061493749999961565,0.0657624999999589
tag.txt,0.012649999999992093,0.01297499999999189,0.01625624999998984,0.022706249999985807,0.022437499999985976,0.029018749999981865,0.03649374999997719,0.03537499999997789,0.04453749999997216,0.18119999999988676,0.17699374999988937,0.17251874999989217,0.3470187499997831,0.35341249999977914,0.3077187499998077,0.24214999999984865,0.246381249999846,0.24222499999984862,0.07591249999995256,0.07289374999995445,0.08349374999994781,0.026874999999983204,0.025931249999983794,0.033306249999979186,0.022362499999986022,0.020887499999986944,0.026562499999983398,0.03263124999997961,0.03271249999997956,0.04436249999997227
tag.txt,0.010393749999993504,0.011924999999992547,0.01956874999998777,0.023818749999985112,0.023818749999985112,0.03737499999997664,0.03444999999997847,0.03207499999997995,0.043893749999972566,0.18265624999988583,0.17637499999988976,0.15851874999990093,0.34376874999978513,0.34364999999978524,0.27528749999982793,0.2385499999998509,0.2468562499998457,0.23076249999985576,0.07757499999995152,0.07578124999995263,0.09164999999994272,0.0299187499999813,0.02923124999998173,0.04161249999997399,0.02533124999998417,0.024406249999984746,0.04035624999997478,0.033537499999979035,0.03588124999997758,0.06097499999996189
tag.txt,0.010956249999993152,0.01234999999999228,0.021787499999986384,0.02286249999998571,0.02333124999998542,0.04061249999997462,0.03411249999997868,0.03233124999997979,0.04283749999997322,0.18309999999988555,0.17542499999989036,0.15414374999990366,0.3379312499997888,0.3416187499997865,0.2651562499998343,0.24429374999984732,0.2500562499998437,0.22773124999985767,0.07832499999995104,0.07483749999995323,0.09118124999994301,0.02884999999998197,0.028487499999982194,0.04376249999997265,0.024387499999984758,0.02465624999998459,0.04526249999997171,0.035181249999978015,0.03690624999997694,0.0675249999999578
tag.txt,0.009593749999994005,0.012674999999992078,0.023318749999985424,0.022381249999986013,0.024381249999984762,0.045862499999971336,0.03245624999997972,0.029943749999981284,0.0396812499999752,0.17841249999988848,0.16903124999989436,0.14476249999990953,0.33337499999979164,0.33661874999978963,0.24238749999984852,0.2476562499998452,0.2507249999998433,0.2214062499998616,0.07713749999995179,0.07603124999995248,0.09115624999994303,0.03294374999997941,0.03284999999997947,0.05248749999996719,0.03004999999998122,0.030762499999980774,0.06101874999996186,0.0359937499999775,0.03698124999997689,0.0779187499999513
tag.txt,0.024868749999984455,0.022624999999985858,0.020937499999986914,0.04359374999997275,0.03667499999997708,0.03929374999997544,0.04956874999996902,0.04503124999997186,0.052024999999967486,0.16949374999989406,0.17362499999989148,0.1822562499998861,0.21336874999986663,0.2484624999998447,0.24346249999984784,0.16979374999989388,0.17700624999988937,0.18563124999988398,0.09282499999994198,0.09091249999994318,0.09382499999994136,0.06142499999996161,0.056362499999964774,0.0510374999999681,0.09368749999994144,0.08123749999994923,0.06829374999995731,0.08137499999994914,0.06806249999995746,0.06323749999996048
tag.txt,0.02462499999998461,0.022043749999986224,0.02140624999998662,0.04251249999997343,0.03538124999997789,0.03868749999997582,0.05278749999996701,0.0473562499999704,0.054293749999966064,0.17498749999989063,0.1800249999998875,0.1832187499998855,0.22742499999985785,0.259256249999838,0.2537749999998414,0.16905624999989433,0.17891249999988817,0.18309999999988555,0.09201249999994249,0.0913562499999429,0.08988124999994382,0.059031249999963106,0.05236874999996727,0.052168749999967394,0.08061874999994961,0.06934999999995665,0.06104999999996184,0.0769437499999519,0.06394999999996002,0.062418749999960985
tag.txt,0.02499374999998438,0.022456249999985963,0.021156249999986776,0.041812499999973864,0.035199999999978,0.03949999999997531,0.0524749999999672,0.04779374999997013,0.05376874999996639,0.1756874999998902,0.17946874999988782,0.18565624999988398,0.22683749999985822,0.2540749999998412,0.24754999999984528,0.1686437499998946,0.17744999999988909,0.18138749999988663,0.09074999999994328,0.09004999999994372,0.09047499999994345,0.059781249999962635,0.052756249999967024,0.052281249999967326,0.08279999999994825,0.07469999999995332,0.06433124999995979,0.07621874999995236,0.06604999999995873,0.06389374999996007
tag.txt,0.025274999999984202,0.023112499999985554,0.02193124999998629,0.04135624999997415,0.03518749999997801,0.03972499999997517,0.05302499999996686,0.04650624999997093,0.05333749999996666,0.17303124999989186,0.1795249999998878,0.1825812499998859,0.22986874999985632,0.2577562499998389,0.2526562499998421,0.1687937499998945,0.1766374999998896,0.18054374999988715,0.09099374999994313,0.09048749999994345,0.08938749999994414,0.0585624999999634,0.052612499999967116,0.05270624999996706,0.08244999999994847,0.07331874999995418,0.06392499999996004,0.07664374999995209,0.06485624999995947,0.0632062499999605
tag.txt,0.021093749999986817,0.02324999999998547,0.023831249999985104,0.038999999999975624,0.035018749999978116,0.04101249999997437,0.057062499999964336,0.048499999999969685,0.05736249999996415,0.1790249999998881,0.182418749999886,0.18393124999988505,0.2536124999998415,0.26149374999983654,0.24219999999984862,0.2020749999998737,0.18346249999988534,0.17556874999989028,0.09322499999994173,0.09241874999994223,0.09206249999994245,0.04746874999997033,0.05059999999996837,0.05500624999996562,0.04736874999997039,0.05996874999996252,0.05996874999996252,0.06006874999996246,0.06286874999996071,0.06905624999995684
tag.txt,0.022356249999986026,0.022281249999986073,0.02273749999998579,0.04108749999997432,0.032781249999979514,0.039687499999975194,0.05929999999996294,0.04923124999996923,0.05873124999996329,0.1788874999998882,0.18856249999988214,0.1865749999998834,0.2537187499998414,0.2718249999998301,0.2537874999998414,0.19161874999988024,0.1860999999998837,0.17621874999988987,0.09147499999994282,0.09078124999994326,0.08857499999994464,0.04972499999996892,0.048774999999969516,0.05369374999996644,0.049256249999969214,0.05309999999996681,0.05580624999996512,0.06257499999996088,0.05656249999996465,0.06418749999995989
tag.txt,0.022499999999985937,0.022887499999985694,0.023687499999985196,0.0403249999999748,0.03414374999997866,0.03971249999997518,0.05786874999996383,0.050037499999968725,0.058487499999963444,0.17999374999988751,0.1852624999998842,0.1857749999998839,0.25271874999984206,0.2664187499998335,0.2489374999998444,0.19698749999987689,0.18603749999988373,0.1783999999998885,0.09274999999994203,0.09120624999994299,0.09114374999994304,0.047906249999970056,0.050218749999968615,0.053712499999966426,0.047574999999970266,0.05479374999996575,0.055081249999965574,0.06137499999996164,0.05899374999996313,0.06506249999995933
tag.txt,0.023893749999985066,0.023531249999985293,0.024724999999984548,0.0409624999999744,0.03321874999997924,0.04023749999997485,0.05895624999996315,0.050637499999968354,0.05883124999996323,0.1783999999998885,0.1862249999998836,0.18280624999988573,0.2521687499998424,0.27223124999982984,0.25529999999984043,0.19305624999987933,0.1835062499998853,0.17356874999989153,0.08998124999994377,0.08952499999994405,0.08725624999994547,0.049193749999969255,0.050374999999968514,0.05531249999996543,0.04888124999996945,0.05256874999996714,0.05573124999996517,0.06450624999995969,0.05818124999996364,0.06623124999995861
tag.txt,0.01854374999998841,0.013693749999991442,0.017737499999988915,0.030068749999981208,0.02483124999998448,0.034837499999978226,0.053549999999966534,0.043981249999972515,0.05709999999996431,0.19331249999987918,0.18854374999988216,0.18076249999988703,0.2918437499998176,0.3498624999997813,0.29513749999981553,0.1972937499998767,0.2113624999998679,0.21260624999986713,0.0873499999999454,0.0699249999999563,0.07765624999995147,0.041418749999974115,0.031093749999980567,0.03716249999997678,0.03689374999997694,0.027843749999982598,0.034231249999978605,0.04972499999996892,0.03886249999997571,0.05276874999996702
tag.txt,0.017843749999988848,0.013506249999991558,0.01769374999998894,0.027724999999982673,0.023868749999985082,0.03358749999997901,0.05120624999996799,0.042968749999973146,0.05800624999996375,0.2044749999998722,0.19436249999987854,0.18614999999988366,0.30048749999981217,0.355206249999778,0.29540624999981535,0.1965124999998772,0.21351874999986656,0.21203749999986748,0.08215624999994865,0.06470624999995955,0.076793749999952,0.03880624999997575,0.027993749999982505,0.034837499999978226,0.03368749999997894,0.026268749999983583,0.03340624999997912,0.04709999999997056,0.0375999999999765,0.05208124999996745
tag.txt,0.017431249999989105,0.013899999999991312,0.018537499999988414,0.028949999999981907,0.023687499999985196,0.03436874999997852,0.05156874999996777,0.04324374999997297,0.05853124999996342,0.2036624999998727,0.1971249999998768,0.1878374999998826,0.3038874999998101,0.35641249999977725,0.29267499999981705,0.1889499999998819,0.20051249999987467,0.20174999999987392,0.07948749999995032,0.06636874999995852,0.07779999999995138,0.04126249999997421,0.03185624999998009,0.03786874999997633,0.0361562499999774,0.027943749999982535,0.03559999999997775,0.0486437499999696,0.03894999999997566,0.05503124999996561
tag.txt,0.01658749999998963,0.012443749999992223,0.017349999999989155,0.028149999999982408,0.023687499999985196,0.033031249999979355,0.05233124999996729,0.04360624999997274,0.06069374999996206,0.20756874999987027,0.1962812499998773,0.18588749999988383,0.30054374999981215,0.3554062499997779,0.28947499999981907,0.19126249999988046,0.21019999999986863,0.21179999999986762,0.0841562499999474,0.06931874999995667,0.08151249999994906,0.03857499999997589,0.028012499999982492,0.03498749999997813,0.03410624999997868,0.02476874999998452,0.03299374999997938,0.0467187499999708,0.036274999999977325,0.052268749999967334
tag.txt,0.024931249999984417,0.023062499999985584,0.02119999999998675,0.04374374999997266,0.037643749999976474,0.04101249999997437,0.05033749999996854,0.0451187499999718,0.052956249999966905,0.16858749999989464,0.17374374999989142,0.18251874999988593,0.20956874999986902,0.23946249999985034,0.23349374999985406,0.16726874999989547,0.17501874999989062,0.18410624999988492,0.09301249999994186,0.09149999999994281,0.09382499999994136,0.06314999999996053,0.05761249999996399,0.05305624999996684,0.09618124999993989,0.08635624999994602,0.07226874999995483,0.083218749999948,0.07048124999995595,0.06556249999995903
tag.txt,0.025593749999984004,0.022462499999985962,0.02020624999998737,0.04778749999997013,0.0377562499999764,0.04302499999997311,0.04941874999996911,0.04243124999997348,0.048762499999969525,0.15833749999990104,0.1714812499998928,0.1767999999998895,0.1832062499998855,0.2264249999998585,0.22744999999985785,0.1636937499998977,0.17501874999989062,0.18073124999988704,0.09579374999994013,0.09310624999994181,0.09223749999994235,0.06969999999995644,0.061831249999961355,0.05752499999996405,0.11333124999992916,0.09974999999993765,0.08717499999994552,0.0931374999999418,0.06973749999995642,0.0660874999999587
tag.txt,0.02550624999998406,0.023274999999985453,0.022156249999986152,0.04402499999997248,0.036618749999977114,0.03964999999997522,0.05227499999996733,0.04745624999997034,0.05358124999996651,0.17203124999989247,0.17754999999988902,0.18344374999988536,0.21666874999986457,0.2461124999998462,0.23926874999985046,0.16740624999989537,0.1753437499998904,0.18323749999988548,0.09363749999994148,0.09126874999994296,0.09365624999994146,0.06092499999996192,0.05529374999996544,0.05263124999996711,0.08731249999994543,0.07871249999995081,0.06644999999995847,0.08021249999994987,0.06836874999995726,0.0659249999999588
tag.txt,0.02521874999998424,0.023274999999985453,0.022762499999985773,0.043031249999973105,0.03623124999997736,0.04069374999997456,0.053699999999966434,0.04748749999997032,0.05433749999996604,0.17272499999989205,0.17906249999988808,0.18039374999988725,0.22391874999986006,0.25101874999984314,0.2465437499998459,0.1659499999998963,0.17539374999989038,0.17876249999988827,0.09223749999994235,0.09158749999994276,0.0892624999999442,0.06024999999996234,0.05445624999996596,0.054562499999965895,0.08535624999994665,0.07676874999995202,0.06782499999995761,0.0776124999999515,0.06471874999995955,0.06485624999995947
tag.txt,0.014906249999990684,0.014868749999990707,0.014762499999990773,0.024037499999984977,0.024281249999984825,0.02521874999998424,0.040056249999974966,0.039274999999975455,0.04449999999997219,0.18709999999988305,0.18466249999988457,0.1926312499998796,0.35113749999978056,0.3591312499997755,0.3444187499997847,0.2209499999998619,0.22256249999986089,0.21724374999986423,0.07171249999995517,0.06935624999995665,0.07061249999995586,0.02996874999998127,0.02838124999998226,0.03131249999998043,0.02439999999998475,0.022906249999985685,0.02346874999998533,0.03573124999997767,0.034574999999978394,0.0358312499999776
tag.txt,0.014568749999990895,0.014849999999990718,0.014662499999990836,0.02406249999998496,0.023818749999985112,0.02726249999998296,0.0390374999999756,0.03963749999997523,0.04273749999997329,0.19016249999988113,0.18677499999988326,0.188831249999882,0.3547062499997783,0.35847499999977595,0.350387499999781,0.2142687499998661,0.2196937499998627,0.21156249999986776,0.07250624999995468,0.0700874999999562,0.07113749999995554,0.0311999999999805,0.029762499999981398,0.03299374999997938,0.02465624999998459,0.023012499999985617,0.02436874999998477,0.03483124999997823,0.03388749999997882,0.03605624999997747
tag.txt,0.015062499999990585,0.015206249999990496,0.015224999999990484,0.024856249999984464,0.02481874999998449,0.02612499999998367,0.040724999999974545,0.04044374999997472,0.04394374999997253,0.1883187499998823,0.18453124999988466,0.1912374999998805,0.34856249999978217,0.35766874999977644,0.34437499999978477,0.22142499999986162,0.22188124999986134,0.2171187499998643,0.0710499999999556,0.06861874999995711,0.07226249999995484,0.030243749999981098,0.028731249999982042,0.03036874999998102,0.0233624999999854,0.02221249999998612,0.022718749999985802,0.03639374999997726,0.03588749999997757,0.036624999999977106
tag.txt,0.014331249999991042,0.014899999999990688,0.0147187499999908,0.0244812499999847,0.025143749999984286,0.027656249999982715,0.039699999999975186,0.03948749999997532,0.04353124999997279,0.1867312499998833,0.18560624999988398,0.18637499999988352,0.36021249999977484,0.3624124999997735,0.3527749999997795,0.21409999999986618,0.21442499999986597,0.21046874999986845,0.06939999999995662,0.06921874999995674,0.06967499999995645,0.03173124999998017,0.030181249999981136,0.033537499999979035,0.02324999999998547,0.023174999999985516,0.023824999999985108,0.03606249999997746,0.035449999999977846,0.0374374999999766
tag.txt,0.014981249999990637,0.014787499999990758,0.014918749999990676,0.023831249999985104,0.023393749999985378,0.02684374999998322,0.04046249999997471,0.03908124999997557,0.045237499999971724,0.18561874999988398,0.18435624999988479,0.18700624999988313,0.35241874999977973,0.363218749999773,0.3405249999997872,0.22397499999986,0.2265749999998584,0.22515624999985928,0.07133124999995542,0.06739999999995787,0.07154374999995529,0.02874999999998203,0.026349999999983532,0.02886249999998196,0.02366249999998521,0.021493749999986565,0.023143749999985534,0.03496874999997814,0.03334374999997916,0.03676249999997702
tag.txt,0.014681249999990825,0.014637499999990852,0.01502499999999061,0.02419374999998488,0.02354999999998528,0.028518749999982176,0.03822499999997611,0.03753124999997654,0.04477499999997202,0.1852812499998842,0.18570624999988394,0.18426249999988484,0.36136874999977414,0.3657812499997714,0.3427749999997858,0.21813749999986368,0.22133124999986167,0.21861874999986336,0.07005624999995622,0.06837499999995726,0.07160624999995524,0.030918749999980677,0.028087499999982446,0.03238749999997976,0.022949999999985655,0.02132499999998667,0.023987499999985007,0.03418749999997863,0.03367499999997895,0.03804374999997622
tag.txt,0.014131249999991168,0.014699999999990812,0.015112499999990555,0.02361874999998524,0.023081249999985575,0.027112499999983053,0.039531249999975294,0.038168749999976145,0.04503749999997185,0.19014999999988116,0.19037499999988103,0.19059374999988088,0.3552937499997779,0.36139374999977414,0.33897499999978814,0.22441874999985972,0.22371874999986016,0.22268749999986082,0.06928749999995669,0.0675124999999578,0.07079999999995575,0.02790624999998256,0.02724999999998297,0.030618749999980863,0.02209374999998619,0.0204812499999872,0.022356249999986026,0.03356874999997902,0.03331874999997918,0.036706249999977056
tag.txt,0.014618749999990863,0.015124999999990547,0.016406249999989745,0.025031249999984354,0.024649999999984594,0.02936249999998165,0.039881249999975076,0.040212499999974866,0.04603124999997123,0.18568124999988395,0.185587499999884,0.18087499999988696,0.3604687499997747,0.36312499999977305,0.34186249999978635,0.2156562499998652,0.2169562499998644,0.21541874999986535,0.0699124999999563,0.06875624999995703,0.07259374999995463,0.030874999999980703,0.029831249999981355,0.033193749999979254,0.02286249999998571,0.022043749999986224,0.024374999999984766,0.03501249999997812,0.03371249999997893,0.039881249999975076
tag.txt,0.013749999999991406,0.013893749999991316,0.01773124999998892,0.026199999999983625,0.025143749999984286,0.03299999999997937,0.038756249999975775,0.03668124999997707,0.0465624999999709,0.18071249999988706,0.17802499999988874,0.16999374999989375,0.3189937499998006,0.3282749999997948,0.2830249999998231,0.23109999999985556,0.23670624999985207,0.22920624999985675,0.08241874999994848,0.08056874999994965,0.08903749999994436,0.03452499999997842,0.03176249999998015,0.04034999999997478,0.032612499999979616,0.029318749999981675,0.036187499999977384,0.04093124999997442,0.039624999999975236,0.054906249999965684
tag.txt,0.010806249999993247,0.012931249999991918,0.02286249999998571,0.026418749999983487,0.026681249999983322,0.046706249999970806,0.033781249999978884,0.03166249999998021,0.04376874999997264,0.18182499999988636,0.17241874999989223,0.14759999999990775,0.3143812499998035,0.3165374999998022,0.23300624999985436,0.23622499999985236,0.2435437499998478,0.21596249999986503,0.08433124999994729,0.08386249999994759,0.097599999999939,0.03641249999997724,0.035681249999977696,0.054406249999965996,0.03505624999997809,0.03393124999997879,0.058843749999963224,0.04076249999997452,0.04274999999997328,0.07924374999995047
tag.txt,0.011637499999992727,0.013443749999991598,0.024081249999984948,0.026443749999983474,0.026693749999983318,0.047131249999970544,0.03556874999997777,0.032106249999979936,0.043462499999972835,0.17911874999988806,0.17319374999989176,0.1484624999999072,0.3122124999998049,0.3174624999998016,0.23561874999985274,0.2380687499998512,0.24418749999984737,0.21275624999986703,0.0849687499999469,0.08283749999994823,0.09642499999993974,0.03518749999997801,0.034906249999978184,0.0537562499999664,0.03445624999997846,0.03289374999997944,0.058331249999963544,0.04233749999997354,0.04227499999997358,0.07997499999995002
tag.txt,0.010674999999993329,0.014024999999991234,0.024374999999984766,0.025537499999984038,0.025556249999984026,0.0478437499999701,0.032537499999979666,0.030274999999981077,0.03886874999997571,0.1657562499998964,0.1608062499998995,0.13627499999991483,0.2974437499998141,0.30629999999980856,0.21733124999986417,0.2472124999998455,0.2441249999998474,0.204799999999872,0.08294374999994816,0.0822312499999486,0.08739999999994537,0.041987499999973754,0.04185624999997384,0.0614437499999616,0.05358749999996651,0.0545562499999659,0.09325624999994171,0.04231874999997355,0.04026874999997483,0.08840624999994474
tag.txt,0.01644999999998972,0.016899999999989437,0.016349999999989782,0.028049999999982467,0.027156249999983027,0.029193749999981755,0.04276249999997327,0.04118749999997426,0.04489374999997194,0.17960624999988775,0.17609374999988994,0.17799999999988875,0.31584999999980257,0.32519999999979676,0.3173749999998016,0.2286249999998571,0.23385624999985383,0.23172499999985516,0.08230624999994855,0.07858749999995088,0.0804812499999497,0.03364999999997897,0.03172499999998017,0.03196249999998002,0.029981249999981262,0.027156249999983027,0.027281249999982948,0.0427187499999733,0.04213749999997366,0.04273749999997329
tag.txt,0.015162499999990524,0.015562499999990273,0.015674999999990204,0.02901249999998187,0.028343749999982286,0.03207499999997995,0.04066874999997458,0.039443749999975346,0.043112499999973054,0.17694999999988942,0.17308749999989181,0.17276249999989202,0.31676874999980204,0.32457499999979716,0.3128249999998045,0.22858749999985714,0.23479999999985324,0.2308562499998557,0.08218749999994863,0.08161249999994899,0.08295624999994815,0.03523124999997798,0.03309999999997931,0.035256249999977965,0.0316874999999802,0.02781249999998262,0.029237499999981726,0.04374374999997266,0.04166249999997396,0.04524374999997172
tag.txt,0.016599999999989627,0.01662499999998961,0.016918749999989425,0.028274999999982328,0.027418749999982863,0.02945624999998159,0.04265624999997334,0.04138124999997413,0.045337499999971664,0.17746874999988907,0.17465624999989085,0.17628749999988982,0.31654374999980217,0.3249187499997969,0.31112499999980553,0.23079999999985576,0.2355249999998528,0.2364749999998522,0.08230624999994855,0.07900624999995062,0.08022499999994986,0.03411249999997868,0.03134374999998041,0.03317499999997926,0.029131249999981793,0.02679999999998325,0.026593749999983377,0.042106249999973686,0.042324999999973544,0.044406249999972246
tag.txt,0.015299999999990438,0.01599999999999,0.017874999999988827,0.030281249999981073,0.028362499999982273,0.033699999999978934,0.04049374999997469,0.03881874999997574,0.043381249999972886,0.17231249999989232,0.17301249999989188,0.1658937499998963,0.31768124999980146,0.3271624999997955,0.30617499999980863,0.23008124999985619,0.23283124999985447,0.23157499999985526,0.08228124999994857,0.07953124999995029,0.08234999999994853,0.035687499999977695,0.03273124999997954,0.037474999999976576,0.030662499999980837,0.028056249999982463,0.030756249999980778,0.04521874999997174,0.04349374999997282,0.05081874999996824
tag.txt,0.02182499999998636,0.021356249999986653,0.02105624999998684,0.03308749999997932,0.03185624999998009,0.03238749999997976,0.05161874999996774,0.049031249999969356,0.05166249999996771,0.1787187499998883,0.1782312499998886,0.18179999999988639,0.29899999999981314,0.3145874999998034,0.30904999999980687,0.21032499999986853,0.211181249999868,0.20853749999986967,0.08324374999994798,0.0801499999999499,0.08148124999994907,0.03794999999997628,0.03563124999997773,0.03708124999997683,0.03246874999997971,0.02908749999998182,0.02876874999998202,0.05176249999996765,0.04888749999996945,0.04817499999996989
tag.txt,0.02132499999998667,0.021474999999986578,0.020668749999987083,0.032362499999979776,0.03129999999998044,0.03317499999997926,0.049874999999968826,0.047718749999970174,0.05094374999996816,0.17836874999988853,0.17736874999988914,0.18043749999988723,0.30595624999980875,0.31833124999980106,0.3123124999998048,0.21002499999986873,0.2133062499998667,0.20873749999986954,0.08312499999994805,0.0796749999999502,0.08106874999994933,0.037318749999976676,0.03382499999997886,0.035924999999977544,0.03161874999998024,0.029124999999981797,0.02897499999998189,0.05002499999996873,0.04787499999997008,0.04775624999997015
tag.txt,0.022193749999986127,0.021912499999986304,0.021331249999986666,0.032756249999979524,0.03124374999998047,0.03238749999997976,0.04997499999996877,0.04914374999996929,0.05109374999996807,0.17889999999988818,0.1785249999998884,0.18117499999988676,0.30040624999981225,0.3147312499998033,0.3092749999998067,0.2132812499998667,0.2131312499998668,0.21361249999986648,0.08188749999994882,0.07946249999995034,0.07912499999995054,0.036949999999976904,0.03394374999997878,0.03563749999997773,0.031668749999980206,0.028793749999982004,0.027968749999982518,0.05198124999996751,0.049112499999969306,0.04839374999996975
tag.txt,0.022112499999986178,0.02226874999998608,0.022156249999986152,0.034762499999978276,0.0334374999999791,0.034662499999978336,0.049781249999968885,0.04820624999996987,0.05169374999996769,0.17529999999989043,0.17591874999989005,0.17671249999988956,0.30681874999980824,0.31779999999980135,0.3108499999998057,0.20980624999986888,0.20951874999986905,0.2086312499998696,0.08060624999994961,0.0779187499999513,0.07778124999995138,0.03770624999997643,0.0353624999999779,0.03744999999997659,0.03138124999998038,0.029481249999981574,0.02926249999998171,0.05172499999996767,0.05008749999996869,0.05079999999996825
tag.txt,0.021237499999986725,0.021562499999986523,0.022056249999986215,0.030899999999980686,0.029706249999981435,0.03238749999997976,0.052012499999967494,0.05006874999996871,0.056187499999964884,0.18167499999988646,0.18164999999988646,0.18508749999988433,0.30664374999980837,0.32006249999979997,0.2983374999998135,0.20739374999987037,0.2037062499998727,0.19497499999987813,0.08110624999994931,0.07909999999995056,0.08409374999994744,0.03736874999997664,0.03641249999997724,0.04120624999997424,0.03199999999998,0.030681249999980825,0.033737499999978916,0.04966249999996896,0.047049999999970595,0.051931249999967545
tag.txt,0.021368749999986645,0.021649999999986468,0.022587499999985883,0.03128749999998044,0.02973124999998142,0.033599999999979,0.05139374999996788,0.04976874999996889,0.055412499999965364,0.1812687499998867,0.1822187499998861,0.18544374999988408,0.30982499999980634,0.3196187499998002,0.2970624999998143,0.20533749999987166,0.20451874999987218,0.1953437499998779,0.08058749999994963,0.0795124999999503,0.08316874999994801,0.036693749999977064,0.034818749999978235,0.04020624999997487,0.03241249999997974,0.03009374999998119,0.03501249999997812,0.04982499999996886,0.048068749999969955,0.0521624999999674
tag.txt,0.022199999999986123,0.022087499999986195,0.022887499999985694,0.030362499999981023,0.029556249999981528,0.032612499999979616,0.05294374999996691,0.05143124999996786,0.05737499999996414,0.18291874999988567,0.18210624999988617,0.1867312499998833,0.30722499999980796,0.3192374999998005,0.29526249999981546,0.20472499999987204,0.20238749999987352,0.19661249999987712,0.07989999999995007,0.0803312499999498,0.08353749999994779,0.03782499999997636,0.03597499999997752,0.040487499999974697,0.03194374999998004,0.03011249999998118,0.03334999999997915,0.049956249999968776,0.046774999999970764,0.051143749999968034
tag.txt,0.023418749999985364,0.02299374999998563,0.023962499999985024,0.033299999999979187,0.032262499999979835,0.03524374999997797,0.05321874999996674,0.0516812499999677,0.05759374999996401,0.17707499999988932,0.1795187499998878,0.18024999999988733,0.30594999999980876,0.316806249999802,0.2982874999998136,0.20316874999987303,0.19988124999987508,0.1929624999998794,0.08084999999994946,0.08078124999994951,0.08244999999994847,0.03869374999997582,0.036449999999977216,0.041912499999973804,0.0323124999999798,0.03076874999998077,0.034149999999978656,0.052012499999967494,0.048856249999969466,0.053187499999966754
tag.txt,0.01879999999998825,0.019306249999987934,0.02033749999998729,0.02883124999998198,0.02812499999998242,0.031093749999980567,0.048762499999969525,0.04659999999997087,0.05317499999996676,0.18681249999988325,0.18811249999988242,0.1911687499998805,0.31498749999980313,0.32374374999979766,0.3028562499998107,0.20936874999986915,0.20821249999986988,0.19830624999987606,0.08052499999994966,0.07923749999995047,0.08308749999994806,0.036018749999977485,0.034649999999978344,0.040043749999974974,0.030906249999980682,0.028724999999982046,0.03238749999997976,0.04498749999997188,0.043287499999972945,0.04754374999997028
tag.txt,0.01886249999998821,0.018762499999988275,0.019768749999987643,0.027562499999982774,0.027131249999983044,0.03123124999998048,0.04728124999997045,0.044643749999972095,0.05128749999996794,0.18456874999988465,0.18610624999988368,0.18807499999988245,0.32504999999979683,0.3352187499997905,0.31288124999980443,0.2115312499998678,0.209612499999869,0.1990374999998756,0.07978749999995013,0.07884999999995072,0.08128124999994919,0.0350374999999781,0.033556249999979026,0.03977499999997514,0.028037499999982476,0.02611249999998368,0.03091249999998068,0.042281249999973576,0.040006249999975,0.045749999999971404
tag.txt,0.019543749999987786,0.019862499999987585,0.02043124999998723,0.028668749999982084,0.02726249999998296,0.02988749999998132,0.04873124999996954,0.04681249999997074,0.053368749999966644,0.18746249999988285,0.1886562499998821,0.1932499999998792,0.3169124999998019,0.3276312499997952,0.3062624999998086,0.20809999999986994,0.20628124999987107,0.19764999999987648,0.07977499999995014,0.07833749999995104,0.08120624999994924,0.03613749999997742,0.035424999999977856,0.03908124999997557,0.03020624999998112,0.027724999999982673,0.03201874999997999,0.04446249999997221,0.042006249999973745,0.04684374999997072
tag.txt,0.02012499999998742,0.020037499999987475,0.02076874999998702,0.028937499999981915,0.02828749999998232,0.03207499999997995,0.047731249999970166,0.0467249999999708,0.05221249999996737,0.18243124999988597,0.18346249999988534,0.18658124999988338,0.3234062499997979,0.3322749999997923,0.31098124999980564,0.21318124999986676,0.21096874999986814,0.201599999999874,0.07820624999995113,0.07683749999995197,0.0806562499999496,0.03526249999997796,0.03383124999997886,0.03878749999997576,0.02729999999998294,0.025918749999983802,0.030324999999981048,0.04341874999997286,0.041656249999973964,0.04601249999997124
tag.txt,0.026868749999983208,0.026431249999983482,0.025931249999983794,0.046443749999970974,0.04179374999997388,0.04916249999996927,0.05120624999996799,0.04631249999997106,0.05197499999996751,0.16206249999989872,0.1678249999998951,0.16666249999989582,0.19212499999987992,0.21405624999986622,0.19860624999987586,0.16188124999989884,0.16377499999989764,0.15742499999990162,0.09303124999994186,0.09128749999994294,0.09121249999994299,0.0668812499999582,0.062499999999960934,0.06551249999995905,0.11038124999993101,0.10477499999993452,0.10564374999993398,0.0891187499999443,0.08124374999994922,0.08786874999994508
tag.txt,0.027368749999982893,0.02611249999998368,0.026293749999983566,0.04552499999997155,0.0404812499999747,0.047812499999970115,0.05196249999996752,0.047812499999970115,0.05447499999996595,0.16506249999989683,0.16917499999989427,0.16676874999989577,0.2068562499998707,0.22811249999985742,0.21368749999986644,0.16051249999989967,0.16436874999989726,0.15739999999990162,0.09304374999994185,0.091199999999943,0.08856874999994464,0.0652812499999592,0.06093749999996191,0.06469999999995957,0.1009624999999369,0.09513749999994053,0.09717499999993927,0.08342499999994786,0.07666249999995209,0.08311874999994805
tag.txt,0.025618749999983988,0.025837499999983853,0.02564999999998397,0.04532499999997167,0.04053124999997467,0.04692499999997067,0.052268749999967334,0.04805624999996996,0.05425624999996609,0.16748124999989533,0.17083749999989323,0.17048124999989345,0.20482499999987197,0.21818749999986364,0.20636249999987102,0.16283124999989823,0.16339999999989788,0.15861249999990087,0.09222499999994235,0.09105624999994309,0.08917499999994427,0.06384374999996009,0.06254374999996092,0.06533749999995916,0.10133124999993667,0.09874999999993828,0.09979999999993762,0.08424999999994734,0.0807999999999495,0.08339999999994788
tag.txt,0.0257624999999839,0.0263999999999835,0.02633124999998354,0.044918749999971926,0.040806249999974495,0.04724374999997047,0.052099999999967436,0.048743749999969534,0.054906249999965684,0.16658124999989588,0.17049374999989345,0.1684874999998947,0.21444999999986597,0.22362499999986024,0.21206874999986747,0.16291249999989818,0.16132499999989916,0.15622499999990236,0.09208749999994245,0.09096874999994314,0.08858749999994463,0.06343749999996035,0.06201874999996124,0.06623124999995861,0.09661874999993961,0.09883749999993822,0.09810624999993868,0.08113124999994929,0.076781249999952,0.08181249999994887
tag.txt,0.01812499999998867,0.019256249999987964,0.018762499999988275,0.034481249999978446,0.03298124999997939,0.038343749999976036,0.04153124999997404,0.039362499999975396,0.04753124999997029,0.17608749999988996,0.17623749999988986,0.18139999999988662,0.263931249999835,0.2691124999998318,0.2519749999998425,0.19758749999987651,0.18888749999988194,0.17699374999988937,0.0907374999999433,0.0876937499999452,0.08807499999994495,0.048593749999969627,0.05058124999996839,0.05511249999996556,0.0699124999999563,0.07334999999995416,0.07335624999995415,0.059012499999963115,0.06253749999996092,0.06844999999995721
tag.txt,0.01708749999998932,0.01817499999998864,0.017756249999988902,0.03131249999998043,0.029318749999981675,0.0361624999999774,0.043524999999972794,0.04168749999997395,0.04905624999996934,0.17879374999988826,0.1809749999998869,0.18602499999988373,0.2891187499998193,0.2924374999998172,0.2712312499998305,0.19913749999987554,0.1918437499998801,0.18108749999988683,0.08594999999994628,0.0849624999999469,0.08416874999994739,0.044999999999971875,0.04633124999997104,0.050999999999968126,0.05825624999996359,0.0604812499999622,0.06263749999996085,0.05181874999996761,0.05378749999996638,0.06087499999996195
tag.txt,0.017656249999988965,0.018549999999988406,0.018387499999988507,0.032862499999979464,0.03161249999998024,0.03554999999997778,0.044387499999972255,0.04156874999997402,0.04803749999996998,0.17906249999988808,0.1785687499998884,0.18629374999988357,0.2744249999998285,0.28165624999982397,0.26265624999983583,0.1966062499998771,0.18948124999988158,0.18136874999988664,0.08698124999994564,0.08589999999994631,0.08471249999994705,0.04676249999997077,0.047474999999970326,0.05127499999996795,0.06476874999995952,0.06854374999995716,0.06870624999995706,0.0564874999999647,0.0566437499999646,0.06301249999996061
tag.txt,0.017599999999989,0.01875624999998828,0.01862499999998836,0.032931249999979414,0.031768749999980146,0.0380812499999762,0.042424999999973484,0.04073749999997454,0.047731249999970166,0.17671874999988954,0.17673749999988952,0.18073124999988704,0.2789687499998256,0.27939374999982536,0.26113749999983676,0.1963187499998773,0.18708749999988306,0.17687499999988945,0.0867187499999458,0.08524999999994672,0.08436874999994727,0.048662499999969584,0.04951874999996905,0.05453749999996591,0.06539999999995913,0.071999999999955,0.07147499999995532,0.05425624999996609,0.05874999999996328,0.06643749999995847
tag.txt,0.017224999999989235,0.013424999999991609,0.015387499999990383,0.0396749999999752,0.026762499999983272,0.03416874999997865,0.056024999999964985,0.03939374999997538,0.051481249999967824,0.18651874999988344,0.20260624999987337,0.19816249999987615,0.2467249999998458,0.29593749999981506,0.2705374999998309,0.19532499999987793,0.20137499999987413,0.19207499999987995,0.09426249999994109,0.09109999999994306,0.09146874999994282,0.04982499999996886,0.04211249999997368,0.048262499999969836,0.052187499999967385,0.04270624999997331,0.045843749999971345,0.0622312499999611,0.044581249999972136,0.052612499999967116
tag.txt,0.019956249999987526,0.01288124999999195,0.013849999999991343,0.04513124999997179,0.026387499999983507,0.034493749999978444,0.06057499999996214,0.03897499999997564,0.04855624999996965,0.17813749999988868,0.20763124999987023,0.19864374999987586,0.2553687499998404,0.3301187499997937,0.3147312499998033,0.185587499999884,0.19348124999987906,0.18792499999988255,0.08978124999994389,0.08039999999994975,0.07796249999995128,0.0513624999999679,0.03941249999997537,0.04530624999997168,0.049699999999968936,0.034224999999978606,0.03691249999997693,0.06439999999995975,0.0364874999999772,0.04161874999997399
tag.txt,0.01913749999998804,0.013156249999991777,0.014368749999991019,0.03914374999997554,0.024337499999984788,0.030062499999981212,0.06124999999996172,0.039031249999975606,0.049618749999968986,0.18502499999988437,0.20778124999987013,0.20712499999987055,0.25013124999984365,0.3239749999997975,0.3010687499998118,0.19485624999987822,0.19757499999987652,0.1908874999998807,0.0916749999999427,0.08370624999994768,0.08265624999994833,0.04860624999996962,0.03794999999997628,0.04246874999997346,0.04776874999997015,0.034662499999978336,0.03787499999997633,0.06240624999996099,0.03782499999997636,0.04386874999997258
tag.txt,0.020231249999987357,0.012774999999992015,0.013693749999991442,0.04511249999997181,0.025106249999984308,0.03433749999997854,0.05959999999996275,0.04117499999997427,0.05051874999996842,0.17820624999988863,0.20954374999986902,0.1964874999998772,0.25748124999983907,0.3271374999997955,0.30981249999980637,0.1838562499998851,0.1964874999998772,0.19398124999987876,0.08789999999994506,0.07860624999995088,0.07783124999995135,0.053106249999966805,0.04069374999997456,0.044668749999972085,0.04994999999996878,0.03298749999997938,0.03672499999997705,0.06455624999995965,0.03548749999997782,0.04194374999997379
tag.txt,0.020318749999987302,0.014074999999991204,0.020487499999987197,0.033956249999978774,0.027018749999983112,0.041931249999973795,0.0582374999999636,0.048412499999969744,0.06476874999995952,0.1991937499998755,0.20444374999987222,0.185599999999884,0.2646937499998346,0.3126749999998046,0.24806249999984495,0.18121874999988674,0.2054312499998716,0.20090624999987444,0.08904374999994434,0.07956874999995027,0.09267499999994208,0.04940624999996912,0.03524374999997797,0.04477499999997202,0.044481249999972196,0.030212499999981116,0.03934374999997541,0.059449999999962845,0.04291874999997317,0.06144999999996159
tag.txt,0.020231249999987357,0.014537499999990914,0.02081249999998699,0.03194374999998004,0.02918749999998176,0.04265624999997334,0.05309374999996681,0.04498749999997188,0.058756249999963275,0.19482499999987823,0.18776249999988265,0.17603749999988996,0.30773749999980765,0.35656874999977717,0.28750624999982033,0.18284999999988572,0.19974374999987515,0.19621249999987736,0.08053124999994966,0.06956249999995652,0.08142499999994911,0.044231249999972355,0.03331249999997918,0.041068749999974334,0.034074999999978706,0.02539374999998413,0.03603124999997748,0.05048124999996845,0.03894374999997566,0.05949374999996282
tag.txt,0.022537499999985913,0.017337499999989164,0.02254374999998591,0.03658124999997714,0.03126874999998046,0.0425624999999734,0.05876874999996327,0.04878749999996951,0.06292499999996067,0.19341874999987912,0.1950124999998781,0.1804749999998872,0.2604687499998372,0.30567499999980896,0.24881249999984448,0.1889249999998819,0.2119999999998675,0.2094562499998691,0.08919374999994426,0.0801562499999499,0.09253749999994217,0.048518749999969676,0.03546249999997784,0.04246874999997346,0.040987499999974385,0.02814374999998241,0.03597499999997752,0.06059999999996212,0.04615624999997115,0.062243749999961094
tag.txt,0.020643749999987096,0.01576249999999015,0.021337499999986662,0.032699999999979565,0.031493749999980315,0.04224999999997359,0.05278749999996701,0.044656249999972086,0.05461874999996586,0.18988124999988132,0.18341249999988538,0.17173124999989267,0.3214124999997991,0.36360624999977276,0.30803124999980747,0.18245624999988597,0.19249999999987968,0.1914937499998803,0.0702437499999561,0.06126874999996171,0.07243124999995473,0.044218749999972363,0.035437499999977855,0.04283749999997322,0.0339187499999788,0.028049999999982467,0.034918749999978176,0.051737499999967664,0.043812499999972616,0.06034999999996228
tag.txt,0.021693749999986443,0.02145624999998659,0.022356249999986026,0.04659374999997088,0.04081874999997449,0.04819999999996988,0.04613124999997117,0.04273749999997329,0.04937499999996914,0.168018749999895,0.17044374999989348,0.1685062499998947,0.20028124999987482,0.21892499999986317,0.19931249999987544,0.16374374999989766,0.16758749999989525,0.16288749999989818,0.0910499999999431,0.08969999999994394,0.08968749999994395,0.06581249999995886,0.06358749999996026,0.06567499999995895,0.11253124999992967,0.10825624999993234,0.10849999999993219,0.0841437499999474,0.07648749999995219,0.08549999999994656
tag.txt,0.02171249999998643,0.021112499999986805,0.021949999999986283,0.0380812499999762,0.03416874999997865,0.04128749999997419,0.050056249999968716,0.044762499999972026,0.05309999999996681,0.17963124999988772,0.1843187499998848,0.18116874999988677,0.24932499999984417,0.2686499999998321,0.24900624999984436,0.17239999999989225,0.17658124999988964,0.16805624999989496,0.08764999999994522,0.08459374999994713,0.08345624999994784,0.055993749999965,0.053362499999966645,0.05749374999996407,0.07974999999995015,0.07473124999995329,0.0775937499999515,0.06539999999995913,0.057718749999963924,0.06688749999995819
tag.txt,0.021524999999986548,0.021943749999986287,0.022568749999985895,0.045687499999971445,0.041256249999974216,0.04894374999996941,0.047043749999970595,0.04238749999997351,0.0504062499999685,0.1673562499998954,0.17051874999989342,0.1692749999998942,0.2030312499998731,0.21742499999986412,0.20003749999987497,0.1676749999998952,0.16361874999989773,0.15771249999990142,0.09275624999994203,0.09029999999994356,0.08988124999994382,0.06623124999995861,0.06489999999995943,0.06809374999995745,0.10659999999993337,0.10932499999993167,0.1076749999999327,0.08209374999994869,0.07832499999995104,0.08540624999994662
tag.txt,0.020924999999986923,0.021018749999986864,0.021381249999986637,0.03769374999997644,0.0342437499999786,0.04025624999997484,0.04919999999996925,0.04546249999997159,0.05203124999996748,0.17914374999988802,0.18024374999988735,0.17868124999988833,0.24983749999984384,0.26579374999983385,0.24919374999984426,0.17465624999989085,0.17348749999989158,0.16661249999989586,0.08693124999994567,0.08388749999994757,0.08238124999994852,0.05666249999996459,0.053737499999966416,0.05838124999996351,0.08201249999994874,0.08312499999994805,0.08242499999994848,0.06293749999996066,0.058999999999963124,0.06865624999995709
tag.txt,0.01914999999998803,0.01862499999998836,0.01897499999998814,0.04250624999997343,0.03597499999997752,0.04231874999997355,0.045099999999971815,0.04058124999997464,0.04714999999997053,0.17081249999989323,0.17354374999989153,0.17363749999989148,0.19772499999987642,0.22296249999986065,0.20396874999987252,0.16929999999989417,0.1697562499998939,0.16540624999989662,0.08939999999994412,0.087993749999945,0.0875312499999453,0.06477499999995952,0.061156249999961776,0.0641437499999599,0.12327499999992295,0.12109374999992431,0.12556249999992153,0.07795624999995128,0.06831249999995731,0.07130624999995544
tag.txt,0.020387499999987256,0.02004999999998747,0.019912499999987555,0.042968749999973146,0.03827499999997608,0.045449999999971596,0.043993749999972506,0.04051249999997468,0.04758124999997026,0.1675437499998953,0.16998124999989375,0.16839999999989474,0.1982124999998761,0.21926249999986297,0.20261874999987337,0.17036249999989353,0.16901249999989437,0.16454374999989715,0.08922499999994424,0.08740624999994537,0.08760624999994525,0.06643749999995847,0.06222499999996111,0.06613124999995867,0.12302499999992311,0.12328749999992294,0.12483749999992197,0.07784374999995135,0.06998749999995625,0.07291874999995443
tag.txt,0.01862499999998836,0.019762499999987648,0.019356249999987904,0.04161249999997399,0.03950624999997531,0.04514999999997178,0.04145624999997409,0.03918124999997551,0.04510624999997181,0.16868749999989457,0.17064374999989335,0.1718312499998926,0.20138749999987413,0.21506874999986558,0.19962499999987524,0.1754999999998903,0.16761249999989525,0.16486249999989697,0.0903937499999435,0.08694374999994565,0.0905624999999434,0.06550624999995906,0.06301874999996061,0.06602499999995873,0.12322499999992298,0.1262062499999211,0.1206562499999246,0.073606249999954,0.07205624999995497,0.07682499999995199
tag.txt,0.01820624999998862,0.019424999999987858,0.01940624999998787,0.043293749999972944,0.04144999999997409,0.04663749999997085,0.04093124999997442,0.039543749999975286,0.04519999999997175,0.16115624999989928,0.1625687499998984,0.16326874999989796,0.1975937499998765,0.20934999999986917,0.19499374999987812,0.17704374999988934,0.16604999999989623,0.1633374999998979,0.08624999999994609,0.08589999999994631,0.08549999999994656,0.06640624999995849,0.0633624999999604,0.07094374999995566,0.13402499999991624,0.1383937499999135,0.13003749999991873,0.07509374999995307,0.07395624999995377,0.08067499999994958
tag.txt,0.01914999999998803,0.01862499999998836,0.01897499999998814,0.04250624999997343,0.03597499999997752,0.04231874999997355,0.045099999999971815,0.04058124999997464,0.04714999999997053,0.17081249999989323,0.17354374999989153,0.17363749999989148,0.19772499999987642,0.22296249999986065,0.20396874999987252,0.16929999999989417,0.1697562499998939,0.16540624999989662,0.08939999999994412,0.087993749999945,0.0875312499999453,0.06477499999995952,0.061156249999961776,0.0641437499999599,0.12327499999992295,0.12109374999992431,0.12556249999992153,0.07795624999995128,0.06831249999995731,0.07130624999995544
tag.txt,0.020387499999987256,0.02004999999998747,0.019912499999987555,0.042968749999973146,0.03827499999997608,0.045449999999971596,0.043993749999972506,0.04051249999997468,0.04758124999997026,0.1675437499998953,0.16998124999989375,0.16839999999989474,0.1982124999998761,0.21926249999986297,0.20261874999987337,0.17036249999989353,0.16901249999989437,0.16454374999989715,0.08922499999994424,0.08740624999994537,0.08760624999994525,0.06643749999995847,0.06222499999996111,0.06613124999995867,0.12302499999992311,0.12328749999992294,0.12483749999992197,0.07784374999995135,0.06998749999995625,0.07291874999995443
tag.txt,0.01862499999998836,0.019762499999987648,0.019356249999987904,0.04161249999997399,0.03950624999997531,0.04514999999997178,0.04145624999997409,0.03918124999997551,0.04510624999997181,0.16868749999989457,0.17064374999989335,0.1718312499998926,0.20138749999987413,0.21506874999986558,0.19962499999987524,0.1754999999998903,0.16761249999989525,0.16486249999989697,0.0903937499999435,0.08694374999994565,0.0905624999999434,0.06550624999995906,0.06301874999996061,0.06602499999995873,0.12322499999992298,0.1262062499999211,0.1206562499999246,0.073606249999954,0.07205624999995497,0.07682499999995199
tag.txt,0.01820624999998862,0.019424999999987858,0.01940624999998787,0.043293749999972944,0.04144999999997409,0.04663749999997085,0.04093124999997442,0.039543749999975286,0.04519999999997175,0.16115624999989928,0.1625687499998984,0.16326874999989796,0.1975937499998765,0.20934999999986917,0.19499374999987812,0.17704374999988934,0.16604999999989623,0.1633374999998979,0.08624999999994609,0.08589999999994631,0.08549999999994656,0.06640624999995849,0.0633624999999604,0.07094374999995566,0.13402499999991624,0.1383937499999135,0.13003749999991873,0.07509374999995307,0.07395624999995377,0.08067499999994958
tag.txt,0.013874999999991328,0.010974999999993141,0.010999999999993125,0.03046249999998096,0.023524999999985297,0.02699374999998313,0.0411187499999743,0.03273749999997954,0.03871249999997581,0.17819999999988861,0.17594374999989004,0.18702499999988312,0.3188749999998007,0.37137499999976786,0.3516687499997802,0.20424999999987234,0.2114812499998678,0.21507499999986557,0.07894374999995066,0.07074999999995578,0.07082499999995573,0.03984999999997509,0.03127499999998045,0.031218749999980488,0.04564999999997147,0.03591249999997755,0.031674999999980205,0.048774999999969516,0.036024999999977485,0.03580624999997762
tag.txt,0.013049999999991844,0.010349999999993531,0.01128124999999295,0.02905624999998184,0.024518749999984674,0.029237499999981726,0.03954999999997528,0.03193749999998004,0.03690624999997694,0.17371249999989144,0.16888749999989444,0.17241874999989223,0.3445812499997846,0.39686874999975197,0.3821499999997612,0.20554999999987153,0.20758124999987027,0.21098749999986813,0.0734374999999541,0.06566249999995896,0.06434999999995979,0.03716874999997677,0.029931249999981292,0.03059374999998088,0.0398437499999751,0.03123124999998048,0.028937499999981915,0.044049999999972465,0.033031249999979355,0.03313749999997929
tag.txt,0.01422499999999111,0.011474999999992828,0.011762499999992649,0.029081249999981823,0.02326249999998546,0.02731249999998293,0.041924999999973796,0.03416249999997865,0.03844374999997597,0.1790499999998881,0.17494999999989067,0.18450624999988469,0.3297812499997939,0.3799562499997625,0.3603062499997748,0.20851874999986966,0.21336249999986664,0.21691249999986442,0.07522499999995298,0.0673499999999579,0.06841874999995724,0.036537499999977165,0.029737499999981414,0.029299999999981688,0.04018749999997488,0.031412499999980366,0.02874999999998203,0.04546874999997158,0.034331249999978546,0.03428749999997857
tag.txt,0.012993749999991878,0.010468749999993457,0.010793749999993253,0.029112499999981806,0.023931249999985044,0.027768749999982644,0.038068749999976205,0.03068749999998082,0.03555624999997778,0.1756562499998902,0.17081249999989323,0.17478749999989077,0.3483187499997823,0.3989437499997507,0.38749374999975783,0.19756249999987652,0.2007999999998745,0.2024062499998735,0.071993749999955,0.06461249999995962,0.06353749999996029,0.03768749999997645,0.030649999999980842,0.03094374999998066,0.04301874999997311,0.03483124999997823,0.032324999999979794,0.045587499999971505,0.03426249999997859,0.034387499999978505
tag.txt,0.018262499999988586,0.016549999999989656,0.017068749999989332,0.031331249999980416,0.02778749999998263,0.03033749999998104,0.045768749999971395,0.039368749999975396,0.045006249999971874,0.18438749999988477,0.18018124999988738,0.1862062499998836,0.30492499999980943,0.3427187499997858,0.32586249999979633,0.1982374999998761,0.20791249999987005,0.212781249999867,0.07852499999995093,0.07349374999995406,0.07394374999995379,0.041062499999974335,0.034224999999978606,0.03367499999997895,0.04615624999997115,0.03778124999997639,0.03402499999997873,0.05134374999996791,0.03998124999997501,0.04109374999997432
tag.txt,0.018743749999988284,0.017587499999989008,0.01726249999998921,0.03174374999998016,0.028268749999982332,0.031912499999980054,0.04453124999997217,0.03829374999997607,0.04371249999997268,0.1812562499998867,0.17561249999989023,0.18084374999988698,0.3198687499998001,0.35624374999977737,0.3387374999997883,0.19897499999987564,0.206381249999871,0.21131874999986794,0.07473124999995329,0.070393749999956,0.07101249999995561,0.03924999999997547,0.03274374999997953,0.03304374999997935,0.04270624999997331,0.03505624999997809,0.03143749999998035,0.04819374999996988,0.03941874999997536,0.04071874999997455
tag.txt,0.0187187499999883,0.016856249999989466,0.017449999999989092,0.03153749999998029,0.02742499999998286,0.030149999999981157,0.04639374999997101,0.04025624999997484,0.04487499999997195,0.18379374999988513,0.18145624999988658,0.18659374999988337,0.3099062499998063,0.3444687499997847,0.3286437499997946,0.19846249999987595,0.20789999999987005,0.2121749999998674,0.07618124999995239,0.0723187499999548,0.0727999999999545,0.040199999999974874,0.03339999999997913,0.03304374999997935,0.04378749999997263,0.03633124999997729,0.033118749999979304,0.05101874999996811,0.03958749999997526,0.041149999999974284
tag.txt,0.018074999999988704,0.016524999999989673,0.01636874999998977,0.03059374999998088,0.027081249999983074,0.029699999999981436,0.044749999999972034,0.03878124999997576,0.04347499999997283,0.1820937499998862,0.17820624999988863,0.18427499999988484,0.3229499999997982,0.3576187499997765,0.34240624999978597,0.19780624999987637,0.20458124999987212,0.20903124999986936,0.07398124999995376,0.0692812499999567,0.06853749999995716,0.03896874999997564,0.03264999999997959,0.03332499999997917,0.043624999999972734,0.03689374999997694,0.03376874999997889,0.04715624999997053,0.03838124999997601,0.039112499999975556
tag.txt,0.017862499999988835,0.014487499999990945,0.015137499999990539,0.03256874999997964,0.026999999999983124,0.02923124999998173,0.04318124999997301,0.03262499999997961,0.04238124999997351,0.16844374999989473,0.15494999999990317,0.17092499999989316,0.33064374999979335,0.40821874999974483,0.36807499999976995,0.19043124999988098,0.19027499999988107,0.2027187499998733,0.0742249999999536,0.06405624999995996,0.06788749999995757,0.040137499999974915,0.03219374999997988,0.03086249999998071,0.048243749999969845,0.03646874999997721,0.032106249999979936,0.05426249999996609,0.03972499999997517,0.04067499999997458
tag.txt,0.01619374999998988,0.014181249999991137,0.015674999999990204,0.030937499999980664,0.02662499999998336,0.030237499999981102,0.04674999999997078,0.03846874999997596,0.0488062499999695,0.18651249999988342,0.17738749999988912,0.18723749999988298,0.3144124999998035,0.37321249999976674,0.33143749999979283,0.20040624999987475,0.20246249999987345,0.21003749999986873,0.07893749999995066,0.06918124999995676,0.07393749999995379,0.03845624999997597,0.03211874999997993,0.032856249999979464,0.03811249999997618,0.028506249999982185,0.02851249999998218,0.0492812499999692,0.03785624999997634,0.04126249999997421
tag.txt,0.01793749999998879,0.015256249999990465,0.0164812499999897,0.03169999999998019,0.027318749999982926,0.029806249999981372,0.04316249999997302,0.03453124999997842,0.043037499999973104,0.16740624999989537,0.1569562499999019,0.17021874999989361,0.3527249999997795,0.4190687499997381,0.3767374999997645,0.1886124999998821,0.18343749999988535,0.19674999999987702,0.0684812499999572,0.060649999999962095,0.06333124999996041,0.038518749999975926,0.03067499999998083,0.03199999999998,0.041512499999974056,0.033599999999979,0.030293749999981065,0.049943749999968784,0.038506249999975935,0.04134374999997416
tag.txt,0.01614374999998991,0.014099999999991187,0.015018749999990613,0.030331249999981044,0.025399999999984126,0.03033749999998104,0.04700624999997062,0.03939999999997537,0.048587499999969634,0.1854249999998841,0.17821874999988863,0.18699374999988314,0.32093124999979944,0.3750687499997656,0.3347624999997908,0.20084374999987448,0.20436874999987226,0.2135874999998665,0.07836249999995103,0.07046249999995596,0.07364374999995398,0.03694374999997691,0.030243749999981098,0.030643749999980846,0.03736249999997665,0.02708749999998307,0.02729999999998294,0.04664999999997085,0.03564999999997772,0.03912499999997555
tag.txt,0.014156249999991152,0.011831249999992605,0.01489374999999069,0.03041874999998099,0.025812499999983866,0.032937499999979414,0.04437499999997226,0.03787499999997633,0.04700624999997062,0.20475624999987202,0.20904999999986934,0.20693124999987067,0.30998749999980624,0.3353562499997904,0.2993124999998129,0.1783749999998885,0.18253124999988593,0.1694374999998941,0.08109374999994931,0.07930624999995044,0.0785687499999509,0.044387499999972255,0.03908124999997557,0.046549999999970906,0.04349374999997282,0.037656249999976465,0.04743749999997035,0.0489562499999694,0.041499999999974065,0.05692499999996442
tag.txt,0.017624999999988983,0.016662499999989585,0.018212499999988616,0.036281249999977325,0.033893749999978816,0.03977499999997514,0.04766874999997021,0.04561874999997149,0.05120624999996799,0.1921812499998799,0.19159374999988024,0.18613124999988367,0.33145624999979284,0.3459687499997838,0.33173124999979264,0.17489374999989069,0.17436874999989102,0.1699187499998938,0.06680624999995824,0.06445624999995972,0.06489374999995944,0.045706249999971436,0.04468749999997207,0.04852499999996967,0.03623749999997735,0.033618749999978985,0.03563124999997773,0.051143749999968034,0.04913124999996929,0.053974999999966265
tag.txt,0.013656249999991465,0.012412499999992242,0.01382499999999136,0.029687499999981444,0.025962499999983773,0.028806249999981996,0.042537499999973416,0.035418749999977864,0.0436812499999727,0.2035187499998728,0.2051249999998718,0.21210624999986744,0.31841874999980097,0.33683749999978946,0.3197062499998002,0.17863124999988836,0.18424999999988484,0.1700749999998937,0.07880624999995074,0.07686874999995195,0.07609999999995244,0.0449624999999719,0.040374999999974764,0.04478124999997201,0.04178749999997388,0.03869999999997581,0.042418749999973485,0.047993749999970005,0.044049999999972465,0.048499999999969685
tag.txt,0.018949999999988157,0.017293749999989193,0.020187499999987382,0.0396812499999752,0.035687499999977695,0.043806249999972624,0.04622499999997111,0.04410624999997243,0.048262499999969836,0.18071249999988706,0.18376874999988516,0.17576874999989014,0.3096437499998065,0.329518749999794,0.31029999999980606,0.18104999999988683,0.18028749999988733,0.17373124999989142,0.07434999999995354,0.07027499999995608,0.06856249999995714,0.050374999999968514,0.04954999999996903,0.0550374999999656,0.042612499999973366,0.03752499999997655,0.04418749999997238,0.05639999999996475,0.051987499999967504,0.0601562499999624
tag.txt,0.017818749999988864,0.015306249999990433,0.01694374999998941,0.029174999999981764,0.026174999999983642,0.03219374999997988,0.04588749999997132,0.03819374999997613,0.04341874999997286,0.18246874999988597,0.17446874999989095,0.18051249999988717,0.3324374999997922,0.37802499999976374,0.3443124999997848,0.1956874999998777,0.2065499999998709,0.21370624999986643,0.07429374999995357,0.06693124999995817,0.06981874999995637,0.038918749999975674,0.03127499999998045,0.03268749999997957,0.03785624999997634,0.028662499999982084,0.0275187499999828,0.04545624999997159,0.034412499999978495,0.0388874999999757
tag.txt,0.015881249999990073,0.01305624999999184,0.01454374999999091,0.029799999999981376,0.027974999999982514,0.03556874999997777,0.04138749999997413,0.03426249999997859,0.03860624999997587,0.17124374999989297,0.16391249999989754,0.1665312499998959,0.3694562499997691,0.41980624999973765,0.3922062499997549,0.18536249999988413,0.18731874999988293,0.19288124999987946,0.06680624999995824,0.058074999999963704,0.06146249999996158,0.03819999999997613,0.03259374999997963,0.03304374999997935,0.03691874999997693,0.02886249999998196,0.02814374999998241,0.04494374999997191,0.034137499999978664,0.03701249999997687
tag.txt,0.01879999999998825,0.01596874999999002,0.017718749999988927,0.029462499999981587,0.026418749999983487,0.032949999999979405,0.04503124999997186,0.03784999999997635,0.04504999999997184,0.1796874999998877,0.17366249999989147,0.17829374999988856,0.33988749999978757,0.3835562499997603,0.34648124999978347,0.1934312499998791,0.20323749999987298,0.20903124999986936,0.07241249999995474,0.06398749999996,0.06853124999995716,0.03941249999997537,0.032324999999979794,0.033549999999979034,0.03643124999997723,0.02803124999998248,0.028356249999982278,0.0454437499999716,0.03496249999997815,0.040037499999974975
tag.txt,0.014712499999990804,0.012581249999992137,0.013324999999991672,0.02859374999998213,0.026218749999983613,0.032443749999979725,0.04144999999997409,0.03495624999997815,0.04039999999997475,0.1793812499998879,0.17158124999989277,0.17303124999989186,0.3674999999997703,0.41573749999974013,0.39081874999975574,0.18664999999988335,0.1868937499998832,0.19498749999987813,0.06557499999995901,0.05981874999996261,0.06137499999996164,0.03751874999997655,0.03105624999998059,0.03244999999997972,0.03606874999997746,0.02858124999998214,0.02665624999998334,0.04254999999997341,0.03257499999997964,0.03451249999997843
tag.txt,0.022487499999985946,0.020824999999986986,0.020749999999987032,0.0377624999999764,0.03417499999997864,0.038149999999976154,0.051399999999967874,0.04485624999997197,0.050118749999968674,0.17462499999989087,0.171199999999893,0.1740812499998912,0.2849312499998219,0.3214437499997991,0.305618749999809,0.1820749999998862,0.19366249999987897,0.19961249999987524,0.08070624999994956,0.07587499999995258,0.07889999999995069,0.0483187499999698,0.04138749999997413,0.041162499999974275,0.05699999999996438,0.04669999999997081,0.041599999999974,0.06069374999996206,0.049874999999968826,0.05000624999996875
tag.txt,0.026199999999983625,0.024568749999984645,0.025524999999984047,0.04019374999997488,0.03844374999997597,0.04213124999997367,0.04707499999997058,0.043131249999973045,0.04861249999996962,0.16053749999989966,0.15227499999990482,0.15767499999990145,0.3175937499998015,0.34984374999978135,0.3224124999997985,0.17691249999988942,0.1864249999998835,0.18636249999988352,0.07331874999995418,0.06941874999995662,0.07158749999995526,0.04701249999997062,0.041331249999974166,0.044393749999972254,0.051831249999967605,0.04343124999997285,0.04360624999997274,0.05932499999996292,0.05113124999996804,0.05769374999996394
tag.txt,0.02329374999998544,0.0220812499999862,0.022462499999985962,0.03835624999997603,0.034899999999978185,0.03891249999997568,0.05188749999996757,0.046018749999971235,0.05069374999996831,0.17559999999989026,0.1731312499998918,0.17419374999989112,0.294418749999816,0.32599999999979623,0.308799999999807,0.18014374999988741,0.18679999999988325,0.19142499999988036,0.07835624999995103,0.07512499999995305,0.0775937499999515,0.04641874999997099,0.0411124999999743,0.043012499999973114,0.05281249999996699,0.04478749999997201,0.04123124999997423,0.0587124999999633,0.050043749999968724,0.051674999999967705
tag.txt,0.025718749999983925,0.024137499999984914,0.02486249999998446,0.037899999999976314,0.03652499999997717,0.04007499999997495,0.04869999999996956,0.0423999999999735,0.04749374999997032,0.1623812499998985,0.15684374999990197,0.16234374999989853,0.3226999999997983,0.35379374999977886,0.32951249999979404,0.1726187499998921,0.18034374999988728,0.18116249999988676,0.07196249999995502,0.07143124999995536,0.07148124999995532,0.04724999999997047,0.0419187499999738,0.044237499999972354,0.05169999999996769,0.04331874999997293,0.043818749999972616,0.05906874999996308,0.049287499999969196,0.05501249999996562
tag.txt,0.015062499999990585,0.011893749999992567,0.01598124999999001,0.030193749999981128,0.02731249999998293,0.030187499999981132,0.043224999999972986,0.03913749999997554,0.04521249999997174,0.20570624999987144,0.20966249999986897,0.2141187499998662,0.32215624999979864,0.3302499999997936,0.3187187499998008,0.17418749999989114,0.1800249999998875,0.16306249999989808,0.07842499999995098,0.07941249999995037,0.07563749999995273,0.043212499999972995,0.04001874999997499,0.0449562499999719,0.04104374999997435,0.03684374999997697,0.04305624999997309,0.046787499999970755,0.0454437499999716,0.04906874999996933
tag.txt,0.015293749999990442,0.018374999999988515,0.01494374999999066,0.03708124999997683,0.03684374999997697,0.03933749999997541,0.045356249999971655,0.04173124999997392,0.04803749999996998,0.1865312499998834,0.17398124999989126,0.18646874999988344,0.3372499999997892,0.34004999999978747,0.3453937499997841,0.1814749999998866,0.18763749999988272,0.17224374999989234,0.06436249999995977,0.0646374999999596,0.06116874999996177,0.04695624999997065,0.04606874999997121,0.049256249999969214,0.0337562499999789,0.03452499999997842,0.032024999999979986,0.05193749999996754,0.05614999999996491,0.05112499999996804
tag.txt,0.014587499999990882,0.011312499999992929,0.014937499999990665,0.028562499999982147,0.02679999999998325,0.02761249999998274,0.042418749999973485,0.037462499999976584,0.04434374999997229,0.20609374999987118,0.20742499999987035,0.21398124999986626,0.3284562499997947,0.33601874999979,0.3303562499997935,0.17541874999989035,0.18427499999988484,0.16459374999989712,0.0776124999999515,0.07748749999995157,0.07316874999995426,0.04244999999997347,0.03864374999997585,0.04324374999997297,0.039031249999975606,0.03496874999997814,0.040887499999974444,0.04536874999997165,0.045606249999971496,0.046874999999970704
tag.txt,0.017974999999988764,0.018137499999988663,0.018681249999988325,0.040393749999974755,0.03998749999997501,0.044224999999972356,0.044818749999971985,0.041406249999974123,0.04778749999997013,0.17564999999989023,0.16971249999989393,0.17529374999989045,0.32230624999979857,0.3296812499997939,0.32264374999979833,0.18379374999988513,0.188818749999882,0.17384374999989136,0.07129374999995544,0.07091874999995568,0.06698749999995814,0.04864999999996959,0.04743124999997036,0.053706249999966434,0.038856249999975716,0.03656874999997715,0.04001249999997499,0.056262499999964834,0.05733749999996417,0.05681874999996449
tag.txt,0.01901249999998812,0.017037499999989353,0.01747499999998908,0.03484999999997822,0.029981249999981262,0.032781249999979514,0.046806249999970746,0.039368749999975396,0.04699999999997063,0.1870312499998831,0.1785437499998884,0.18529374999988418,0.2915187499998178,0.3466124999997834,0.31941874999980036,0.18644999999988346,0.19105624999988058,0.19948124999987532,0.07832499999995104,0.06953749999995654,0.07467499999995333,0.044156249999972405,0.037462499999976584,0.03726249999997671,0.053624999999966484,0.043874999999972575,0.0388749999999757,0.05822499999996361,0.04652499999997092,0.047737499999970165
tag.txt,0.02315624999998553,0.021781249999986388,0.022193749999986127,0.035424999999977856,0.03339374999997913,0.03590624999997756,0.047831249999970106,0.04262499999997336,0.049543749999969036,0.1782437499998886,0.17156249999989276,0.17706249999988932,0.3041812499998099,0.340831249999787,0.31284374999980447,0.2006499999998746,0.2054624999998716,0.20801874999987,0.07545624999995285,0.0689499999999569,0.07252499999995467,0.03998749999997501,0.034387499999978505,0.037318749999976676,0.04026249999997483,0.03444999999997847,0.03447499999997845,0.054806249999965743,0.0465562499999709,0.05011249999996868
tag.txt,0.019412499999987867,0.017881249999988823,0.018156249999988654,0.0329624999999794,0.029081249999981823,0.03126249999998046,0.04736874999997039,0.04006874999997496,0.04666874999997083,0.18916874999988176,0.18071249999988706,0.18778124999988263,0.30453749999980967,0.356749999999777,0.3290937499997943,0.18484999999988447,0.18488749999988444,0.19386874999987883,0.07450624999995344,0.06595624999995878,0.07036874999995602,0.043012499999973114,0.037049999999976845,0.03723124999997673,0.04921249999996924,0.04156249999997402,0.038262499999976086,0.05496874999996564,0.04604999999997122,0.047306249999970434
tag.txt,0.022406249999985996,0.021193749999986754,0.021731249999986418,0.0326437499999796,0.031049999999980593,0.033212499999979245,0.04868749999996957,0.042931249999973164,0.04902499999996936,0.19027499999988107,0.1830437499998856,0.18838124999988226,0.3038874999998101,0.33866874999978835,0.3123999999998047,0.190412499999881,0.19629999999987732,0.20120624999987424,0.07205624999995497,0.06745624999995783,0.06819999999995738,0.04203749999997373,0.0366374999999771,0.03861249999997587,0.04390624999997256,0.03745624999997659,0.03741874999997662,0.05368749999996644,0.04526249999997171,0.04981249999996887
tag.txt,0.019524999999987795,0.01794999999998878,0.01863749999998835,0.03566249999997771,0.03298749999997938,0.034037499999978724,0.05117499999996802,0.04340624999997287,0.052281249999967326,0.1841562499998849,0.17638124999988977,0.187212499999883,0.30232499999981105,0.35051874999978094,0.3178062499998014,0.1732624999998917,0.1713312499998929,0.1784187499998885,0.075193749999953,0.06913124999995679,0.07394374999995379,0.04690624999997069,0.04333124999997292,0.04257499999997339,0.053012499999966864,0.046006249999971244,0.04326249999997296,0.05878124999996326,0.0489562499999694,0.05182499999996761
tag.txt,0.019124999999988047,0.01766249999998896,0.017931249999988793,0.032537499999979666,0.029162499999981772,0.03159999999998025,0.0499249999999688,0.044493749999972194,0.053468749999966585,0.19769999999987645,0.19125624999988047,0.20024374999987485,0.30197499999981126,0.3395187499997878,0.30786874999980757,0.17560624999989025,0.17538124999989038,0.1790562499998881,0.0756874999999527,0.0726374999999546,0.07649999999995219,0.0449624999999719,0.04129374999997419,0.04282499999997323,0.04913749999996929,0.042931249999973164,0.041837499999973854,0.05334374999996666,0.04566249999997146,0.048668749999969584
tag.txt,0.019349999999987905,0.01773124999998892,0.017781249999988886,0.034306249999978555,0.031218749999980488,0.032243749999979844,0.05049374999996844,0.04462499999997211,0.052856249999966964,0.19214999999987992,0.1865874999998834,0.193606249999879,0.3113937499998054,0.35199374999978,0.32582499999979636,0.16923749999989424,0.16744999999989535,0.17420624999989112,0.07304374999995435,0.06673124999995829,0.07048749999995595,0.04690624999997069,0.043524999999972794,0.04323124999997298,0.04837499999996977,0.042874999999973205,0.04076874999997452,0.054743749999965785,0.04726249999997046,0.04899374999996938
tag.txt,0.01867499999998833,0.01709999999998931,0.017368749999989143,0.032674999999979575,0.028387499999982257,0.030199999999981124,0.04929374999996919,0.0435187499999728,0.05099374999996813,0.19371249999987894,0.1897624999998814,0.19962499999987524,0.2968499999998145,0.33384374999979133,0.30841874999980723,0.18266874999988583,0.18450624999988469,0.188818749999882,0.07861874999995086,0.07574999999995266,0.07828749999995108,0.04394999999997253,0.040887499999974444,0.03984999999997509,0.04949374999996907,0.04180624999997387,0.03989374999997507,0.054062499999966214,0.04443749999997223,0.04654374999997091
tag.txt,0.01857499999998839,0.01718124999998926,0.01742499999998911,0.03259374999997963,0.02966249999998146,0.03249374999997969,0.04915624999996928,0.04374999999997266,0.05120624999996799,0.19218749999987988,0.19159374999988024,0.1969749999998769,0.30326874999981046,0.33238124999979224,0.3102874999998061,0.17626874999988984,0.17899374999988812,0.18256249999988589,0.07756249999995152,0.07436249999995352,0.07813124999995116,0.045606249999971496,0.04163749999997397,0.04123124999997423,0.050999999999968126,0.04523124999997173,0.04171249999997393,0.053781249999966384,0.04520624999997175,0.047974999999970014
tag.txt,0.019368749999987896,0.018224999999988608,0.018387499999988507,0.034056249999978715,0.030899999999980686,0.03534374999997791,0.0478374999999701,0.043112499999973054,0.049099999999969314,0.18749999999988282,0.18430624999988482,0.18697499999988315,0.31718124999980174,0.3492624999997817,0.32763749999979525,0.17303124999989186,0.17333124999989166,0.1772874999998892,0.07441249999995349,0.071987499999955,0.07292499999995442,0.04534374999997166,0.040812499999974494,0.04246249999997346,0.048931249999969416,0.04284374999997322,0.041481249999974074,0.05233749999996729,0.04521874999997174,0.04839999999996975
tag.txt,0.01945624999998784,0.01766249999998896,0.017468749999989083,0.03317499999997926,0.02918749999998176,0.032693749999979566,0.049274999999969205,0.04325624999997296,0.0510312499999681,0.18906874999988182,0.18988124999988132,0.1964812499998772,0.302418749999811,0.3332437499997917,0.3092562499998067,0.1795187499998878,0.18146874999988657,0.18441874999988475,0.07811874999995118,0.07594374999995253,0.07797499999995126,0.04454374999997216,0.04050624999997468,0.042068749999973704,0.050137499999968665,0.043224999999972986,0.04051874999997467,0.05428749999996607,0.04562499999997149,0.048087499999969946
tag.txt,0.01996874999998752,0.01844999999998847,0.018549999999988406,0.034656249999978336,0.02996874999998127,0.03409999999997869,0.046868749999970705,0.0427249999999733,0.04786874999997008,0.1868874999998832,0.1854374999998841,0.18792499999988255,0.313537499999804,0.34534999999978416,0.3283249999997948,0.17242499999989222,0.17506874999989058,0.17622499999988986,0.07356249999995403,0.06971249999995643,0.07062499999995586,0.04558124999997151,0.04120624999997424,0.042243749999973594,0.05128124999996795,0.04583124999997135,0.044237499999972354,0.05523124999996548,0.04624999999997109,0.04989999999996881
tag.txt,0.010074999999993704,0.009349999999994156,0.012243749999992348,0.02615624999998365,0.023893749999985066,0.03217499999997989,0.0350374999999781,0.03233749999997979,0.043537499999972785,0.18443124999988472,0.1847749999998845,0.18338749999988538,0.3017749999998114,0.3145937499998034,0.27371249999982894,0.2129624999998669,0.21703124999986437,0.20038749999987476,0.08508124999994682,0.08588749999994633,0.09129999999994294,0.04630624999997106,0.04331874999997293,0.050293749999968565,0.0545562499999659,0.04982499999996886,0.05860624999996337,0.043618749999972735,0.03898749999997563,0.05435624999996603
tag.txt,0.00836874999999477,0.009749999999993906,0.016174999999989892,0.031249999999980467,0.029412499999981617,0.0420812499999737,0.030056249999981216,0.027281249999982948,0.033724999999978925,0.14939374999990662,0.14824999999990734,0.13353749999991654,0.3283312499997948,0.332843749999792,0.28301249999982314,0.22755624999985777,0.23288124999985446,0.21925624999986296,0.07838124999995101,0.07948749999995032,0.0876874999999452,0.04418749999997238,0.04222499999997361,0.05390624999996631,0.05524374999996547,0.0532749999999667,0.06281874999996073,0.04723124999997048,0.04459374999997213,0.06779999999995763
tag.txt,0.01031874999999355,0.011393749999992878,0.019531249999987794,0.027118749999983052,0.02615624999998365,0.04185624999997384,0.035868749999977585,0.0339187499999788,0.042418749999973485,0.184018749999885,0.17963749999988773,0.1617312499998989,0.29832499999981354,0.30491874999980945,0.24154374999984904,0.2172562499998642,0.22279999999986075,0.2012999999998742,0.08871249999994456,0.08774999999994515,0.09544999999994035,0.04486874999997196,0.04237499999997352,0.05607499999996495,0.048999999999969374,0.04844374999996972,0.0668624999999582,0.04451249999997218,0.042606249999973374,0.07323124999995423
tag.txt,0.00916874999999427,0.01159999999999275,0.016487499999989694,0.027118749999983052,0.024406249999984746,0.04007499999997495,0.026437499999983478,0.024618749999984615,0.02921874999998174,0.13282499999991698,0.13048124999991845,0.12270624999992331,0.33656874999978964,0.3496124999997815,0.3001562499998124,0.25329374999984167,0.2524999999998422,0.2206187499998621,0.0699187499999563,0.0707312499999558,0.07388749999995382,0.042281249999973576,0.04050624999997468,0.05249374999996719,0.06035624999996228,0.058487499999963444,0.07884999999995072,0.04203124999997373,0.03705624999997684,0.06550624999995906
tag.txt,0.00931249999999418,0.008899999999994437,0.013562499999991524,0.025081249999984324,0.02302499999998561,0.03309374999997931,0.02900624999998187,0.02603124999998373,0.03229374999997982,0.15924999999990047,0.1531312499999043,0.1513999999999054,0.3246812499997971,0.3497687499997814,0.29850624999981346,0.24843124999984473,0.24725624999984547,0.23707499999985182,0.07799374999995125,0.07373749999995391,0.08440624999994724,0.035437499999977855,0.03475624999997828,0.04161874999997399,0.04741874999997036,0.043468749999972835,0.05113124999996804,0.043387499999972885,0.03992499999997505,0.05691249999996443
tag.txt,0.006606249999995871,0.00782499999999511,0.016812499999989492,0.02417499999998489,0.024037499999984977,0.044843749999971975,0.024568749999984645,0.0231999999999855,0.035274999999977956,0.1734312499998916,0.16679374999989574,0.15238749999990475,0.2918749999998176,0.2957437499998152,0.21547499999986533,0.23771249999985142,0.23751874999985154,0.19389374999987882,0.09031249999994355,0.09018749999994363,0.09543124999994035,0.04793124999997004,0.048937499999969415,0.06589374999995881,0.06087499999996195,0.06464999999995959,0.09403749999994122,0.04251249999997343,0.04110624999997431,0.08594999999994628
tag.txt,0.0071812499999955115,0.00931249999999418,0.016968749999989395,0.02046249999998721,0.025912499999983806,0.040393749999974755,0.02684374999998322,0.022999999999985626,0.030168749999981145,0.17111249999989306,0.1561312499999024,0.14875624999990703,0.3033124999998104,0.32041249999979976,0.24443124999984722,0.2483062499998448,0.23059374999985588,0.2107124999998683,0.08363749999994773,0.0766374999999521,0.08073124999994954,0.041493749999974065,0.04486249999997196,0.05698749999996438,0.05941249999996287,0.07159999999995525,0.09626249999993984,0.0382374999999761,0.04153749999997404,0.07458749999995339
tag.txt,0.007249999999995468,0.009899999999993813,0.01451249999999093,0.021912499999986304,0.020181249999987386,0.036474999999977206,0.025356249999984152,0.021612499999986493,0.03153124999998029,0.1555062499999028,0.15113124999990554,0.14690624999990817,0.24579999999984636,0.26758124999983274,0.20164999999987396,0.23208749999985495,0.2260812499998587,0.19316874999987926,0.08666874999994584,0.08524999999994672,0.08364999999994772,0.05214374999996741,0.050724999999968295,0.06236874999996102,0.1318062499999176,0.13324374999991673,0.1617874999998989,0.04146874999997408,0.034293749999978564,0.06794999999995753
tag.txt,0.017881249999988823,0.014887499999990695,0.016349999999989782,0.0419187499999738,0.033806249999978874,0.041081249999974326,0.04144999999997409,0.038518749999975926,0.045349999999971656,0.16268749999989832,0.16561874999989648,0.1685062499998947,0.23748749999985158,0.26800624999983247,0.2444749999998472,0.1964999999998772,0.2073312499998704,0.19771874999987643,0.09419999999994112,0.0918187499999426,0.09511874999994055,0.057206249999964244,0.050887499999968194,0.055168749999965516,0.07596874999995253,0.06684374999995822,0.06683124999995824,0.07469999999995332,0.062281249999961076,0.06939999999995662
tag.txt,0.016218749999989863,0.014499999999990937,0.016056249999989964,0.03914374999997554,0.033037499999979354,0.0412749999999742,0.041606249999974,0.03843124999997598,0.0455999999999715,0.16564374999989648,0.16913749999989428,0.1684812499998947,0.25932499999983794,0.2809249999998244,0.2580437499998387,0.1972562499998767,0.20474999999987203,0.1934374999998791,0.09009374999994368,0.08924374999994422,0.08977499999994389,0.0540812499999662,0.050199999999968624,0.0555249999999653,0.06988749999995632,0.06171874999996142,0.06530624999995918,0.06674374999995829,0.05805624999996371,0.06649999999995844
tag.txt,0.016931249999989417,0.015449999999990343,0.016849999999989467,0.039706249999975185,0.03289374999997944,0.0398437499999751,0.041593749999974006,0.03752499999997655,0.045081249999971824,0.16817499999989488,0.16949374999989406,0.17024374999989358,0.24576874999984638,0.2722624999998298,0.25127499999984293,0.19393749999987878,0.20119374999987424,0.19448124999987845,0.0926437499999421,0.09138749999994288,0.0942312499999411,0.056868749999964455,0.0526374999999671,0.05459999999996588,0.07466249999995334,0.06619374999995863,0.06644999999995847,0.06971249999995643,0.0609624999999619,0.06694374999995815
tag.txt,0.015799999999990124,0.014387499999991008,0.01572499999999017,0.03868749999997582,0.031574999999980265,0.04101874999997436,0.03870624999997581,0.03701249999997687,0.043618749999972735,0.1608062499998995,0.16602499999989623,0.1649499999998969,0.26067499999983706,0.2806812499998246,0.26166874999983647,0.20220624999987363,0.20801874999987,0.19815624999987616,0.09066874999994333,0.089599999999944,0.08922499999994424,0.05572499999996517,0.052006249999967495,0.05591249999996505,0.0705749999999559,0.06349999999996031,0.06476874999995952,0.06614999999995866,0.05719374999996425,0.0649562499999594
tag.txt,0.017349999999989155,0.014937499999990665,0.016643749999989597,0.04297499999997314,0.033387499999979135,0.04224999999997359,0.04101874999997436,0.03710624999997681,0.04401249999997249,0.16269999999989831,0.16861874999989462,0.16857499999989464,0.22943124999985662,0.2601812499998374,0.23819999999985111,0.19174374999988017,0.20314999999987304,0.18993124999988129,0.09562499999994023,0.09244999999994222,0.09456874999994089,0.06102499999996186,0.05463124999996585,0.058068749999963705,0.08203124999994874,0.07251874999995468,0.07405624999995371,0.07609999999995244,0.06301874999996061,0.07369374999995394
tag.txt,0.01609999999998994,0.013587499999991507,0.01516874999999052,0.03813749999997616,0.03250624999997968,0.04066874999997458,0.04035624999997478,0.03651249999997718,0.042699999999973315,0.15906249999990058,0.16556874999989651,0.16108749999989933,0.27620624999982735,0.29863749999981337,0.2829499999998232,0.19678749999987702,0.20528124999987168,0.19431874999987855,0.08566874999994646,0.08367499999994771,0.08423124999994736,0.0537624999999664,0.04982499999996886,0.05417499999996614,0.06809374999995745,0.059606249999962745,0.061668749999961456,0.06582499999995886,0.05479999999996575,0.06303124999996061
tag.txt,0.016056249999989964,0.014662499999990836,0.016306249999989808,0.039687499999975194,0.032781249999979514,0.04058124999997464,0.03966249999997521,0.03640624999997725,0.04369374999997269,0.16619999999989613,0.1676937499998952,0.1690874999998943,0.2412812499998492,0.2659249999998338,0.2441687499998474,0.19980624999987512,0.20819374999986986,0.19814999999987615,0.09306874999994183,0.09372499999994142,0.09394999999994127,0.056949999999964404,0.051749999999967655,0.05641249999996474,0.07580624999995263,0.06774999999995765,0.0691187499999568,0.07148124999995532,0.0611124999999618,0.06853124999995716
tag.txt,0.014681249999990825,0.012962499999991899,0.014149999999991156,0.03931874999997543,0.032087499999979945,0.04118749999997426,0.03786874999997633,0.035687499999977695,0.040487499999974697,0.15771249999990142,0.16070624999989955,0.15868124999990083,0.27428749999982854,0.2979624999998138,0.2851937499998218,0.2020999999998737,0.21237499999986725,0.20211874999987367,0.0868687499999457,0.08568124999994645,0.08498124999994688,0.05571249999996518,0.04980624999996887,0.052693749999967066,0.067187499999958,0.058593749999963377,0.060137499999962415,0.06426249999995984,0.054137499999966164,0.06036874999996227
tag.txt,0.017431249999989105,0.015918749999990052,0.017274999999989202,0.03838124999997601,0.03306874999997933,0.03998124999997501,0.044587499999972136,0.039799999999975126,0.04733124999997042,0.17273749999989205,0.17543124999989035,0.1761874999998899,0.2449499999998469,0.2709124999998307,0.24731249999984542,0.19199374999988,0.19950624999987532,0.19094374999988065,0.0919999999999425,0.09061874999994336,0.09288124999994195,0.055687499999965195,0.05092499999996817,0.054668749999965835,0.07289999999995443,0.06409374999995994,0.06688749999995819,0.06933124999995667,0.05972499999996267,0.06653124999995842
tag.txt,0.017756249999988902,0.016687499999989572,0.017468749999989083,0.03876874999997577,0.03334374999997916,0.04085624999997446,0.043624999999972734,0.04010624999997493,0.04726249999997046,0.16618749999989613,0.16921249999989424,0.1681499999998949,0.2611312499998368,0.28374374999982266,0.26332499999983544,0.19515624999987802,0.20019374999987488,0.19248749999987969,0.08804999999994496,0.0875124999999453,0.08912499999994429,0.05426874999996608,0.05006874999996871,0.05467499999996583,0.06811874999995743,0.060712499999962054,0.0615999999999615,0.06693749999995817,0.058418749999963486,0.06504999999995935
tag.txt,0.017924999999988797,0.017012499999989366,0.01846249999998846,0.039606249999975245,0.033968749999978766,0.041256249999974216,0.0446374999999721,0.04039999999997475,0.04744374999997035,0.1684499999998947,0.17298749999989188,0.17189999999989256,0.23881874999985073,0.260881249999837,0.2375812499998515,0.19194374999988004,0.1966312499998771,0.1918312499998801,0.09514999999994053,0.09325624999994171,0.09528124999994045,0.0572812499999642,0.05384999999996634,0.05694374999996441,0.0745624999999534,0.06728749999995795,0.0684812499999572,0.07162499999995524,0.06372499999996017,0.07081874999995574
tag.txt,0.016899999999989437,0.015318749999990425,0.016506249999989682,0.03788124999997632,0.03217499999997989,0.039431249999975354,0.04282499999997323,0.03963749999997523,0.04683749999997073,0.16314999999989804,0.16745624999989533,0.16438124999989726,0.25879374999983823,0.2789187499998257,0.2633937499998354,0.1993374999998754,0.20972499999986893,0.20189999999987382,0.09304999999994185,0.09076249999994328,0.09048749999994345,0.05435624999996603,0.05051874999996842,0.05317499999996676,0.06653749999995841,0.05769374999996394,0.060556249999962154,0.06716874999995802,0.05779374999996388,0.06333124999996041
tag.txt,0.023099999999985563,0.022362499999986022,0.02166249999998646,0.034581249999978386,0.032949999999979405,0.033974999999978765,0.04897499999996939,0.045781249999971386,0.04996874999996877,0.16834999999989478,0.16629374999989607,0.17159999999989275,0.2966374999998146,0.32602499999979623,0.312049999999805,0.22751249999985781,0.22682499999985822,0.22646249999985846,0.08676249999994577,0.08009374999994993,0.08118124999994926,0.03643124999997723,0.03274999999997953,0.033306249999979186,0.02700624999998312,0.02230624999998606,0.023637499999985226,0.050643749999968346,0.04461249999997212,0.04615624999997115
tag.txt,0.019499999999987812,0.018506249999988435,0.018199999999988625,0.031656249999980214,0.02862499999998211,0.030999999999980626,0.047206249999970494,0.04301874999997311,0.047218749999970486,0.17561249999989023,0.1737374999998914,0.17626874999988984,0.29685624999981447,0.32821249999979485,0.3164312499998022,0.2230249999998606,0.22996249999985627,0.2267499999998583,0.08667499999994582,0.07969374999995019,0.08167499999994896,0.03811874999997618,0.03206249999997996,0.032968749999979396,0.03166249999998021,0.02409374999998494,0.025368749999984144,0.049687499999968944,0.042087499999973695,0.04411874999997242
tag.txt,0.022762499999985773,0.021818749999986363,0.021818749999986363,0.03350624999997906,0.032168749999979894,0.032524999999979674,0.04871249999996955,0.04554374999997154,0.04945624999996909,0.17207499999989245,0.17219999999989238,0.17432499999989104,0.3034499999998103,0.33046249999979344,0.3174874999998016,0.22551874999985905,0.22315624999986053,0.22570624999985894,0.0841624999999474,0.07747499999995158,0.07874999999995078,0.03604999999997747,0.03289374999997944,0.03199374999998,0.025787499999983882,0.02153749999998654,0.022649999999985845,0.047974999999970014,0.04274374999997328,0.0452874999999717
tag.txt,0.01986874999998758,0.01849999999998844,0.01862499999998836,0.0307187499999808,0.028712499999982054,0.030924999999980673,0.04803749999996998,0.04469999999997206,0.04796249999997002,0.17448749999989094,0.1724562499998922,0.17769374999988893,0.3014749999998116,0.33140624999979285,0.3161249999998024,0.22458124999985962,0.22899999999985687,0.22599374999985875,0.08407499999994746,0.07783124999995135,0.08009999999994993,0.03643124999997723,0.031843749999980096,0.033224999999979236,0.030568749999980896,0.023512499999985306,0.025018749999984363,0.0497562499999689,0.04203749999997373,0.044331249999972296
tag.txt,0.017131249999989294,0.017318749999989176,0.017118749999989302,0.028799999999982,0.027674999999982703,0.030006249999981246,0.046437499999970974,0.0444749999999722,0.04933124999996917,0.18775624999988266,0.1883062499998823,0.1924812499998797,0.3218937499997988,0.33673124999978954,0.3208062499997995,0.20724374999987047,0.20371249999987268,0.19846249999987595,0.07997499999995002,0.07614374999995241,0.07733124999995167,0.03622499999997736,0.034562499999978395,0.03803749999997623,0.03214374999997991,0.030631249999980854,0.03298749999997938,0.0423937499999735,0.04044374999997472,0.04343749999997285
tag.txt,0.01704374999998935,0.01740624999998912,0.016687499999989572,0.029637499999981477,0.029212499999981743,0.030581249999980888,0.044049999999972465,0.04228749999997357,0.047318749999970426,0.18389374999988506,0.18438124999988476,0.18774999999988265,0.34068124999978705,0.35133124999978044,0.3398437499997876,0.2019312499998738,0.20008124999987495,0.19369374999987893,0.07691249999995194,0.07433124999995354,0.0743999999999535,0.03540624999997787,0.03419374999997863,0.037812499999976365,0.029531249999981544,0.028137499999982413,0.03046249999998096,0.04091249999997443,0.03863749999997585,0.04144999999997409
tag.txt,0.017881249999988823,0.017962499999988772,0.017562499999989024,0.028218749999982362,0.02824374999998235,0.02979374999998138,0.04540624999997162,0.0436749999999727,0.047562499999970274,0.1878249999998826,0.18791249999988255,0.1928062499998795,0.32821874999979483,0.34048749999978717,0.3286437499997946,0.20729999999987045,0.20265624999987333,0.1985812499998759,0.0780874999999512,0.0758562499999526,0.07579374999995263,0.035193749999978007,0.0347187499999783,0.0366499999999771,0.029981249999981262,0.02875624999998203,0.030906249999980682,0.04188749999997382,0.03973124999997517,0.04169999999997394
tag.txt,0.016006249999989997,0.01619374999998988,0.015912499999990056,0.02646249999998346,0.02594999999998378,0.027593749999982754,0.04318124999997301,0.04189374999997381,0.04697499999997064,0.18860624999988213,0.1891249999998818,0.19319999999987925,0.35128124999978044,0.3595312499997753,0.34598124999978375,0.1998437499998751,0.19624374999987734,0.18971249999988143,0.0732999999999542,0.07338749999995413,0.07262499999995461,0.033968749999978766,0.03281249999997949,0.03741249999997662,0.029962499999981275,0.028743749999982034,0.03118749999998051,0.037387499999976634,0.036118749999977426,0.03939999999997537
tag.txt,0.014693749999990817,0.015049999999990593,0.014956249999990652,0.026443749999983474,0.024774999999984514,0.02678749999998326,0.043193749999973004,0.041243749999974225,0.04622499999997111,0.1874937499998828,0.18744374999988284,0.1916812499998802,0.3337499999997914,0.34930624999978166,0.3340749999997912,0.21418749999986614,0.21048749999986843,0.20514374999987178,0.0776062499999515,0.07613749999995241,0.07634374999995229,0.03294374999997941,0.031124999999980547,0.034924999999978175,0.030999999999980626,0.02849374999998219,0.030918749999980677,0.03868749999997582,0.035937499999977536,0.03894374999997566
tag.txt,0.016262499999989837,0.01603124999998998,0.01585624999999009,0.02798749999998251,0.02708749999998307,0.029481249999981574,0.043449999999972844,0.04129374999997419,0.04590624999997131,0.185581249999884,0.1873624999998829,0.1905437499998809,0.34124374999978674,0.35555624999977775,0.34226874999978607,0.2078249999998701,0.20438124999987226,0.19941249999987537,0.07526874999995296,0.07276249999995452,0.07228124999995482,0.03469999999997831,0.03316249999997927,0.0369562499999769,0.028743749999982034,0.026443749999983474,0.02871874999998205,0.038937499999975665,0.03591874999997755,0.03857499999997589
tag.txt,0.015606249999990246,0.015912499999990056,0.015324999999990421,0.026643749999983347,0.02550624999998406,0.027174999999983015,0.0417624999999739,0.040056249999974966,0.04508749999997182,0.1875187499998828,0.18601874999988374,0.19147499999988032,0.33961874999978775,0.35633749999977726,0.3406374999997871,0.21231249999986732,0.20794374999987003,0.20501874999987185,0.07633749999995229,0.0732812499999542,0.07348749999995408,0.03305624999997934,0.03169999999998019,0.034149999999978656,0.02916874999998177,0.02734374999998291,0.028981249999981886,0.037974999999976264,0.03589999999997756,0.038662499999975834
tag.txt,0.01491249999999068,0.014856249999990715,0.014949999999990657,0.025462499999984085,0.024774999999984514,0.0273562499999829,0.04233124999997354,0.04075624999997453,0.0446374999999721,0.18845624999988222,0.1907187499998808,0.19571249999987766,0.35446249999977847,0.36325624999977296,0.34937499999978167,0.2054499999998716,0.19793749999987628,0.19320624999987923,0.07165624999995522,0.07310624999995431,0.07086249999995571,0.03264999999997959,0.03191874999998005,0.03649999999997719,0.028818749999981987,0.027718749999982674,0.029912499999981305,0.03579999999997763,0.03495624999997815,0.03748749999997657
tag.txt,0.028937499999981915,0.026956249999983153,0.025449999999984093,0.04291249999997318,0.03769999999997644,0.03869999999997581,0.05386249999996633,0.04814374999996991,0.05314999999996678,0.16584374999989634,0.16452499999989717,0.16937499999989414,0.22837499999985728,0.2716624999998302,0.264018749999835,0.18669999999988332,0.20109999999987432,0.20959374999986902,0.09699999999993937,0.09179374999994262,0.09368124999994144,0.05559999999996525,0.046618749999970864,0.04321874999997299,0.06557499999995901,0.051912499999967554,0.044068749999972456,0.075193749999953,0.05958749999996276,0.058743749999963284
tag.txt,0.029706249999981435,0.02811249999998243,0.02648124999998345,0.042674999999973325,0.03851249999997593,0.04070624999997456,0.0572812499999642,0.051074999999968076,0.05732499999996417,0.169599999999894,0.17044374999989348,0.17205624999989247,0.22852499999985718,0.2615937499998365,0.25421249999984113,0.17924999999988797,0.19225624999987984,0.19861249999987587,0.0966312499999396,0.09370624999994143,0.09383124999994136,0.057643749999963974,0.0491249999999693,0.04798124999997001,0.06558749999995901,0.05351874999996655,0.0470374999999706,0.07309999999995431,0.061656249999961464,0.061756249999961405
tag.txt,0.028868749999981957,0.027381249999982888,0.025862499999983836,0.04150624999997406,0.03734374999997666,0.03836874999997602,0.056262499999964834,0.05036249999996852,0.05546874999996533,0.17026874999989358,0.17012499999989367,0.17299999999989188,0.23896249999985064,0.2699312499998313,0.2637124999998352,0.18420624999988486,0.19829374999987606,0.203193749999873,0.09562499999994023,0.08999374999994375,0.09252499999994217,0.05441874999996599,0.04725624999997047,0.044724999999972044,0.0598374999999626,0.048918749999969424,0.043387499999972885,0.07004374999995622,0.060393749999962255,0.05975624999996265
tag.txt,0.023349999999985407,0.021212499999986742,0.01977499999998764,0.04340624999997287,0.03547499999997783,0.03826874999997608,0.04675624999997078,0.04153749999997404,0.04689374999997069,0.1622437499998986,0.16729374999989544,0.17226874999989233,0.21883124999986323,0.2516624999998427,0.24905624999984433,0.17239999999989225,0.1892749999998817,0.19657499999987715,0.092806249999942,0.09356249999994153,0.09683749999993947,0.06290624999996068,0.05540624999996537,0.05138749999996788,0.09501874999994062,0.08043749999994973,0.06666249999995834,0.08228124999994857,0.06413749999995991,0.06227499999996108
tag.txt,0.03059374999998088,0.024806249999984497,0.02620624999998362,0.04772499999997017,0.03938749999997538,0.04878124999996951,0.058999999999963124,0.05053124999996842,0.05881249999996324,0.16326249999989795,0.16029374999989981,0.15563749999990273,0.21268124999986707,0.27223124999982984,0.24250624999984843,0.1665687499998959,0.20823124999986986,0.20806874999986996,0.09885624999993821,0.0951999999999405,0.09652499999993967,0.06344999999996034,0.048243749999969845,0.05032499999996855,0.07204999999995497,0.04283749999997322,0.04467499999997208,0.08581249999994636,0.0582374999999636,0.06846249999995721
tag.txt,0.03463749999997835,0.03186874999998008,0.03156249999998027,0.04913749999996929,0.04793124999997004,0.053381249999966636,0.06174374999996141,0.05449999999996594,0.06267499999996083,0.16691874999989567,0.15862499999990085,0.15555624999990278,0.24028749999984983,0.27720624999982674,0.25304999999984185,0.16694374999989567,0.18603749999988373,0.18806874999988246,0.0899124999999438,0.08725624999994547,0.09099374999994313,0.06244999999996097,0.052006249999967495,0.05171874999996767,0.05197499999996751,0.039881249999975076,0.04180624999997387,0.07599374999995251,0.06468749999995957,0.07118749999995551
tag.txt,0.03276874999997952,0.02983749999998135,0.031156249999980526,0.044387499999972255,0.0422312499999736,0.05044999999996847,0.0652749999999592,0.056962499999964396,0.06681249999995824,0.17684999999988946,0.17009374999989368,0.16076249999989953,0.22793124999985753,0.2638062499998351,0.23704374999985184,0.16510624999989681,0.19163124999988024,0.1879812499998825,0.0926437499999421,0.09116249999994303,0.0924687499999422,0.061074999999961826,0.04984374999996885,0.05304374999996685,0.05817499999996364,0.04194999999997378,0.046362499999971024,0.07578749999995263,0.06248124999996095,0.0739187499999538
tag.txt,0.03571249999997768,0.03335624999997915,0.03365624999997897,0.0486374999999696,0.04802499999996999,0.05420624999996612,0.06317499999996051,0.05479999999996575,0.06134999999996166,0.1634874999998978,0.15539999999990287,0.14970624999990642,0.24451249999984717,0.2796937499998252,0.2585437499998384,0.17027499999989357,0.1894374999998816,0.1916874999998802,0.08935624999994415,0.0852812499999467,0.08876874999994452,0.06068749999996207,0.05193749999996754,0.05143749999996785,0.0491187499999693,0.03772499999997642,0.0401624999999749,0.0750374999999531,0.06434374999995979,0.07048124999995595
tag.txt,0.02185624999998634,0.016562499999989648,0.01750624999998906,0.03572499999997767,0.02641249999998349,0.035412499999977864,0.050643749999968346,0.0396749999999752,0.051162499999968025,0.1795437499998878,0.18091249999988693,0.18278124999988576,0.2644562499998347,0.3260374999997962,0.2886812499998196,0.19224374999987984,0.22357499999986027,0.22133124999986167,0.09030624999994356,0.0801624999999499,0.08435624999994727,0.048662499999969584,0.03445624999997846,0.0382374999999761,0.053968749999966266,0.03063749999998085,0.03221874999997986,0.06259374999996088,0.04156874999997402,0.0483124999999698
tag.txt,0.023499999999985314,0.019749999999987656,0.019756249999987652,0.034056249999978715,0.030818749999980737,0.038931249999975666,0.050731249999968295,0.042862499999973214,0.05349374999996657,0.17911249999988804,0.1736312499998915,0.17209999999989245,0.28939374999981915,0.3345249999997909,0.30556874999980904,0.19979999999987513,0.21539374999986538,0.21543124999986535,0.08879999999994449,0.08030624999994981,0.08179999999994887,0.04446249999997221,0.03443749999997848,0.03716874999997677,0.03665624999997709,0.026037499999983726,0.028106249999982433,0.05348749999996657,0.0422374999999736,0.047643749999970224
tag.txt,0.023431249999985356,0.01937499999998789,0.020074999999987454,0.03435624999997853,0.028531249999982168,0.036731249999977046,0.05444374999996597,0.04454374999997216,0.05607499999996495,0.18316249999988551,0.18371249999988518,0.18248124999988594,0.26978749999983137,0.32052499999979966,0.28358749999982275,0.19176249999988015,0.2119937499998675,0.2129374999998669,0.09021874999994361,0.08029999999994981,0.08093124999994941,0.046968749999970645,0.036099999999977435,0.04050624999997468,0.04630624999997106,0.03143749999998035,0.034068749999978706,0.05956249999996277,0.043481249999972826,0.052606249999967124
tag.txt,0.02406249999998496,0.01945624999998784,0.020024999999987483,0.03510624999997806,0.030399999999981,0.038774999999975766,0.05161874999996774,0.04270624999997331,0.05230624999996731,0.1745562499998909,0.16970624999989392,0.16918124999989426,0.289574999999819,0.3412749999997867,0.3110437499998056,0.19749999999987655,0.21958124999986275,0.21686249999986446,0.08786874999994508,0.07703749999995185,0.08056874999994965,0.04412499999997242,0.03331874999997918,0.03596874999997752,0.039612499999975244,0.024849999999984468,0.02750624999998281,0.05597499999996502,0.041668749999973956,0.04776249999997015
tag.txt,0.017287499999989197,0.018612499999988368,0.020318749999987302,0.03667499999997708,0.03188749999998007,0.04250624999997343,0.050056249999968716,0.04188124999997382,0.052693749999967066,0.1753437499998904,0.18189999999988632,0.17814999999988865,0.26521874999983425,0.27864374999982583,0.24932499999984417,0.21063124999986835,0.19125624999988047,0.17338124999989163,0.09394374999994129,0.08956874999994402,0.08621874999994611,0.04634999999997103,0.04938749999996913,0.056868749999964455,0.04802499999996999,0.060549999999962155,0.06896874999995689,0.05646874999996471,0.05631249999996481,0.07156874999995527
tag.txt,0.019399999999987875,0.019862499999987585,0.020774999999987016,0.039781249999975135,0.031674999999980205,0.04108749999997432,0.052268749999967334,0.045093749999971816,0.05412499999996617,0.16626874999989608,0.1811187499998868,0.17608124999988994,0.2874062499998204,0.30024999999981233,0.28119374999982427,0.220806249999862,0.20744999999987035,0.19289999999987945,0.08865624999994459,0.08918124999994426,0.08730624999994543,0.040006249999975,0.04085624999997446,0.04938124999996914,0.0334312499999791,0.036281249999977325,0.04119999999997425,0.05197499999996751,0.048231249999969854,0.05594999999996503
tag.txt,0.01943749999998785,0.019643749999987723,0.020743749999987036,0.03796249999997627,0.030393749999981005,0.03933749999997541,0.05526874999996546,0.044412499999972245,0.05555624999996528,0.1755187499998903,0.18838749999988225,0.18538749999988413,0.2645312499998347,0.2870437499998206,0.26032499999983727,0.20796874999987003,0.19195624999988004,0.1761499999998899,0.09226249999994234,0.09034999999994353,0.08806874999994496,0.04558124999997151,0.04649374999997094,0.05399999999996625,0.044387499999972255,0.050056249999968716,0.057387499999964134,0.05708124999996433,0.05126249999996796,0.0630437499999606
tag.txt,0.02139374999998663,0.021962499999986274,0.022549999999985908,0.04069999999997456,0.03238749999997976,0.04030624999997481,0.052612499999967116,0.04697499999997064,0.05634374999996478,0.1636874999998977,0.1804687499998872,0.17388124999989132,0.2916624999998177,0.2956749999998152,0.28121249999982423,0.21949374999986282,0.20789374999987006,0.19443749999987847,0.08629999999994606,0.08979999999994387,0.08668749999994582,0.03911874999997555,0.04135624999997415,0.04923124999996923,0.03169999999998019,0.03477499999997827,0.03972499999997517,0.05333124999996667,0.04870624999996956,0.05562499999996524
tag.txt,0.01865624999998834,0.019881249999987576,0.02054374999998716,0.036799999999977,0.03213749999997991,0.037481249999976575,0.050899999999968186,0.04503124999997186,0.05365624999996647,0.16979374999989388,0.17559999999989026,0.18229374999988607,0.2820249999998237,0.2878374999998201,0.26373749999983515,0.22739999999985788,0.21785624999986383,0.20372499999987267,0.08868749999994457,0.09093124999994316,0.09187499999994257,0.03762499999997648,0.0409562499999744,0.04562499999997149,0.035193749999978007,0.037899999999976314,0.04250624999997343,0.05291874999996692,0.05186874999996758,0.0585562499999634
tag.txt,0.016524999999989673,0.017031249999989357,0.017924999999988797,0.03518749999997801,0.029112499999981806,0.03638124999997726,0.047831249999970106,0.04026874999997483,0.049112499999969306,0.1812687499998867,0.18738749999988288,0.18774374999988266,0.2807937499998245,0.29773124999981393,0.2721812499998299,0.20600624999987124,0.19769374999987643,0.18449999999988467,0.08727499999994545,0.08569374999994644,0.08598124999994626,0.04369374999997269,0.044049999999972465,0.04860624999996962,0.04565624999997146,0.049706249999968935,0.056199999999964875,0.055762499999965146,0.051324999999967924,0.06136874999996164
tag.txt,0.018374999999988515,0.018506249999988435,0.019299999999987938,0.03554999999997778,0.030137499999981165,0.034049999999978715,0.051556249999967774,0.04360624999997274,0.05315624999996678,0.17589999999989006,0.1830312499998856,0.18824999999988234,0.28363124999982275,0.3015812499998115,0.27787499999982634,0.22108749999986183,0.21253749999986715,0.2019249999998738,0.08795624999994503,0.08866249999994459,0.08883749999994447,0.03744999999997659,0.03847499999997595,0.041606249999974,0.035162499999978024,0.03596874999997752,0.040987499999974385,0.05333124999996667,0.04749374999997032,0.05401249999996624
tag.txt,0.01594999999999003,0.016837499999989475,0.018362499999988523,0.03349999999997906,0.02905624999998184,0.03749374999997657,0.04938124999996914,0.0403249999999748,0.05006874999996871,0.17960624999988775,0.18569999999988393,0.18643124999988347,0.2750499999998281,0.2894312499998191,0.26199374999983627,0.21274374999986703,0.19665624999987708,0.17988124999988758,0.08896874999994439,0.09026249999994358,0.08867499999994458,0.04315624999997303,0.046181249999971134,0.05121874999996799,0.04628749999997107,0.05307499999996683,0.060631249999962104,0.055356249999965405,0.0524749999999672,0.06524374999995922
tag.txt,0.018668749999988334,0.018412499999988494,0.01868749999998832,0.030774999999980766,0.028906249999981933,0.032012499999979994,0.04573749999997141,0.041224999999974234,0.0489624999999694,0.17248749999989219,0.17387499999989134,0.18073124999988704,0.30935624999980665,0.33421249999979113,0.30698124999980814,0.23028124999985608,0.22536249999985913,0.21813749999986368,0.08344374999994784,0.0775937499999515,0.0828937499999482,0.03382499999997886,0.033112499999979304,0.03591249999997755,0.028731249999982042,0.02545624999998409,0.028918749999981924,0.046693749999970814,0.041843749999973846,0.04676249999997077
tag.txt,0.01454374999999091,0.014437499999990977,0.015306249999990433,0.02782499999998261,0.024056249999984965,0.02914999999998178,0.04119999999997425,0.037062499999976836,0.044074999999972456,0.1831812499998855,0.18393124999988505,0.19144374999988034,0.32012499999979993,0.3436312499997852,0.31432499999980357,0.2151874999998655,0.21227499999986732,0.201612499999874,0.08063124999994961,0.07849374999995094,0.08148124999994907,0.03684999999997697,0.0340812499999787,0.0396749999999752,0.03598124999997751,0.03194374999998004,0.03613749999997742,0.0444749999999722,0.04008749999997494,0.046793749999970755
tag.txt,0.01739374999998913,0.017112499999989303,0.017174999999989265,0.029849999999981343,0.027256249999982964,0.030231249999981107,0.04508749999997182,0.04062499999997461,0.047218749999970486,0.18248749999988595,0.18422499999988487,0.1923062499998798,0.3161874999998024,0.34029999999978733,0.3142187499998036,0.21731249999986418,0.21256249999986715,0.20461874999987212,0.08104374999994934,0.07628124999995232,0.0811187499999493,0.03493124999997817,0.03368124999997895,0.03689999999997694,0.030643749999980846,0.02721874999998299,0.030712499999980804,0.04506249999997183,0.04073749999997454,0.04549999999997156
tag.txt,0.01608124999998995,0.015768749999990145,0.01697499999998939,0.028987499999981882,0.025306249999984185,0.030037499999981225,0.043968749999972516,0.03974374999997516,0.048499999999969685,0.1816249999998865,0.18483749999988447,0.18826874999988233,0.3094499999998066,0.32932499999979414,0.3035187499998103,0.21971874999986268,0.2167999999998645,0.2046562499998721,0.08357499999994776,0.08127499999994921,0.08301874999994811,0.036612499999977115,0.03420624999997862,0.04040624999997475,0.034662499999978336,0.03169374999998019,0.036949999999976904,0.04531874999997167,0.04104374999997435,0.04766874999997021
tag.txt,0.014043749999991223,0.013606249999991497,0.014206249999991122,0.024806249999984497,0.022362499999986022,0.02451249999998468,0.03780624999997637,0.035749999999977654,0.040806249999974495,0.1655812499998965,0.163218749999898,0.17689374999988944,0.36509999999977183,0.3953437499997529,0.3643374999997723,0.2562999999998398,0.2470624999998456,0.23834999999985104,0.06672499999995829,0.061224999999961734,0.06896874999995689,0.020806249999986995,0.019206249999987997,0.022999999999985626,0.01585624999999009,0.013512499999991554,0.016818749999989488,0.03297499999997939,0.028712499999982054,0.032106249999979936
tag.txt,0.013106249999991808,0.012631249999992105,0.014074999999991204,0.02409374999998494,0.021593749999986502,0.024931249999984417,0.03963749999997523,0.0355249999999778,0.04118749999997426,0.1708749999998932,0.17398749999989127,0.1811249999998868,0.3563187499997773,0.3790312499997631,0.35484374999977825,0.25160624999984277,0.24714999999984552,0.23377499999985388,0.07164999999995522,0.06659374999995837,0.07273124999995455,0.023093749999985567,0.020393749999987255,0.025462499999984085,0.017749999999988907,0.015349999999990406,0.01959999999998775,0.03186874999998008,0.02774374999998266,0.032268749999979834
tag.txt,0.014168749999991145,0.013656249999991465,0.013668749999991457,0.02439999999998475,0.022324999999986047,0.023862499999985087,0.039362499999975396,0.03587499999997758,0.04134999999997416,0.17461874999989085,0.17191249999989255,0.18493124999988442,0.36009999999977493,0.3924312499997547,0.3666562499997708,0.24643124999984597,0.23659999999985212,0.2294499999998566,0.06806874999995746,0.0612749999999617,0.06739374999995788,0.02281874999998574,0.021899999999986312,0.024137499999984914,0.016987499999989383,0.014837499999990726,0.017349999999989155,0.03304374999997935,0.02918749999998176,0.0311999999999805
tag.txt,0.010537499999993413,0.009387499999994133,0.010949999999993156,0.022987499999985634,0.020318749999987302,0.024693749999984565,0.03366249999997896,0.029768749999981393,0.036706249999977056,0.1689937499998944,0.16760624999989523,0.1766624999998896,0.35874374999977576,0.3840999999997599,0.35718124999977674,0.2533062499998417,0.25672499999983955,0.23944374999985035,0.07227499999995483,0.06636874999995852,0.07314374999995428,0.02519999999998425,0.02088124999998695,0.027118749999983052,0.020331249999987294,0.01577499999999014,0.020599999999987125,0.033962499999978774,0.02906874999998183,0.03349999999997906
tag.txt,0.01271874999999205,0.01260624999999212,0.012824999999991985,0.024124999999984922,0.02259374999998588,0.024724999999984548,0.03718749999997676,0.032956249999979405,0.03754374999997653,0.17481874999989075,0.17126874999989294,0.1786874999998883,0.34213749999978615,0.36861249999976964,0.34838124999978226,0.2425687499998484,0.24179999999984889,0.2414062499998491,0.07628124999995232,0.07043749999995598,0.07249374999995468,0.029093749999981815,0.0260812499999837,0.02726249999998296,0.023849999999985095,0.020406249999987247,0.021774999999986392,0.037218749999976736,0.03323749999997923,0.034899999999978185
tag.txt,0.014843749999990722,0.014606249999990871,0.014074999999991204,0.02739374999998288,0.024843749999984472,0.02750624999998281,0.03871249999997581,0.036437499999977224,0.041331249999974166,0.1692749999998942,0.17112499999989306,0.17468124999989082,0.3294562499997941,0.3486374999997821,0.3371124999997893,0.24199999999984875,0.2408249999998495,0.2371312499998518,0.0808187499999495,0.07718749999995175,0.07723749999995172,0.030518749999980926,0.02734374999998291,0.03052499999998092,0.026187499999983634,0.022162499999986148,0.02341249999998537,0.0407937499999745,0.03683124999997698,0.036987499999976886
tag.txt,0.01403124999999123,0.013731249999991419,0.01371249999999143,0.02612499999998367,0.02388749999998507,0.02456249999998465,0.03964999999997522,0.036193749999977376,0.04022499999997486,0.17848124999988846,0.177581249999889,0.1843249999998848,0.33223124999979237,0.35831249999977605,0.3431499999997855,0.23563749999985273,0.23370624999985393,0.23218124999985487,0.07836874999995101,0.07251249999995468,0.07399374999995376,0.03153124999998029,0.028506249999982185,0.028837499999981975,0.025106249999984308,0.021687499999986447,0.02251249999998593,0.038837499999975725,0.033881249999978824,0.03649999999997719
tag.txt,0.010099999999993687,0.01014374999999366,0.010756249999993278,0.023956249999985028,0.02073749999998704,0.02529374999998419,0.033981249999978765,0.030762499999980774,0.03546874999997783,0.17570624999989018,0.17671249999988956,0.1809562499998869,0.3406124999997871,0.3556999999997777,0.34134999999978666,0.21879374999986326,0.22453749999985967,0.21321249999986674,0.07911249999995056,0.07832499999995104,0.07834999999995103,0.03796249999997627,0.03390624999997881,0.037137499999976786,0.038756249999975775,0.03358124999997901,0.03656874999997715,0.04101874999997436,0.035593749999977754,0.040906249999974435
tag.txt,0.01923124999998798,0.017374999999989142,0.017324999999989172,0.03376874999997889,0.029768749999981393,0.034587499999978386,0.047643749999970224,0.04229999999997356,0.05121249999996799,0.17882499999988824,0.18042499999988723,0.18103749999988686,0.27065624999983084,0.30219374999981113,0.284812499999822,0.1875312499998828,0.19723124999987673,0.19374374999987892,0.08684999999994572,0.08383124999994761,0.08347499999994783,0.05048124999996845,0.04301874999997311,0.046731249999970796,0.06756249999995777,0.056706249999964556,0.05518749999996551,0.05744999999996409,0.04714999999997053,0.05188749999996757
tag.txt,0.021468749999986582,0.020662499999987087,0.0199999999999875,0.033724999999978925,0.032781249999979514,0.037143749999976786,0.04771249999997018,0.04452499999997217,0.04977499999996889,0.17062499999989336,0.169574999999894,0.16789374999989506,0.3046124999998096,0.32436874999979726,0.31674374999980204,0.1991874999998755,0.20196874999987377,0.1987124999998758,0.08085624999994946,0.07932499999995042,0.07747499999995158,0.04366249999997271,0.03879374999997575,0.0433562499999729,0.0460749999999712,0.041331249999974166,0.040374999999974764,0.05207499999996745,0.04666874999997083,0.04852499999996967
tag.txt,0.020468749999987206,0.0201624999999874,0.019143749999988035,0.032606249999979624,0.030393749999981005,0.03513749999997804,0.04923124999996923,0.04529999999997169,0.05206249999996746,0.18057499999988713,0.18049374999988718,0.18153749999988653,0.2851624999998218,0.30392499999981004,0.28997499999981874,0.19587499999987756,0.20084999999987446,0.19896874999987565,0.08529999999994668,0.08364999999994772,0.08439374999994725,0.04468124999997208,0.04023749999997485,0.04341249999997287,0.053287499999966695,0.048168749999969895,0.04520624999997175,0.05281249999996699,0.04681874999997074,0.05016249999996865
tag.txt,0.022806249999985748,0.022874999999985702,0.02163124999998648,0.03606249999997746,0.03452499999997842,0.03894374999997566,0.04826874999996983,0.04577499999997139,0.05189999999996756,0.16521874999989675,0.1654624999998966,0.16393749999989754,0.30756874999980777,0.3211374999997993,0.31476249999980327,0.19739374999987663,0.20035624999987478,0.19621249999987736,0.08054374999994966,0.07862499999995086,0.07687499999995195,0.04459374999997213,0.041593749999974006,0.044237499999972354,0.04417499999997239,0.040212499999974866,0.04041249999997474,0.053368749999966644,0.0494374999999691,0.05108749999996807
tag.txt,0.025174999999984266,0.024043749999984973,0.022506249999985933,0.03734999999997666,0.034481249999978446,0.03719999999997675,0.051237499999967975,0.04685624999997071,0.052956249999966905,0.17276249999989202,0.1708812499998932,0.17700624999988937,0.2740937499998287,0.3021812499998111,0.28491249999982193,0.19196249999988002,0.19946249999987534,0.199987499999875,0.0857562499999464,0.08161874999994899,0.08329999999994794,0.047574999999970266,0.04143124999997411,0.0427187499999733,0.05333749999996666,0.04529999999997169,0.04394374999997253,0.06074999999996203,0.05374374999996641,0.05546874999996533
tag.txt,0.020343749999987285,0.0183999999999885,0.018049999999988717,0.03588124999997758,0.03106874999998058,0.03483124999997823,0.04760624999997025,0.042499999999973434,0.04931874999996918,0.17720624999988924,0.1796999999998877,0.18361249999988524,0.2621187499998362,0.29131874999981794,0.276837499999827,0.1841374999998849,0.19714999999987678,0.19064374999988085,0.08874374999994454,0.08616874999994614,0.08793749999994503,0.051318749999967925,0.044224999999972356,0.04588124999997133,0.07011249999995618,0.05902499999996311,0.0567999999999645,0.06253124999996092,0.05044374999996847,0.05608749999996494
tag.txt,0.024743749999984535,0.02398124999998501,0.022724999999985798,0.035849999999977594,0.03360624999997899,0.034581249999978386,0.0515187499999678,0.047318749999970426,0.05350624999996656,0.17833124999988853,0.17606249999988996,0.18107499999988683,0.28258124999982337,0.3062312499998086,0.29444999999981597,0.19429999999987857,0.19723749999987672,0.19894374999987566,0.08381874999994761,0.08033749999994978,0.08139374999994912,0.044737499999972036,0.04135624999997415,0.04049999999997469,0.04714999999997053,0.04142499999997411,0.04008124999997495,0.056968749999964395,0.052443749999967225,0.05274374999996703
tag.txt,0.023143749999985534,0.02273749999998579,0.022181249999986136,0.03461249999997837,0.032343749999979785,0.03498749999997813,0.05163124999996773,0.04819374999996988,0.054074999999966206,0.17653749999988966,0.17626874999988984,0.17833124999988853,0.28428124999982235,0.29978124999981265,0.2888062499998195,0.1972937499998767,0.20306249999987308,0.20281874999987323,0.08624374999994609,0.08282499999994823,0.08301249999994811,0.042756249999973274,0.04016874999997489,0.04174374999997391,0.04883124999996948,0.043893749999972566,0.04229999999997356,0.054668749999965835,0.050724999999968295,0.05174374999996766
tag.txt,0.015581249999990261,0.01589999999999006,0.020018749999987488,0.035199999999978,0.03345624999997909,0.041837499999973854,0.039431249999975354,0.03728749999997669,0.046274999999971075,0.16821249999989488,0.16469374999989705,0.1627062499998983,0.3057749999998089,0.3169999999998019,0.26554374999983404,0.20844374999986973,0.2129624999998669,0.2054249999998716,0.0842999999999473,0.08333124999994791,0.09144374999994284,0.04504999999997184,0.04296249999997315,0.05048124999996845,0.04818124999996989,0.043874999999972575,0.05222499999996736,0.04982499999996886,0.04853124999996967,0.06404374999995997
tag.txt,0.010031249999993731,0.012337499999992289,0.01959999999998775,0.034843749999978225,0.036987499999976886,0.053618749999966485,0.030181249999981136,0.0270437499999831,0.03190624999998006,0.15909374999990056,0.15015624999990615,0.1340812499999162,0.25948749999983783,0.2662499999998336,0.2073624999998704,0.22980624999985638,0.22189999999986132,0.18359999999988524,0.09207499999994245,0.08919999999994425,0.09028124999994358,0.0574437499999641,0.05528749999996545,0.07065624999995584,0.07152499999995529,0.08409999999994744,0.10918749999993176,0.055512499999965305,0.05673749999996454,0.09970624999993769
tag.txt,0.01220624999999237,0.01569374999999019,0.027074999999983078,0.032243749999979844,0.03063749999998085,0.05617499999996489,0.03512499999997805,0.03161874999998024,0.0419187499999738,0.17596874999989,0.16806874999989496,0.13896874999991315,0.28661249999982086,0.29731874999981417,0.19873749999987578,0.21586874999986508,0.21805624999986373,0.17596874999989,0.08369999999994769,0.08482499999994698,0.09334999999994166,0.04896874999996939,0.047481249999970325,0.07086874999995571,0.05766874999996396,0.05628749999996482,0.09266249999994208,0.05163749999996772,0.05001249999996874,0.10427499999993482
tag.txt,0.008312499999994805,0.012618749999992114,0.016568749999989644,0.027756249999982652,0.025943749999983785,0.04195624999997378,0.026299999999983562,0.023399999999985373,0.027737499999982665,0.13371249999991644,0.12793749999992005,0.11587499999992758,0.21564999999986523,0.23238124999985477,0.1832312499998855,0.19323124999987923,0.18742499999988285,0.15212499999990492,0.07301874999995436,0.07402499999995374,0.06842499999995723,0.055681249999965196,0.053374999999966644,0.06529999999995918,0.22073749999986203,0.2233437499998604,0.252762499999842,0.0455999999999715,0.03954999999997528,0.07601874999995249
tag.txt,0.02098749999998688,0.01928124999998795,0.01994999999998753,0.03800624999997625,0.03461249999997837,0.037737499999976415,0.05046249999996846,0.045193749999971757,0.049943749999968784,0.18007499999988746,0.18181874999988637,0.18488749999988444,0.3143687499998035,0.34165624999978644,0.3246562499997971,0.18659374999988337,0.1916812499998802,0.18371874999988516,0.0766374999999521,0.0710499999999556,0.07383749999995386,0.045674999999971454,0.04033124999997479,0.044549999999972154,0.03689999999997694,0.030706249999980808,0.0334312499999791,0.050293749999968565,0.04366874999997271,0.04728749999997044
tag.txt,0.015556249999990278,0.014756249999990777,0.014874999999990703,0.034724999999978294,0.03256249999997965,0.03411249999997868,0.04562499999997149,0.04103124999997435,0.04585624999997134,0.18323749999988548,0.18132499999988666,0.18430624999988482,0.3721562499997674,0.4034937499997478,0.3901249999997562,0.16445624999989722,0.15781249999990138,0.1553437499999029,0.0636812499999602,0.06050624999996218,0.05844374999996347,0.04327499999997295,0.04144999999997409,0.046274999999971075,0.03384374999997885,0.028906249999981933,0.031006249999980622,0.043443749999972844,0.038156249999976154,0.03965624999997521
tag.txt,0.02214374999998616,0.02038124999998726,0.020918749999986927,0.03889374999997569,0.0358374999999776,0.03786249999997634,0.0504062499999685,0.04538124999997164,0.04985624999996884,0.17733749999988915,0.17844374999988846,0.18278749999988575,0.31368749999980394,0.34018749999978737,0.3260499999997962,0.18699999999988312,0.1927812499998795,0.1867124999998833,0.07677499999995202,0.07163124999995522,0.07229374999995482,0.04493749999997192,0.0403249999999748,0.043643749999972725,0.03598124999997751,0.02961249999998149,0.03212499999997992,0.05283749999996697,0.045418749999971614,0.04774999999997016
tag.txt,0.015037499999990602,0.013893749999991316,0.014456249999990964,0.032168749999979894,0.030262499999981086,0.03199374999998,0.046262499999971084,0.042931249999973164,0.04622499999997111,0.19319999999987925,0.19188124999988007,0.19292499999987942,0.37274374999976706,0.4036624999997477,0.390381249999756,0.16088124999989944,0.1518562499999051,0.15143749999990536,0.06041249999996224,0.05813124999996367,0.05683749999996448,0.04341874999997286,0.04177499999997389,0.04553749999997154,0.03384999999997884,0.02948749999998157,0.031193749999980504,0.042024999999973736,0.036118749999977426,0.039012499999975615
tag.txt,0.01689374999998944,0.016581249999989636,0.017031249999989357,0.02883124999998198,0.02806874999998246,0.02867499999998208,0.04590624999997131,0.04518749999997176,0.04857499999996964,0.19520624999987798,0.19012499999988117,0.19733749999987665,0.3651187499997718,0.38648124999975847,0.35863749999977584,0.16648124999989594,0.15783124999990136,0.16454374999989715,0.06219374999996113,0.05889999999996319,0.06240624999996099,0.040637499999974604,0.040824999999974486,0.04186249999997384,0.034562499999978395,0.03383124999997886,0.03503124999997811,0.0441687499999724,0.042168749999973644,0.04589999999997131
tag.txt,0.02278124999998576,0.021643749999986472,0.022368749999986018,0.03368749999997894,0.0323124999999798,0.03414374999997866,0.05066874999996833,0.047462499999970334,0.05207499999996745,0.18179374999988637,0.18292499999988568,0.18549374999988408,0.31622499999980236,0.33599374999979,0.3121812499998049,0.18998124999988125,0.1886312499998821,0.18707499999988308,0.07266249999995458,0.06950624999995655,0.07397499999995377,0.043468749999972835,0.0409624999999744,0.04359374999997275,0.036531249999977165,0.03263124999997961,0.03692499999997692,0.05219999999996738,0.04793124999997004,0.052168749999967394
tag.txt,0.0167999999999895,0.016137499999989913,0.016687499999989572,0.02859374999998213,0.028587499999982134,0.028874999999981953,0.04734374999997041,0.04595624999997128,0.04839999999996975,0.19364374999987896,0.19106874999988058,0.1981062499998762,0.3729562499997669,0.39271249999975455,0.3657499999997714,0.15985624999990009,0.15138124999990538,0.16102499999989936,0.06091249999996193,0.05699374999996438,0.06027499999996233,0.0423999999999735,0.04274999999997328,0.04274374999997328,0.03384999999997884,0.032599999999979624,0.03417499999997864,0.043643749999972725,0.041812499999973864,0.043962499999972524
tag.txt,0.02068749999998707,0.020087499999987445,0.020518749999987176,0.03339374999997913,0.03189999999998006,0.033049999999979346,0.054306249999966055,0.05118749999996801,0.054737499999965786,0.18898749999988187,0.1886374999998821,0.19286874999987946,0.3173187499998017,0.33621874999978985,0.3176187499998015,0.1837062499998852,0.18276249999988578,0.17943124999988785,0.0697437499999564,0.06700624999995812,0.07020624999995612,0.045349999999971656,0.043443749999972844,0.04530624999997168,0.03562499999997774,0.03266874999997958,0.036262499999977334,0.0508812499999682,0.04608749999997119,0.04999999999996875
tag.txt,0.018681249999988325,0.01973124999998767,0.02494374999998441,0.03186874999998008,0.032262499999979835,0.04376249999997265,0.045862499999971336,0.04484999999997197,0.05945624999996284,0.1836374999998852,0.1790124999998881,0.18102499999988686,0.31293124999980443,0.3126249999998046,0.23980624999985012,0.1788624999998882,0.17377499999989138,0.15220624999990487,0.07859374999995088,0.07687499999995195,0.0827124999999483,0.042693749999973316,0.046106249999971184,0.05902499999996311,0.056787499999964505,0.061731249999961414,0.07683124999995199,0.0500812499999687,0.053031249999966855,0.08023124999994985
tag.txt,0.02350624999998531,0.024999999999984375,0.030212499999981116,0.036793749999977005,0.03729374999997669,0.04900624999996937,0.05178749999996763,0.050218749999968615,0.06198124999996126,0.17869374999988832,0.17468749999989083,0.17033124999989355,0.273649999999829,0.27051874999983094,0.22148124999986157,0.18340624999988536,0.17801874999988873,0.15109999999990556,0.08741249999994537,0.08651874999994592,0.08436249999994727,0.04727499999997045,0.050806249999968245,0.061931249999961295,0.058087499999963696,0.06346874999996033,0.08119999999994924,0.05938749999996288,0.06346874999996033,0.08839374999994476
tag.txt,0.0188812499999882,0.019656249999987715,0.023187499999985508,0.0307187499999808,0.031831249999980105,0.04018749999997488,0.044993749999971876,0.04409999999997244,0.05836874999996352,0.18734999999988292,0.1833562499998854,0.18651874999988344,0.32488749999979694,0.323224999999798,0.2625499999998359,0.1700999999998937,0.1662749999998961,0.15111874999990554,0.07499374999995313,0.07399999999995376,0.0771187499999518,0.043724999999972675,0.04638749999997101,0.05611249999996493,0.0548749999999657,0.05869374999996332,0.07179999999995512,0.04947499999996908,0.0524749999999672,0.07303749999995435
tag.txt,0.023068749999985583,0.024343749999984784,0.02894374999998191,0.03693124999997692,0.036624999999977106,0.0471937499999705,0.05384999999996634,0.053118749999966804,0.06361249999996024,0.18122499999988673,0.17699999999988938,0.1736187499998915,0.279968749999825,0.27654999999982716,0.23243749999985472,0.1796499999998877,0.17569374999989018,0.1514812499999053,0.08468124999994707,0.08474999999994703,0.08219374999994863,0.04638749999997101,0.05085624999996821,0.05912499999996305,0.05571874999996518,0.05989374999996257,0.07576249999995265,0.058518749999963426,0.06116874999996177,0.08563124999994648
tag.txt,0.017381249999989138,0.01489374999999069,0.018099999999988688,0.03485624999997822,0.02986874999998133,0.03162499999998023,0.04998749999996876,0.04161874999997399,0.05143124999996786,0.18254999999988591,0.17924999999988797,0.2081687499998699,0.29735624999981414,0.35382499999977884,0.30724374999980797,0.1916749999998802,0.1924937499998797,0.1689812499998944,0.08168749999994894,0.07301249999995436,0.07479999999995325,0.04402499999997248,0.037206249999976744,0.04537499999997164,0.04438124999997226,0.03402499999997873,0.04244999999997347,0.056099999999964935,0.043806249999972624,0.05182499999996761
tag.txt,0.02094374999998691,0.019237499999987976,0.02201249999998624,0.03921874999997549,0.03521249999997799,0.03868749999997582,0.04919999999996925,0.045331249999971665,0.05725624999996422,0.16995624999989378,0.1706999999998933,0.201624999999874,0.26787499999983255,0.29726874999981423,0.25623124999983987,0.2062249999998711,0.21274999999986702,0.17764374999988897,0.09211249999994243,0.08606249999994621,0.08778749999994513,0.04678124999997076,0.04220624999997362,0.047893749999970064,0.047143749999970536,0.03998124999997501,0.049687499999968944,0.06054374999996216,0.05124999999996797,0.06117499999996177
tag.txt,0.01694374999998941,0.014981249999990637,0.01689374999998944,0.03334999999997915,0.029512499999981553,0.030399999999981,0.04699374999997063,0.040812499999974494,0.049799999999968876,0.18226874999988607,0.17721874999988924,0.21092499999986816,0.30073124999981204,0.35128749999978043,0.313562499999804,0.1974187499998766,0.19941249999987537,0.17157499999989276,0.08227499999994858,0.0723249999999548,0.0766312499999521,0.042093749999973694,0.03646249999997721,0.04222499999997361,0.04262499999997336,0.0339187499999788,0.0396812499999752,0.05529999999996544,0.044068749999972456,0.04830624999996981
tag.txt,0.019606249999987745,0.017881249999988823,0.019081249999988073,0.036556249999977156,0.03273749999997954,0.035512499999977805,0.05240624999996724,0.046443749999970974,0.05469999999996581,0.17879999999988824,0.17970624999988768,0.20788749999987008,0.27624374999982737,0.3059624999998088,0.2770749999998268,0.19719999999987675,0.20609374999987118,0.17656249999988965,0.08794999999994503,0.0830562499999481,0.08600624999994624,0.0462437499999711,0.04052499999997467,0.04513124999997179,0.046624999999970856,0.03826874999997608,0.043962499999972524,0.05836874999996352,0.04932499999996917,0.0540812499999662
tag.txt,0.016562499999989648,0.012906249999991933,0.013399999999991625,0.02867499999998208,0.026362499999983524,0.026956249999983153,0.04813124999996992,0.04258749999997338,0.046612499999970865,0.19688124999987694,0.1900749999998812,0.1971312499998768,0.3493124999997817,0.39641874999975224,0.37229374999976733,0.16793124999989503,0.16446874999989722,0.17095624999989315,0.06704999999995809,0.06124999999996172,0.06281249999996075,0.043206249999972995,0.03889999999997569,0.03913749999997554,0.03706874999997683,0.03052499999998092,0.031668749999980206,0.045181249999971765,0.03650624999997718,0.039031249999975606
tag.txt,0.0219187499999863,0.018824999999988233,0.01987499999998758,0.03324999999997922,0.030631249999980854,0.03316249999997927,0.05194999999996753,0.04684999999997072,0.05304374999996685,0.1900624999998812,0.18717499999988302,0.18951249999988157,0.3020999999998112,0.3335562499997915,0.31263124999980463,0.1862499999998836,0.19268124999987957,0.1878437499998826,0.0830499999999481,0.07611874999995243,0.0766249999999521,0.043049999999973096,0.0388874999999757,0.042243749999973594,0.038149999999976154,0.032168749999979894,0.035862499999977586,0.050218749999968615,0.043106249999973055,0.04919999999996925
tag.txt,0.015274999999990452,0.01303749999999185,0.01319999999999175,0.029562499999981524,0.02518124999998426,0.025687499999983945,0.047556249999970275,0.04256874999997339,0.04698749999997063,0.2043124999998723,0.19783749999987635,0.2039624999998725,0.3513687499997804,0.3955187499997528,0.37212499999976745,0.161581249999899,0.1603124999998998,0.16579999999989636,0.06674374999995829,0.05982499999996261,0.06193749999996129,0.04404374999997247,0.0385624999999759,0.03956249999997527,0.0366437499999771,0.03089374999998069,0.032168749999979894,0.04291249999997318,0.036262499999977334,0.03856874999997589
tag.txt,0.01820624999998862,0.014349999999991031,0.015506249999990309,0.03106874999998058,0.02582499999998386,0.0281624999999824,0.054737499999965786,0.0478437499999701,0.053524999999966544,0.20216249999987365,0.2014312499998741,0.20547499999987157,0.3068624999998082,0.3520749999997799,0.32947499999979407,0.17344999999989158,0.1817749999998864,0.17778749999988888,0.07669999999995206,0.06755624999995778,0.06969374999995644,0.04539999999997162,0.03803749999997623,0.042087499999973695,0.041324999999974174,0.03227499999997983,0.03495624999997815,0.05008749999996869,0.03883124999997573,0.04333124999997292
tag.txt,0.015381249999990387,0.01254374999999216,0.012868749999991958,0.03306874999997933,0.024849999999984468,0.025412499999984118,0.05601249999996499,0.03861874999997586,0.04325624999997296,0.1971312499998768,0.20011874999987492,0.2084374999998697,0.31473749999980327,0.39206249999975495,0.3650562499997718,0.17698749999988939,0.16070624999989955,0.17018749999989363,0.07083749999995573,0.06364374999996023,0.06501874999995937,0.04417499999997239,0.0392062499999755,0.03847499999997595,0.04027499999997483,0.0323124999999798,0.0329624999999794,0.05139374999996788,0.035937499999977536,0.038324999999976045
tag.txt,0.02226874999998608,0.01636874999998977,0.0169624999999894,0.04233124999997354,0.027418749999982863,0.028843749999981974,0.067206249999958,0.044806249999971993,0.0489624999999694,0.18677499999988326,0.19706874999987684,0.19878749999987574,0.25889374999983816,0.3428749999997857,0.32874374999979455,0.1785562499998884,0.18523749999988423,0.1849624999998844,0.08102499999994936,0.07367499999995396,0.07359374999995401,0.052362499999967275,0.038918749999975674,0.039862499999975085,0.04620624999997112,0.033737499999978916,0.035424999999977856,0.06437499999995977,0.03989374999997507,0.04385624999997259
tag.txt,0.01742499999998911,0.013399999999991625,0.013893749999991316,0.034212499999978614,0.02505624999998434,0.0247999999999845,0.06034999999996228,0.040468749999974706,0.04366249999997271,0.19288749999987945,0.19894999999987564,0.2065749999998709,0.30827499999980734,0.39354374999975406,0.37404999999976624,0.17865624999988833,0.15876249999990077,0.1644499999998972,0.07147499999995532,0.06302499999996061,0.06373749999996016,0.04451874999997218,0.038668749999975834,0.03831249999997605,0.03946249999997534,0.03233749999997979,0.03223124999997985,0.05273749999996704,0.035787499999977636,0.03828749999997607
tag.txt,0.02834999999998228,0.017481249999989075,0.01829999999998856,0.05188124999996757,0.02883124999998198,0.030412499999980993,0.07496874999995315,0.04488124999997195,0.048249999999969845,0.17399374999989126,0.19398124999987876,0.1953437499998779,0.23141249999985536,0.34838749999978225,0.3337499999997914,0.16436249999989727,0.18168749999988645,0.18242499999988598,0.08219999999994862,0.07123749999995548,0.07141249999995537,0.06104374999996185,0.03883124999997573,0.040212499999974866,0.053193749999966754,0.03366249999997896,0.03497499999997814,0.07859374999995088,0.04101874999997436,0.044918749999971926
tag.txt,0.026006249999983747,0.022274999999986077,0.022437499999985976,0.04233124999997354,0.03705624999997684,0.04356874999997277,0.054224999999966106,0.046624999999970856,0.060456249999962214,0.17613749999988992,0.17796249999988878,0.183962499999885,0.2712624999998305,0.3158624999998026,0.27874374999982576,0.16503124999989685,0.18038749999988726,0.17431874999989105,0.08042499999994973,0.07781874999995136,0.0775999999999515,0.05614999999996491,0.04673749999997079,0.05244999999996722,0.059874999999962576,0.04353124999997279,0.04613749999997117,0.06855624999995716,0.05174374999996766,0.0603249999999623
tag.txt,0.02054374999998716,0.017818749999988864,0.017174999999989265,0.03596874999997752,0.033106249999979305,0.0385562499999759,0.0486374999999696,0.042168749999973644,0.05109999999996806,0.1817312499998864,0.17826249999988858,0.18489374999988445,0.33527499999979044,0.38541249999975913,0.3491624999997818,0.15076874999990578,0.1489687499999069,0.1590437499999006,0.06593749999995879,0.06052499999996217,0.06060624999996212,0.05126874999996796,0.04666874999997083,0.049962499999968775,0.053368749999966644,0.043031249999973105,0.041843749999973846,0.05649999999996469,0.044037499999972474,0.047656249999970215
tag.txt,0.027012499999983116,0.023493749999985315,0.0247999999999845,0.04146874999997408,0.03676249999997702,0.045249999999971716,0.055093749999965566,0.04803749999996998,0.06069999999996206,0.17527499999989046,0.17733124999988917,0.18137499999988663,0.27894999999982567,0.3166437499998021,0.27514374999982805,0.1667187499998958,0.18171249999988642,0.17203749999989248,0.0803124999999498,0.07717499999995177,0.07690624999995194,0.05366874999996646,0.04454374999997216,0.051987499999967504,0.0542437499999661,0.04138749999997413,0.04689999999997069,0.06725624999995797,0.05291249999996693,0.06489999999995943
tag.txt,0.02148749999998657,0.017768749999988894,0.017362499999989147,0.03493749999997817,0.03323749999997923,0.039449999999975345,0.047893749999970064,0.0427187499999733,0.051756249999967655,0.1809312499998869,0.17849374999988843,0.18341874999988536,0.34691874999978317,0.3906187499997559,0.35384374999977886,0.15208749999990495,0.1505624999999059,0.15899374999990062,0.06501874999995937,0.060487499999962197,0.06264374999996085,0.04989374999996882,0.04605624999997122,0.04856874999996964,0.046106249999971184,0.0371187499999768,0.037218749999976736,0.054724999999965794,0.042937499999973164,0.04674374999997079
tag.txt,0.02217499999998614,0.018474999999988452,0.019143749999988035,0.040487499999974697,0.033299999999979187,0.03667499999997708,0.05401874999996624,0.04658749999997088,0.05026249999996858,0.17723124999988923,0.1830562499998856,0.18153124999988654,0.2936624999998165,0.3436124999997852,0.32685624999979573,0.1895749999998815,0.1905874999998809,0.19371874999987893,0.08245624999994847,0.07331874999995418,0.07611249999995243,0.04564374999997147,0.04009374999997494,0.041587499999974006,0.03836874999997602,0.02849374999998219,0.029624999999981486,0.05638124999996476,0.04247499999997345,0.044487499999972195
tag.txt,0.017281249999989198,0.014518749999990926,0.014599999999990875,0.036699999999977063,0.03126874999998046,0.03416874999997865,0.049449999999969095,0.0420812499999737,0.044899999999971935,0.1849499999998844,0.18866249999988208,0.18698124999988314,0.3415562499997865,0.3998312499997501,0.38503749999975934,0.17101249999989313,0.1534437499999041,0.16024999999989983,0.06945624999995659,0.062093749999961194,0.0632187499999605,0.04469999999997206,0.04219999999997363,0.043718749999972675,0.03579374999997763,0.02838124999998226,0.028568749999982143,0.049099999999969314,0.03751874999997655,0.0385562499999759
tag.txt,0.02359999999998525,0.02065624999998709,0.021006249999986872,0.040631249999974604,0.03502499999997811,0.03761249999997649,0.0537624999999664,0.045687499999971445,0.04913124999996929,0.1763374999998898,0.18104999999988683,0.18188749999988632,0.29066249999981836,0.3378249999997889,0.32165624999979897,0.19068124999988081,0.19068124999988081,0.19419374999987862,0.08146249999994909,0.07477499999995327,0.07676874999995202,0.04583124999997135,0.0409499999999744,0.041837499999973854,0.038068749999976205,0.028331249999982294,0.029162499999981772,0.05896249999996315,0.045018749999971866,0.04674374999997079
tag.txt,0.01633124999998979,0.014074999999991204,0.014487499999990945,0.03508749999997807,0.02971249999998143,0.03274374999997953,0.050374999999968514,0.042268749999973584,0.04364999999997272,0.19049999999988093,0.193574999999879,0.19196874999988,0.3486062499997821,0.40473749999974706,0.3898812499997563,0.16486249999989697,0.1479937499999075,0.1564874999999022,0.067199999999958,0.06094374999996191,0.06078124999996201,0.04426249999997234,0.04258749999997338,0.04349374999997282,0.034818749999978235,0.027481249999982825,0.028037499999982476,0.04795624999997003,0.036624999999977106,0.03846874999997596
tag.txt,0.013587499999991507,0.01337499999999164,0.013249999999991718,0.02585624999998384,0.02539374999998413,0.025793749999983878,0.04623124999997111,0.04156249999997402,0.046474999999970956,0.20272499999987328,0.1992124999998755,0.20519374999987175,0.3703624999997685,0.40089999999974946,0.3753874999997654,0.166381249999896,0.1532937499999042,0.16371249999989768,0.06241249999996099,0.05787499999996383,0.061068749999961834,0.039618749999975236,0.04073749999997454,0.038937499999975665,0.03292499999997942,0.03063749999998085,0.03146249999998033,0.03989999999997506,0.03701249999997687,0.0387187499999758
tag.txt,0.01940624999998787,0.0183999999999885,0.01894374999998816,0.03116874999998052,0.028524999999982172,0.031206249999980496,0.05256249999996715,0.04678124999997076,0.05299999999996687,0.18968749999988144,0.19264999999987958,0.19256249999987965,0.3212437499997992,0.348812499999782,0.32561249999979647,0.188762499999882,0.18515624999988428,0.18891874999988192,0.07361249999995399,0.06827499999995733,0.07091249999995568,0.04087499999997445,0.03929374999997544,0.040556249999974654,0.03461874999997836,0.03098749999998063,0.032524999999979674,0.04806249999996996,0.0411187499999743,0.045762499999971396
tag.txt,0.014837499999990726,0.014506249999990934,0.014524999999990922,0.026049999999983718,0.025081249999984324,0.02584374999998385,0.04708124999997058,0.043562499999972776,0.04769374999997019,0.20122499999987423,0.19973749999987517,0.20321249999987298,0.3717062499997677,0.3989687499997506,0.37592499999976503,0.16376249999989764,0.1510312499999056,0.16196874999989877,0.06216249999996115,0.05819374999996363,0.059881249999962576,0.03980624999997512,0.04147499999997408,0.04039999999997475,0.03254374999997966,0.03009374999998119,0.030706249999980808,0.040824999999974486,0.03734999999997666,0.0398437499999751
tag.txt,0.018149999999988658,0.017268749999989206,0.017599999999989,0.03081249999998074,0.028699999999982063,0.030443749999980972,0.054387499999966005,0.048849999999969466,0.05537499999996539,0.198431249999876,0.19834374999987603,0.20226874999987357,0.3229499999997982,0.3493687499997816,0.326387499999796,0.17914374999988802,0.17877499999988827,0.1766374999998896,0.06952499999995655,0.06556874999995901,0.06777499999995765,0.0436749999999727,0.04181874999997386,0.043962499999972524,0.035193749999978007,0.030456249999980964,0.03316874999997927,0.047731249999970166,0.04084999999997447,0.04638124999997101
tag.txt,0.02001249999998749,0.015674999999990204,0.017418749999989113,0.03223124999997985,0.02773124999998267,0.032949999999979405,0.05093124999996817,0.044074999999972456,0.056868749999964455,0.1963249999998773,0.1911874999998805,0.19541874999987785,0.32964999999979394,0.38902499999975687,0.3304374999997935,0.16346874999989783,0.16027499999989983,0.17690624999988944,0.06727499999995795,0.05831249999996355,0.0647874999999595,0.046949999999970654,0.040893749999974444,0.04309999999997306,0.04100624999997437,0.03204999999997997,0.034468749999978454,0.0521499999999674,0.04077499999997451,0.047643749999970224
tag.txt,0.02427499999998483,0.021331249999986666,0.026474999999983453,0.036799999999977,0.032518749999979675,0.04502499999997186,0.05493124999996567,0.04693749999997066,0.06847499999995721,0.18313124999988553,0.18132499999988666,0.18099999999988686,0.2940562499998162,0.33499374999979065,0.259199999999838,0.18059374999988712,0.1890874999998818,0.17769999999988895,0.08139374999994912,0.07218124999995489,0.07899999999995062,0.04597499999997127,0.04119374999997425,0.05257499999996714,0.04211249999997368,0.033012499999979364,0.04341249999997287,0.056731249999964546,0.04741874999997036,0.06713749999995804
tag.txt,0.01986874999998758,0.016874999999989454,0.01901249999998812,0.0316874999999802,0.0276812499999827,0.03291249999997943,0.051581249999967764,0.043212499999972995,0.05938124999996289,0.19958749999987527,0.1955124999998778,0.19753124999987653,0.33600624999979,0.3890999999997568,0.3235749999997978,0.156812499999902,0.151993749999905,0.17267499999989208,0.06587499999995883,0.05923749999996298,0.06583749999995885,0.04734374999997041,0.04280624999997325,0.04473124999997204,0.03975624999997515,0.032068749999979954,0.03437499999997851,0.051481249999967824,0.041512499999974056,0.04996874999996877
tag.txt,0.02564374999998397,0.021299999999986687,0.02654374999998341,0.035762499999977646,0.030824999999980736,0.04445624999997221,0.056006249999964994,0.049018749999969365,0.07065624999995584,0.18724374999988297,0.18825624999988233,0.18571249999988393,0.2888249999998195,0.3283374999997948,0.2555749999998403,0.17913749999988804,0.19028124999988108,0.17496249999989064,0.08036249999994978,0.06906249999995684,0.07416249999995365,0.04778749999997013,0.042268749999973584,0.05477499999996577,0.04171874999997392,0.0329624999999794,0.044506249999972186,0.05751249999996406,0.0476874999999702,0.06864999999995709
tag.txt,0.016549999999989656,0.018331249999988544,0.021787499999986384,0.031131249999980543,0.030324999999981048,0.03743124999997661,0.05041249999996849,0.04195624999997378,0.05626874999996483,0.1884874999998822,0.1850999999998843,0.1906999999998808,0.31666249999980206,0.32748124999979533,0.2676374999998327,0.18514374999988428,0.17313749999989178,0.1636749999998977,0.07851249999995093,0.07527499999995295,0.08054374999994966,0.04150624999997406,0.0433562499999729,0.051481249999967824,0.043131249999973045,0.053818749999966366,0.0631937499999605,0.04846249999996971,0.05121874999996799,0.06728124999995795
tag.txt,0.02034999999998728,0.021606249999986497,0.024362499999984775,0.03770624999997643,0.034149999999978656,0.039881249999975076,0.0561624999999649,0.046793749999970755,0.05818124999996364,0.18156249999988652,0.17995624999988752,0.18121874999988674,0.27974999999982514,0.2979874999998138,0.25830624999983853,0.19147499999988032,0.1846249999998846,0.17078124999989325,0.08394999999994752,0.08216874999994865,0.08266874999994833,0.045437499999971605,0.043631249999972734,0.05164374999996772,0.04649374999997094,0.05323749999996673,0.06299374999996063,0.0571124999999643,0.055843749999965095,0.06996249999995627
tag.txt,0.01670624999998956,0.018374999999988515,0.021518749999986552,0.031418749999980365,0.029862499999981335,0.03548124999997782,0.05076249999996827,0.0428874999999732,0.05672499999996455,0.19021249999988113,0.1889499999998819,0.1939312499998788,0.3229499999997982,0.3337937499997914,0.27769374999982643,0.18088124999988694,0.16936874999989415,0.1636374999998977,0.07543124999995285,0.07276874999995452,0.07708749999995182,0.04033124999997479,0.043524999999972794,0.04977499999996889,0.042956249999973155,0.05131249999996793,0.05947499999996283,0.04834999999996978,0.04915624999996928,0.06467499999995958
tag.txt,0.019787499999987634,0.021049999999986843,0.024106249999984935,0.037731249999976416,0.033187499999979254,0.03972499999997517,0.05718124999996426,0.047387499999970384,0.058149999999963654,0.18613749999988366,0.18482499999988447,0.18371874999988516,0.2805124999998247,0.3010687499998118,0.26327499999983545,0.18781249999988262,0.18259374999988587,0.1662624999998961,0.08249374999994843,0.08094999999994941,0.081587499999949,0.046181249999971134,0.044837499999971976,0.0516874999999677,0.0457562499999714,0.05104999999996809,0.06099374999996188,0.05640624999996475,0.053049999999966846,0.07049374999995595
tag.txt,0.016443749999989724,0.0156812499999902,0.01596874999999002,0.02871874999998205,0.027193749999983002,0.027306249999982934,0.045668749999971454,0.04273124999997329,0.04674999999997078,0.2009562499998744,0.19523749999987797,0.20167499999987396,0.35305624999977936,0.3817124999997614,0.360006249999775,0.15269374999990457,0.14994999999990627,0.1565124999999022,0.06343124999996036,0.059618749999962736,0.06349374999996031,0.043974999999972515,0.04323749999997298,0.04254374999997341,0.04691874999997068,0.041812499999973864,0.04066874999997458,0.04813749999996991,0.04282499999997323,0.045074999999971825
tag.txt,0.022981249999985638,0.021724999999986422,0.0225624999999859,0.03443124999997848,0.03340624999997912,0.034912499999978176,0.05238124999996726,0.04902499999996936,0.055424999999965356,0.1858937499998838,0.18514999999988427,0.18614374999988367,0.3004937499998122,0.3196562499998002,0.29880624999981326,0.18450624999988469,0.18600624999988374,0.18524374999988422,0.07594374999995253,0.07453124999995342,0.07673124999995204,0.04588124999997133,0.04220624999997362,0.045787499999971386,0.04333749999997291,0.038487499999975944,0.04059374999997463,0.054149999999966156,0.04980624999996887,0.053793749999966375
tag.txt,0.01689374999998944,0.016468749999989707,0.016437499999989728,0.029037499999981852,0.027799999999982623,0.027781249999982636,0.04598124999997126,0.04388749999997257,0.047987499999970006,0.1972812499998767,0.1921687499998799,0.19765624999987647,0.3609437499997744,0.3845812499997596,0.36404999999977244,0.15657499999990215,0.15203749999990498,0.16040624999989975,0.06253749999996092,0.05941874999996286,0.06254374999996092,0.043299999999972937,0.0422374999999736,0.04216249999997365,0.04103749999997435,0.03853749999997591,0.03692499999997692,0.04641249999997099,0.042862499999973214,0.044049999999972465
tag.txt,0.02137499999998664,0.020662499999987087,0.02134374999998666,0.03230624999997981,0.030762499999980774,0.0324812499999797,0.05331249999996668,0.050312499999968556,0.05526249999996546,0.1915499999998803,0.19139999999988036,0.19277499999987951,0.30954999999980654,0.3253249999997967,0.3067562499998083,0.17811249999988868,0.18041874999988725,0.1788499999998882,0.07403124999995372,0.07107499999995558,0.0739124999999538,0.045356249999971655,0.0428812499999732,0.046118749999971176,0.04240624999997349,0.03874999999997578,0.040006249999975,0.0519999999999675,0.048412499999969744,0.05249374999996719
tag.txt,0.030074999999981204,0.028262499999982336,0.026874999999983204,0.05131249999996793,0.04374374999997266,0.0467249999999708,0.0519937499999675,0.045512499999971555,0.04929999999996919,0.15333124999990416,0.15759999999990149,0.16326874999989796,0.198399999999876,0.23037499999985603,0.23096874999985564,0.15940624999990036,0.17068124999989331,0.17946249999988784,0.08811249999994493,0.0871999999999455,0.08939374999994412,0.06691874999995817,0.06161874999996149,0.057381249999964135,0.11004374999993122,0.10113749999993679,0.08596249999994628,0.0904062499999435,0.07386874999995383,0.07066249999995583
tag.txt,0.027443749999982846,0.02471874999998455,0.024281249999984825,0.047224999999970485,0.04256874999997339,0.04579374999997138,0.052806249999967,0.04697499999997064,0.05128749999996794,0.16185624999989884,0.1630437499998981,0.16713124999989554,0.2230312499998606,0.2597124999998377,0.254443749999841,0.167993749999895,0.17914374999988802,0.1827312499998858,0.09038124999994351,0.08474374999994704,0.08673124999994579,0.061593749999961506,0.05420624999996612,0.054549999999965904,0.09042499999994348,0.08234999999994853,0.07121249999995549,0.07724374999995172,0.06253749999996092,0.061837499999961354
tag.txt,0.031018749999980614,0.029781249999981385,0.02867499999998208,0.05061874999996836,0.04501249999997187,0.04686249999997071,0.052418749999967235,0.04634999999997103,0.04921249999996924,0.1543749999999035,0.1556687499999027,0.16196874999989877,0.211193749999868,0.23559374999985275,0.23733124999985167,0.1671812499998955,0.1732499999998917,0.18373749999988517,0.0867187499999458,0.08789374999994506,0.09060624999994336,0.06316874999996051,0.05831874999996355,0.05386249999996633,0.09787499999993883,0.09385624999994134,0.07869374999995081,0.0854312499999466,0.07427499999995357,0.06904999999995684
tag.txt,0.026231249999983604,0.025274999999984202,0.02376249999998515,0.04565624999997146,0.04035624999997478,0.0423999999999735,0.053718749999966425,0.0471937499999705,0.05213749999996741,0.16666249999989582,0.167987499999895,0.17273749999989205,0.23368749999985394,0.26059374999983714,0.2598249999998376,0.16548749999989656,0.17204999999989246,0.179199999999888,0.08801874999994498,0.08470624999994705,0.08390624999994756,0.060387499999962256,0.05409374999996619,0.05368749999996644,0.08694374999994565,0.08393749999994754,0.0729749999999544,0.07320624999995425,0.06380624999996012,0.059368749999962896
tag.txt,0.02849999999998219,0.027468749999982833,0.027256249999982964,0.04364999999997272,0.039781249999975135,0.046612499999970865,0.052699999999967065,0.045768749999971395,0.05154999999996778,0.16163124999989897,0.1637062499998977,0.164806249999897,0.21824999999986358,0.24728749999984545,0.23179374999985514,0.17599999999989,0.18057499999988713,0.17543749999989036,0.0919874999999425,0.08533749999994666,0.08659374999994587,0.059174999999963014,0.05460624999996587,0.05817499999996364,0.09026874999994358,0.08659374999994587,0.08498749999994688,0.07783749999995135,0.06887499999995696,0.07278749999995451
tag.txt,0.024549999999984657,0.02359999999998525,0.022856249999985714,0.04247499999997345,0.037049999999976845,0.043549999999972784,0.05345624999996659,0.046262499999971084,0.05489374999996569,0.1718062499998926,0.17587499999989006,0.17465624999989085,0.22903749999985684,0.26581874999983385,0.2484499999998447,0.1739312499998913,0.17896249999988814,0.17331874999989166,0.09378124999994139,0.08653749999994591,0.08753749999994528,0.0590437499999631,0.05332499999996667,0.056356249999964775,0.08020624999994987,0.07349999999995406,0.07451874999995342,0.07171249999995517,0.05906874999996308,0.06386249999996009
tag.txt,0.0275187499999828,0.027281249999982948,0.027012499999983116,0.04429999999997231,0.041068749999974334,0.04585624999997134,0.05093124999996817,0.046118749999971176,0.05146874999996783,0.164799999999897,0.1660999999998962,0.1670624999998956,0.23246249999985472,0.2505812499998434,0.23991874999985005,0.17786874999988883,0.17716874999988927,0.17333749999989168,0.08930624999994419,0.08391874999994756,0.08276874999994827,0.0566437499999646,0.054481249999965946,0.057993749999963755,0.08345624999994784,0.08526249999994671,0.08213749999994867,0.07271249999995455,0.06801874999995748,0.07244374999995472
tag.txt,0.023906249999985058,0.024037499999984977,0.022756249999985777,0.04154374999997403,0.03719374999997675,0.041931249999973795,0.05283749999996697,0.04756874999997027,0.054237499999966104,0.17399374999989126,0.17558124999989025,0.17698124999988937,0.2451124999998468,0.26870624999983206,0.2558499999998401,0.1767999999998895,0.17766249999988895,0.17461874999989085,0.09120624999994299,0.08555624999994653,0.08470624999994705,0.05605624999996497,0.051399999999967874,0.05555624999996528,0.07364999999995397,0.07365624999995396,0.0707249999999558,0.06489374999995944,0.05863749999996335,0.06263749999996085
tag.txt,0.015974999999990015,0.016649999999989593,0.022906249999985685,0.03306249999997934,0.03345624999997909,0.04624999999997109,0.045349999999971656,0.04236874999997352,0.05838749999996351,0.18499999999988437,0.17569374999989018,0.16779999999989512,0.3329749999997919,0.3367687499997895,0.259149999999838,0.19450624999987842,0.2090999999998693,0.19512499999987803,0.07701249999995187,0.0758437499999526,0.08786249999994508,0.039862499999975085,0.03603124999997748,0.048068749999969955,0.032612499999979616,0.030212499999981116,0.04548124999997157,0.043643749999972725,0.043874999999972575,0.06896874999995689
tag.txt,0.011674999999992703,0.01251249999999218,0.01958124999998776,0.03189999999998006,0.031587499999980256,0.04147499999997408,0.036793749999977005,0.03475624999997828,0.05070624999996831,0.17347499999989158,0.16027499999989983,0.15831249999990105,0.39961249999975024,0.4055187499997466,0.30283749999981074,0.17727499999988922,0.19301874999987936,0.203231249999873,0.06171249999996143,0.06423124999995986,0.08084374999994948,0.04040624999997475,0.034074999999978706,0.04281249999997324,0.029074999999981827,0.02666874999998333,0.03958749999997526,0.038074999999976204,0.03735624999997665,0.06061249999996212
tag.txt,0.016406249999989745,0.01694374999998941,0.024468749999984708,0.03351249999997905,0.0347124999999783,0.049274999999969205,0.04305624999997309,0.041812499999973864,0.059787499999962634,0.1828687499998857,0.17316874999989176,0.1599874999999,0.3366812499997896,0.3345312499997909,0.24724999999984545,0.19756874999987653,0.20853749999986967,0.19448749999987844,0.07784374999995135,0.07738124999995163,0.09156249999994277,0.0380812499999762,0.036299999999977316,0.04985624999996884,0.031099999999980563,0.031006249999980622,0.04766874999997021,0.0428812499999732,0.045606249999971496,0.07565624999995271
tag.txt,0.010624999999993359,0.011224999999992984,0.021349999999986657,0.031481249999980324,0.030387499999981006,0.0440062499999725,0.035606249999977746,0.033793749999978875,0.050999999999968126,0.17411249999989117,0.16888749999989444,0.15778749999990138,0.4141749999997411,0.41404999999974124,0.2966562499998146,0.17027499999989357,0.17878749999988824,0.19236249999987978,0.05974999999996266,0.062362499999961025,0.07921249999995049,0.04009999999997494,0.036362499999977274,0.04684999999997072,0.02836874999998227,0.027431249999982855,0.04433749999997229,0.035506249999977806,0.036712499999977055,0.06643749999995847
tag.txt,0.010456249999993466,0.010412499999993493,0.010599999999993375,0.023512499999985306,0.022218749999986114,0.02234999999998603,0.0392062499999755,0.03384374999997885,0.03836249999997602,0.20359374999987276,0.19244999999987972,0.21124374999986797,0.32706874999979557,0.3641687499997724,0.344006249999785,0.19673749999987702,0.1969749999998769,0.1966312499998771,0.07464374999995335,0.06738749999995788,0.06957499999995652,0.04027499999997483,0.03726874999997671,0.03524374999997797,0.03991249999997505,0.03504999999997809,0.03156249999998027,0.04459374999997213,0.04022499999997486,0.04042499999997473
tag.txt,0.010262499999993586,0.011193749999993004,0.011543749999992785,0.024893749999984442,0.022581249999985887,0.027462499999982837,0.03863749999997585,0.033799999999978875,0.04198124999997376,0.21138124999986788,0.20826249999986984,0.21827499999986358,0.29783749999981385,0.31368749999980394,0.29288124999981696,0.18261249999988588,0.1860437499998837,0.18535624999988415,0.08317499999994801,0.08168124999994895,0.08504999999994685,0.04796874999997002,0.04654374999997091,0.043699999999972684,0.053549999999966534,0.05011249999996868,0.044724999999972044,0.04968124999996895,0.04609374999997119,0.04902499999996936
tag.txt,0.009181249999994262,0.012868749999991958,0.008768749999994519,0.024474999999984703,0.02548749999998407,0.024343749999984784,0.031412499999980366,0.02620624999998362,0.031674999999980205,0.1961312499998774,0.18189999999988632,0.20491249999987193,0.32518124999979675,0.3419562499997863,0.3326312499997921,0.2067499999998708,0.20393124999987255,0.21109374999986807,0.07172499999995517,0.06716249999995802,0.06973749999995642,0.04333749999997291,0.04646249999997096,0.03812499999997617,0.04074999999997453,0.04394374999997253,0.03161249999998024,0.05105624999996809,0.0500812499999687,0.04709999999997056
tag.txt,0.009862499999993836,0.014312499999991055,0.010949999999993156,0.025612499999983992,0.026174999999983642,0.027543749999982783,0.034131249999978665,0.028818749999981987,0.03630624999997731,0.19946874999987532,0.18614374999988367,0.20626874999987108,0.2685874999998321,0.27957499999982527,0.2686687499998321,0.21402499999986624,0.21332499999986668,0.2257312499998589,0.08011249999994993,0.07805624999995121,0.0819187499999488,0.0500812499999687,0.05219999999996738,0.04120624999997424,0.06469999999995957,0.06903124999995686,0.05211874999996743,0.05341874999996661,0.052362499999967275,0.049287499999969196
tag.txt,0.019937499999987538,0.017581249999989012,0.01817499999998864,0.040981249999974385,0.03217499999997989,0.0374374999999766,0.049531249999969044,0.04264374999997335,0.04709374999997057,0.17271874999989206,0.18155624999988654,0.18313124999988553,0.24663749999984586,0.2843374999998223,0.26797499999983254,0.18514374999988428,0.19803749999987622,0.20011249999987493,0.0900812499999437,0.08624374999994609,0.08516874999994677,0.056181249999964884,0.047031249999970604,0.0465624999999709,0.062181249999961136,0.05031874999996855,0.04984999999996884,0.07660624999995212,0.06007499999996245,0.06449374999995969
tag.txt,0.019037499999988102,0.016762499999989522,0.01670624999998956,0.03717499999997677,0.028712499999982054,0.03563749999997773,0.056518749999964674,0.04477499999997202,0.04971874999996893,0.19304999999987935,0.20466874999987208,0.19998124999987502,0.2542812499998411,0.29478124999981575,0.2707062499998308,0.17175624999989264,0.17438124999989102,0.17811249999988868,0.08764374999994522,0.08610624999994618,0.08556874999994651,0.05351249999996655,0.04891249999996943,0.05022499999996861,0.059099999999963064,0.04881249999996949,0.05150624999996781,0.06792499999995755,0.052087499999967445,0.061837499999961354
tag.txt,0.016687499999989572,0.015156249999990528,0.013793749999991379,0.033556249999979026,0.024937499999984413,0.03111874999998055,0.05304374999996685,0.04150624999997406,0.047481249999970325,0.20029374999987481,0.20924374999986922,0.2041499999998724,0.28313124999982303,0.3367937499997895,0.30403124999980996,0.18155624999988654,0.18249999999988595,0.19218749999987988,0.0782437499999511,0.07530624999995293,0.07549999999995281,0.044649999999972094,0.037474999999976576,0.03955624999997528,0.045587499999971505,0.03399999999997875,0.03656874999997715,0.06324999999996046,0.04308124999997307,0.055612499999965245
tag.txt,0.026231249999983604,0.021531249999986544,0.022712499999985803,0.04648749999997095,0.03349374999997907,0.04349999999997281,0.055681249999965196,0.046474999999970956,0.049706249999968935,0.16584374999989634,0.18180624999988637,0.1753562499998904,0.23094374999985565,0.2846749999998221,0.2541999999998411,0.18679374999988324,0.2012749999998742,0.20115624999987428,0.08903749999994436,0.08212499999994867,0.08318124999994801,0.05393124999996629,0.044056249999972465,0.04709999999997056,0.061843749999961346,0.044481249999972196,0.050468749999968456,0.083206249999948,0.06008124999996245,0.07261874999995462
tag.txt,0.014706249999990808,0.013162499999991773,0.015356249999990402,0.03129999999998044,0.026968749999983145,0.03321874999997924,0.04504374999997185,0.041556249999974024,0.046043749999971226,0.18341874999988536,0.18263124999988586,0.18790624999988256,0.2739437499998288,0.3003124999998123,0.28246874999982347,0.21370624999986643,0.22583124999985885,0.21203124999986747,0.09556874999994026,0.09000624999994375,0.09197499999994252,0.044481249999972196,0.0366499999999771,0.04104374999997435,0.04264999999997334,0.034662499999978336,0.03640624999997725,0.055181249999965515,0.04821874999996986,0.053549999999966534
tag.txt,0.011156249999993028,0.016774999999989517,0.013462499999991585,0.024374999999984766,0.028212499999982366,0.02742499999998286,0.03539999999997787,0.03212499999997992,0.034406249999978496,0.20636249999987102,0.18979374999988138,0.2052687499998717,0.35100624999978064,0.34567499999978396,0.3418999999997863,0.19442499999987847,0.1971374999998768,0.19243749999987972,0.061418749999961615,0.06421249999995987,0.06118749999996176,0.03898124999997564,0.041418749999974115,0.04027499999997483,0.03139374999998038,0.034056249999978715,0.03204999999997997,0.04548124999997157,0.05059374999996838,0.051587499999967756
tag.txt,0.015081249999990574,0.017618749999988987,0.016768749999989518,0.027293749999982943,0.029956249999981276,0.030724999999980795,0.038774999999975766,0.036262499999977334,0.04059374999997463,0.2050999999998718,0.19497499999987813,0.2037062499998727,0.3208312499997995,0.3185749999998009,0.31033124999980605,0.203181249999873,0.20539999999987163,0.20228749999987358,0.06858124999995714,0.0708812499999557,0.07004999999995622,0.03794374999997629,0.039368749999975396,0.04023124999997486,0.033287499999979195,0.03305624999997934,0.031412499999980366,0.0499249999999688,0.05390624999996631,0.053893749999966316
tag.txt,0.00950624999999406,0.009706249999993933,0.009112499999994304,0.02166249999998646,0.01956874999998777,0.022106249999986182,0.033812499999978866,0.032087499999979945,0.03656249999997715,0.19687499999987695,0.19206874999987997,0.2006249999998746,0.33846874999978843,0.3553687499997779,0.34888124999978193,0.21231249999986732,0.219162499999863,0.20901249999986937,0.07849999999995094,0.07403124999995372,0.07245624999995472,0.036443749999977224,0.03298124999997939,0.034649999999978344,0.035206249999978,0.031931249999980045,0.03194374999998004,0.03721249999997674,0.03309374999997931,0.034649999999978344
tag.txt,0.019206249999987997,0.018249999999988595,0.018149999999988658,0.03518749999997801,0.027862499999982585,0.032356249999979776,0.05786249999996384,0.04658749999997088,0.05283124999996698,0.1958187499998776,0.20291249999987318,0.20597499999987126,0.2756999999998277,0.31175624999980517,0.28993749999981877,0.17784999999988885,0.17718749999988925,0.17353749999989154,0.07908124999995057,0.07709374999995182,0.07586874999995258,0.04698124999997064,0.043556249999972776,0.04639374999997101,0.04843124999996973,0.04408124999997245,0.04715624999997053,0.06388124999996007,0.050712499999968304,0.05779374999996388
tag.txt,0.019799999999987626,0.018093749999988692,0.019412499999987867,0.03721249999997674,0.028074999999982454,0.034668749999978335,0.06148749999996157,0.04852499999996967,0.05643124999996473,0.19492499999987817,0.2070562499998706,0.2043374999998723,0.25772499999983894,0.2958687499998151,0.2709374999998307,0.1739562499998913,0.1724562499998922,0.1667062499998958,0.0859187499999463,0.08313749999994804,0.08293749999994816,0.04971874999996893,0.046106249999971184,0.05011249999996868,0.05305624999996684,0.04794999999997003,0.05239999999996725,0.06619999999995863,0.05273124999996704,0.06205624999996121
tag.txt,0.01763124999998898,0.0163187499999898,0.016949999999989408,0.03505624999997809,0.02638124999998351,0.03273749999997954,0.05768124999996395,0.04493124999997192,0.05227499999996733,0.19800624999987623,0.2036499999998727,0.20521874999987175,0.27022499999983113,0.3118437499998051,0.28736874999982037,0.17227499999989232,0.1772937499998892,0.1721749999998924,0.08124374999994922,0.08122499999994924,0.08148749999994907,0.05094374999996816,0.0436749999999727,0.04664374999997085,0.05263124999996711,0.04498749999997188,0.048518749999969676,0.0643062499999598,0.04969374999996894,0.056624999999964606
tag.txt,0.022731249999985794,0.020443749999987222,0.02260624999998587,0.04318124999997301,0.03208124999997995,0.04058749999997463,0.06361249999996024,0.05004999999996872,0.05725624999996422,0.18599999999988376,0.19469374999987832,0.19094374999988065,0.23497499999985313,0.27654374999982717,0.2515749999998428,0.17053124999989341,0.18116874999988677,0.17234999999989228,0.09033124999994355,0.08938749999994414,0.0867124999999458,0.05428749999996607,0.04898749999996938,0.054143749999966156,0.05793124999996379,0.04786249999997009,0.0539249999999663,0.07641874999995224,0.05878124999996326,0.06989999999995632
tag.txt,0.013437499999991602,0.01875624999998828,0.01814374999998866,0.031156249999980526,0.036199999999977375,0.04278749999997326,0.048168749999969895,0.04663749999997085,0.054037499999966224,0.2072062499998705,0.19367499999987894,0.19393749999987878,0.2599062499998376,0.23158749999985526,0.2233437499998604,0.1784187499998885,0.1329812499999169,0.1366374999999146,0.09410624999994119,0.08340624999994788,0.08662499999994586,0.051587499999967756,0.06633749999995854,0.06746249999995783,0.06618124999995864,0.11149374999993032,0.09524999999994047,0.04983124999996885,0.07892499999995067,0.08177499999994889
tag.txt,0.01844999999998847,0.019018749999988115,0.01889374999998819,0.03938749999997538,0.03726874999997671,0.04134999999997416,0.04971249999996893,0.04788124999997007,0.051481249999967824,0.16644999999989596,0.17250624999989217,0.17017499999989363,0.32011874999979995,0.3222687499997986,0.3166562499998021,0.19331249999987918,0.17274374999989203,0.17350624999989156,0.07269999999995456,0.07168749999995519,0.07121874999995549,0.04811249999996993,0.04983749999996885,0.05273749999996704,0.041412499999974116,0.053956249999966274,0.048856249999969466,0.05034374999996853,0.05283124999996698,0.05512499999996555
tag.txt,0.014068749999991206,0.018856249999988216,0.019043749999988098,0.03315624999997928,0.035924999999977544,0.04333749999997291,0.04837499999996977,0.0457562499999714,0.05478124999996576,0.2051374999998718,0.19498749999987813,0.1954937499998778,0.2558187499998401,0.23365624999985396,0.21654374999986467,0.1742124999998911,0.13529999999991543,0.13490624999991568,0.09452499999994092,0.08354374999994778,0.08531874999994668,0.05253124999996717,0.06584999999995884,0.0692624999999567,0.06749374999995782,0.10769999999993268,0.09643124999993972,0.05468124999996583,0.07842499999995098,0.08488124999994695
tag.txt,0.019293749999987942,0.020062499999987462,0.020024999999987483,0.041143749999974284,0.03931874999997543,0.04428124999997232,0.04948749999996907,0.04749374999997032,0.05323749999996673,0.16485624999989695,0.16871874999989456,0.1676812499998952,0.32252499999979845,0.32548124999979655,0.31236249999980475,0.1906999999998808,0.16669999999989582,0.16501249999989687,0.0708812499999557,0.06998749999995625,0.06819374999995738,0.04836874999996977,0.04948749999996907,0.05393124999996629,0.04178749999997388,0.05566249999996521,0.05402499999996623,0.05095624999996815,0.05708749999996432,0.06124999999996172
tag.txt,0.016793749999989505,0.021012499999986868,0.020249999999987344,0.039706249999975185,0.04036249999997477,0.04554374999997154,0.04817499999996989,0.04309999999997306,0.04868749999996957,0.18758124999988277,0.17898124999988813,0.18139999999988662,0.2329624999998544,0.22489374999985945,0.2194999999998628,0.19077499999988076,0.1518437499999051,0.15498124999990315,0.09981249999993762,0.08663749999994586,0.08749999999994532,0.054393749999966004,0.06457499999995964,0.06541874999995911,0.06690624999995819,0.10467499999993458,0.09032499999994355,0.0628937499999607,0.08391874999994756,0.086393749999946
tag.txt,0.016487499999989694,0.01911874999998805,0.01764999999998897,0.033362499999979145,0.033637499999978976,0.037206249999976744,0.04796874999997002,0.04420624999997237,0.04930624999996918,0.18486249999988447,0.18459999999988463,0.18634999999988353,0.2919562499998175,0.28501874999982185,0.28201874999982374,0.19913749999987554,0.1689562499998944,0.1739437499998913,0.08455624999994715,0.07923749999995047,0.07700624999995187,0.04486874999997196,0.053012499999966864,0.05156249999996777,0.045531249999971546,0.06947499999995657,0.06194374999996129,0.05126874999996796,0.06273749999996078,0.06301249999996061
tag.txt,0.01820624999998862,0.021206249999986746,0.02141874999998661,0.04113749999997429,0.039193749999975505,0.047049999999970595,0.04873749999996954,0.044649999999972094,0.05044374999996847,0.18578124999988388,0.18066874999988708,0.18001874999988748,0.2334312499998541,0.2327874999998545,0.21939374999986289,0.18644999999988346,0.1555374999999028,0.1542312499999036,0.09794374999993878,0.08651249999994592,0.0865562499999459,0.05506249999996558,0.06296249999996065,0.06473124999995954,0.06732499999995792,0.09669374999993957,0.08855624999994466,0.0659249999999588,0.07978749999995013,0.08759999999994525
tag.txt,0.016756249999989526,0.019624999999987736,0.019674999999987702,0.034068749999978706,0.035074999999978075,0.039606249999975245,0.04729374999997044,0.043881249999972574,0.04971249999996893,0.18304999999988558,0.18312499999988555,0.18372499999988517,0.2914624999998178,0.2825687499998234,0.2702562499998311,0.20036249999987477,0.16403749999989747,0.16488124999989695,0.08574374999994641,0.07819374999995113,0.07721874999995174,0.043449999999972844,0.052693749999967066,0.05512499999996555,0.046874999999970704,0.07443124999995349,0.06819999999995738,0.05093749999996816,0.06636874999995852,0.07159999999995525
tag.txt,0.03611249999997743,0.033624999999978984,0.03258124999997963,0.057306249999964184,0.04918124999996926,0.05835624999996353,0.05673749999996454,0.05391249999996631,0.05934374999996291,0.14134374999991167,0.15161249999990525,0.14855624999990716,0.15589999999990256,0.1822499999998861,0.17428749999989107,0.15335624999990416,0.16871874999989456,0.16044999999989973,0.10485624999993447,0.1060812499999337,0.10329374999993544,0.07655624999995216,0.06894374999995691,0.07219374999995488,0.11021249999993112,0.09448124999994095,0.0951999999999405,0.10761874999993273,0.09119374999994301,0.09573749999994016
tag.txt,0.03453124999997842,0.03271874999997955,0.03204999999997997,0.056449999999964716,0.049624999999968986,0.05812499999996367,0.055768749999965145,0.05317499999996676,0.059524999999962795,0.13914374999991302,0.15056874999990588,0.1462187499999086,0.16001874999989998,0.1860749999998837,0.17796874999988876,0.15908749999990057,0.16835624999989476,0.1641499999998974,0.10291249999993568,0.10459999999993462,0.09940624999993787,0.07509999999995307,0.06672499999995829,0.07286874999995446,0.1123124999999298,0.0982499999999386,0.09661249999993962,0.10467499999993458,0.0899062499999438,0.09307499999994183
tag.txt,0.030318749999981052,0.029018749999981865,0.029143749999981785,0.0561624999999649,0.048856249999969466,0.05590624999996506,0.051768749999967646,0.04929374999996919,0.05624374999996485,0.14322499999991048,0.15253124999990467,0.1513624999999054,0.1515124999999053,0.17559999999989026,0.16389999999989757,0.15815624999990116,0.16473749999989704,0.15992499999990004,0.10516874999993427,0.10392499999993504,0.10380624999993512,0.0756937499999527,0.06919374999995676,0.07114999999995553,0.12445624999992222,0.11660624999992712,0.11500624999992812,0.10353749999993529,0.0902374999999436,0.09355624999994153
tag.txt,0.03264999999997959,0.031849999999980096,0.031162499999980522,0.054237499999966104,0.049962499999968775,0.057831249999963856,0.05575624999996515,0.053468749999966585,0.05889374999996319,0.14502499999990937,0.15014374999990615,0.14786249999990758,0.17224374999989234,0.19197499999988002,0.18377499999988514,0.16231874999989854,0.16856874999989466,0.16394999999989754,0.10038124999993726,0.10163124999993647,0.09874374999993829,0.07287499999995445,0.06586874999995883,0.07076249999995578,0.10633124999993354,0.09904999999993809,0.09681249999993949,0.09818124999993863,0.08748124999994532,0.09020624999994362
tag.txt,0.03758124999997651,0.03526249999997796,0.03598124999997751,0.05638124999996476,0.05219999999996738,0.05736874999996414,0.06294374999996066,0.05746874999996408,0.06403124999995997,0.14587499999990883,0.14803124999990747,0.1489624999999069,0.17747499999988908,0.20733749999987042,0.18632499999988356,0.16043749999989973,0.18214374999988617,0.1675437499998953,0.10229999999993607,0.100806249999937,0.1022312499999361,0.06945624999995659,0.05988749999996257,0.06657499999995839,0.08317499999994801,0.06706874999995809,0.07339999999995413,0.10437499999993477,0.08979374999994388,0.09758124999993902
tag.txt,0.037831249999976356,0.03579999999997763,0.03598749999997751,0.05641874999996474,0.0529624999999669,0.05941874999996286,0.0614437499999616,0.05693124999996442,0.06284374999996072,0.14714374999990804,0.14617499999990863,0.1446562499999096,0.18219374999988613,0.21049999999986843,0.19338749999987914,0.16299999999989812,0.18154374999988654,0.1673312499998954,0.10123124999993673,0.10093124999993691,0.09914999999993804,0.07011874999995618,0.060381249999962264,0.06847499999995721,0.0795124999999503,0.06604374999995873,0.07253749999995467,0.10110624999993681,0.08873124999994454,0.09621249999993986
tag.txt,0.03501249999997812,0.0329624999999794,0.03374374999997891,0.05526249999996546,0.04899374999996938,0.05488749999996569,0.060056249999962466,0.05642499999996473,0.06278749999996076,0.14938749999990664,0.15164999999990522,0.1516937499999052,0.1788812499998882,0.20791249999987005,0.18732499999988292,0.16056874999989965,0.18263749999988585,0.16700624999989563,0.10391249999993506,0.10312499999993555,0.10369999999993519,0.06989374999995632,0.05974374999996266,0.06554374999995903,0.08640624999994599,0.0700749999999562,0.07801874999995123,0.10061874999993711,0.08647499999994596,0.09529374999994045
tag.txt,0.03494999999997816,0.03463124999997835,0.034074999999978706,0.05469999999996581,0.05244999999996722,0.05837499999996352,0.061593749999961506,0.05724374999996422,0.06324999999996046,0.14988749999990633,0.14888124999990696,0.14614374999990867,0.19623749999987736,0.2158312499998651,0.20421874999987236,0.1665999999998959,0.18363124999988523,0.17056874999989338,0.09818124999993863,0.09803749999993873,0.09735624999993915,0.06701874999995812,0.059368749999962896,0.06589999999995881,0.07521874999995298,0.0632062499999605,0.06844999999995721,0.09561249999994025,0.0867187499999458,0.0916624999999427
tag.txt,0.037656249999976465,0.030437499999980976,0.03144374999998035,0.06710624999995805,0.04723749999997048,0.058668749999963334,0.06469374999995957,0.05685624999996446,0.06454999999995965,0.13553124999991528,0.16054374999989965,0.1532749999999042,0.16299374999989813,0.20946874999986909,0.19046874999988095,0.1667187499998958,0.1860999999998837,0.17287499999989195,0.10624374999993359,0.10366249999993521,0.10493124999993442,0.0721499999999549,0.05937499999996289,0.06521874999995923,0.07468749999995332,0.06178124999996139,0.06648749999995844,0.11221874999992987,0.08453749999994717,0.09208124999994245
tag.txt,0.03676874999997702,0.029893749999981317,0.030331249999981044,0.06554374999995903,0.04689999999997069,0.05736874999996414,0.06583124999995886,0.05749374999996407,0.06443124999995974,0.1393249999999129,0.16296874999989813,0.15576249999990266,0.16710624999989557,0.21323749999986671,0.19708749999987682,0.16643124999989597,0.18510624999988431,0.1724937499998922,0.1047937499999345,0.10309374999993556,0.10114374999993679,0.0699312499999563,0.057381249999964135,0.06558124999995901,0.07459999999995337,0.06129374999996169,0.06513749999995928,0.10966874999993145,0.08263124999994835,0.09066249999994333
tag.txt,0.038756249999975775,0.029481249999981574,0.030681249999980825,0.06691874999995817,0.0449624999999719,0.05445624999996596,0.06485624999995947,0.05633749999996479,0.06349374999996031,0.13561249999991523,0.16549374999989658,0.1601624999998999,0.15897499999990064,0.21635624999986477,0.19556874999987778,0.16453749999989717,0.18470624999988455,0.1756687499998902,0.10370624999993518,0.10235624999993603,0.10219999999993612,0.07372499999995392,0.057049999999964345,0.06308749999996056,0.07845624999995096,0.0627124999999608,0.06641249999995849,0.11445624999992847,0.08054374999994966,0.08826874999994483
tag.txt,0.03844374999997597,0.029956249999981276,0.030824999999980736,0.07027499999995608,0.0476874999999702,0.05896249999996315,0.06443124999995974,0.056537499999964665,0.06458749999995964,0.13483749999991573,0.16204374999989873,0.15226249999990485,0.16039999999989976,0.21786249999986385,0.20034374999987478,0.16034999999989977,0.18226249999988609,0.16995624999989378,0.10354999999993528,0.10091249999993693,0.09858749999993838,0.07326874999995421,0.06008124999996245,0.06836249999995728,0.07916874999995052,0.06260624999996087,0.06692499999995817,0.11527499999992795,0.08004999999994997,0.08918749999994426
tag.txt,0.02071874999998705,0.018993749999988128,0.02524999999998422,0.0574437499999641,0.049787499999968884,0.06778749999995763,0.038487499999975944,0.037562499999976524,0.04188749999997382,0.13858749999991338,0.14570624999990894,0.12713124999992054,0.14996249999990627,0.16860624999989463,0.13364999999991647,0.1902624999998811,0.19933124999987542,0.17323124999989173,0.11238749999992975,0.11542499999992786,0.11062499999993086,0.08059374999994963,0.07258749999995463,0.08661874999994586,0.11117499999993051,0.0996874999999377,0.11409374999992869,0.10038124999993726,0.0923124999999423,0.11972499999992517
tag.txt,0.018468749999988456,0.017624999999988983,0.025674999999983954,0.05716249999996428,0.04967499999996895,0.07289999999995443,0.03291874999997942,0.03248749999997969,0.03403124999997873,0.13492499999991567,0.1406187499999121,0.115206249999928,0.1395437499999128,0.1494437499999066,0.1129624999999294,0.19658749999987712,0.20784999999987008,0.1646562499998971,0.11091249999993068,0.11221874999992987,0.10724999999993297,0.08393124999994754,0.07892499999995067,0.09275624999994203,0.12626874999992108,0.11709999999992682,0.13923749999991297,0.09928124999993795,0.09405624999994121,0.13532499999991543
tag.txt,0.020437499999987226,0.01860624999998837,0.02599999999998375,0.05819999999996363,0.04974999999996891,0.07168749999995519,0.03526249999997796,0.03486874999997821,0.03683124999997698,0.13626249999991483,0.14253124999991093,0.11943124999992535,0.14312499999991055,0.16019999999989987,0.11939374999992537,0.19381874999987886,0.20325624999987296,0.16375624999989766,0.11063749999993085,0.11154374999993029,0.10804374999993248,0.08141874999994911,0.07617499999995239,0.09059999999994338,0.12107499999992433,0.11173124999993017,0.13157499999991776,0.09976249999993765,0.09133749999994291,0.13268124999991707
tag.txt,0.016999999999989374,0.0179187499999888,0.026293749999983566,0.050981249999968135,0.04523124999997173,0.06907499999995682,0.02857499999998214,0.02883124999998198,0.03009374999998119,0.12663124999992084,0.12918749999991927,0.107199999999933,0.1291249999999193,0.14645624999990847,0.10053124999993716,0.20133124999987417,0.2078312499998701,0.1581062499999012,0.10251249999993593,0.10461249999993462,0.09340624999994163,0.08549374999994656,0.08039374999994975,0.09353124999994154,0.16535624999989665,0.15404374999990372,0.1891312499998818,0.09299374999994188,0.08549374999994656,0.1326312499999171
tag.txt,0.01666874999998958,0.014018749999991238,0.017293749999989193,0.031412499999980366,0.03009374999998119,0.035431249999977855,0.05010624999996868,0.04538124999997164,0.05313749999996679,0.18679999999988325,0.17224999999989235,0.16936249999989414,0.3354124999997904,0.3686874999997696,0.3292874999997942,0.21943749999986284,0.24181249999984886,0.23925624999985046,0.07426874999995359,0.05948124999996282,0.06790624999995756,0.029249999999981718,0.021493749999986565,0.026918749999983175,0.019462499999987837,0.014774999999990766,0.01973124999998767,0.03718124999997676,0.032006249999979995,0.041674999999973955
tag.txt,0.016393749999989753,0.014868749999990707,0.020449999999987218,0.03124374999998047,0.030706249999980808,0.03819999999997613,0.046218749999971116,0.04092499999997442,0.04804374999996997,0.17599999999989,0.15861874999990086,0.15429999999990357,0.3596249999997752,0.38513749999975927,0.33128749999979296,0.22024374999986235,0.24919999999984424,0.24495624999984691,0.06859999999995713,0.05724374999996422,0.07115624999995553,0.02684374999998322,0.017668749999988957,0.025324999999984173,0.018649999999988343,0.01345624999999159,0.01969374999998769,0.036181249999977384,0.03217499999997989,0.04658749999997088
tag.txt,0.014956249999990652,0.013324999999991672,0.017574999999989016,0.028731249999982042,0.02764999999998272,0.035924999999977544,0.04813124999996992,0.042937499999973164,0.05412499999996617,0.1969562499998769,0.18141249999988662,0.1714812499998928,0.3413999999997866,0.37078749999976823,0.32274374999979827,0.2145624999998659,0.23542499999985286,0.23699374999985187,0.07278749999995451,0.06057499999996214,0.06983749999995635,0.029049999999981844,0.02243124999998598,0.028793749999982004,0.01896249999998815,0.01468749999999082,0.01966249999998771,0.03446249999997846,0.03076874999998077,0.042862499999973214
tag.txt,0.01443124999999098,0.013506249999991558,0.02206249999998621,0.0294437499999816,0.03030624999998106,0.04134374999997416,0.04521249999997174,0.039368749999975396,0.045749999999971404,0.17916874999988802,0.15938749999990037,0.1484374999999072,0.3661937499997711,0.3889937499997569,0.3211437499997993,0.22756249999985778,0.2518499999998426,0.2530124999998419,0.06399374999996,0.05306874999996683,0.07154999999995527,0.023268749999985457,0.016931249999989417,0.02585624999998384,0.016699999999989563,0.012949999999991905,0.01979374999998763,0.03402499999997873,0.033637499999978976,0.05104999999996809
tag.txt,0.01649374999998969,0.01294374999999191,0.016181249999989888,0.030649999999980842,0.029549999999981532,0.03625624999997734,0.05069374999996831,0.04306249999997309,0.051199999999968,0.18629999999988356,0.17062499999989336,0.16618749999989613,0.33221874999979234,0.37794999999976375,0.332799999999792,0.21683749999986449,0.23916874999985052,0.241581249999849,0.07763124999995148,0.06041249999996224,0.07054999999995591,0.031081249999980576,0.021049999999986843,0.025368749999984144,0.0204749999999872,0.014281249999991074,0.01918124999998801,0.03761874999997649,0.030956249999980652,0.04069374999997456
tag.txt,0.012418749999992238,0.011562499999992773,0.018587499999988384,0.02636874999998352,0.028331249999982294,0.03589374999997757,0.04273124999997329,0.03801874999997624,0.045437499999971605,0.18677499999988326,0.1638437499998976,0.15828124999990106,0.3755749999997653,0.3990062499997506,0.33384374999979133,0.215993749999865,0.24664999999984585,0.2516499999998427,0.06684374999995822,0.054643749999965845,0.07107499999995558,0.025062499999984337,0.016562499999989648,0.02374374999998516,0.01684374999998947,0.01239999999999225,0.017699999999988936,0.03138749999998038,0.028981249999981886,0.04378749999997263
tag.txt,0.013324999999991672,0.01142499999999286,0.01622499999998986,0.02803124999998248,0.02743749999998285,0.03566249999997771,0.04744374999997035,0.041156249999974276,0.05101249999996812,0.20055624999987465,0.18131874999988667,0.17075624999989328,0.34086249999978696,0.3795124999997628,0.32566249999979646,0.2102312499998686,0.2334124999998541,0.24007499999984996,0.075193749999953,0.059874999999962576,0.07131874999995542,0.030693749999980816,0.022149999999986156,0.027306249999982934,0.019512499999987803,0.014112499999991179,0.01916874999998802,0.034149999999978656,0.0295999999999815,0.04281249999997324
tag.txt,0.01214374999999241,0.011031249999993106,0.020762499999987024,0.026474999999983453,0.02777499999998264,0.04003124999997498,0.042874999999973205,0.038756249999975775,0.0451187499999718,0.18530624999988418,0.16072499999989956,0.14609374999990868,0.37720624999976426,0.4029499999997482,0.32986249999979383,0.21924999999986297,0.24790624999984506,0.2505374999998434,0.065593749999959,0.05364999999996647,0.07147499999995532,0.024418749999984737,0.015668749999990208,0.025893749999983815,0.016106249999989934,0.012493749999992192,0.020749999999987032,0.03062499999998086,0.029043749999981848,0.04947499999996908
tag.txt,0.027493749999982817,0.027018749999983112,0.02679999999998325,0.03784999999997635,0.0366374999999771,0.035274999999977956,0.055074999999965575,0.05283749999996697,0.05485624999996572,0.16536249999989663,0.16573749999989643,0.16821874999989486,0.3078562499998076,0.3213249999997992,0.31766249999980145,0.21873749999986328,0.2196874999998627,0.21991874999986255,0.07833749999995104,0.07529374999995295,0.07554999999995278,0.03788124999997632,0.03594999999997753,0.03476874999997827,0.022006249999986245,0.019556249999987778,0.020493749999987192,0.04939999999996912,0.04595624999997128,0.046456249999970965
tag.txt,0.02363124999998523,0.022731249999985794,0.022518749999985925,0.03531249999997793,0.033118749999979304,0.03489374999997819,0.05268749999996707,0.04919999999996925,0.0515249999999678,0.1646249999998971,0.16666874999989584,0.16498749999989687,0.3001562499998124,0.3171374999998018,0.311987499999805,0.2372687499998517,0.24284374999984823,0.24168124999984894,0.08194999999994879,0.07697499999995189,0.07769999999995143,0.03223124999997985,0.02828749999998232,0.02919999999998175,0.02341249999998537,0.019493749999987816,0.02038124999998726,0.04872499999996955,0.043543749999972785,0.0451249999999718
tag.txt,0.028362499999982273,0.02756874999998277,0.026662499999983335,0.03728749999997669,0.03725624999997672,0.03601249999997749,0.05524374999996547,0.053618749999966485,0.0563249999999648,0.16507499999989683,0.16246874999989847,0.16506249999989683,0.30699999999980815,0.32198749999979875,0.31706874999980184,0.21891249999986317,0.2188499999998632,0.22033124999986228,0.0795124999999503,0.07686249999995196,0.07661874999995211,0.03793124999997629,0.03625624999997734,0.03532499999997792,0.021668749999986456,0.019431249999987854,0.020168749999987395,0.04900624999996937,0.04569999999997144,0.04642499999997098
tag.txt,0.025431249999984105,0.02513124999998429,0.02471874999998455,0.03633749999997729,0.034493749999978444,0.03529999999997794,0.05556249999996527,0.05350624999996656,0.05539999999996537,0.16696249999989565,0.1687749999998945,0.16714999999989552,0.297574999999814,0.3084562499998072,0.3070999999998081,0.23005624999985622,0.23206874999985497,0.23076874999985578,0.08057499999994965,0.07867499999995083,0.07806874999995121,0.035156249999978025,0.03266874999997958,0.032268749999979834,0.02350624999998531,0.020531249999987167,0.02179374999998638,0.048837499999969475,0.04569374999997144,0.04743124999997036
tag.txt,0.02683124999998323,0.025081249999984324,0.024868749999984455,0.03591874999997755,0.034324999999978546,0.034724999999978294,0.0553624999999654,0.054131249999966165,0.05725624999996422,0.17599374999989,0.17325624999989173,0.17613749999988992,0.30284374999981073,0.32246874999979847,0.311974999999805,0.2051124999998718,0.20798749999987,0.2074937499998703,0.08312499999994805,0.0774312499999516,0.07766874999995145,0.041756249999973905,0.038331249999976044,0.038399999999976,0.024806249999984497,0.022112499999986178,0.02387499999998508,0.048249999999969845,0.04487499999997195,0.04759999999997025
tag.txt,0.02209374999998619,0.02062499999998711,0.021112499999986805,0.03227499999997983,0.030318749999981052,0.03294374999997941,0.049787499999968884,0.048168749999969895,0.0521499999999674,0.17367499999989144,0.17036874999989352,0.17196249999989252,0.3106874999998058,0.32963749999979397,0.31474374999980326,0.22299374999986063,0.23318124999985426,0.23056874999985588,0.08429374999994732,0.07627499999995233,0.0774499999999516,0.034062499999978714,0.028762499999982025,0.03163124999998023,0.02451249999998468,0.02084999999998697,0.022424999999985984,0.04561874999997149,0.041812499999973864,0.04501249999997187
tag.txt,0.02622499999998361,0.024949999999984405,0.02444999999998472,0.03511249999997806,0.034549999999978404,0.0350437499999781,0.05546874999996533,0.053974999999966265,0.05678124999996451,0.17653749999988966,0.17329999999989168,0.1756749999998902,0.30749374999980783,0.32537499999979663,0.3153687499998029,0.2076687499998702,0.20853749999986967,0.21000624999986875,0.08035624999994978,0.07548749999995281,0.07571874999995268,0.039943749999975034,0.03818124999997614,0.038599999999975876,0.02385624999998509,0.021331249999986666,0.022381249999986013,0.04733749999997042,0.044312499999972305,0.04597499999997127
tag.txt,0.02391874999998505,0.022399999999986,0.02264374999998585,0.033112499999979304,0.033118749999979304,0.03506874999997808,0.054331249999966046,0.05104999999996809,0.05518749999996551,0.17509374999989055,0.17331874999989166,0.1726562499998921,0.3017687499998114,0.31795624999980127,0.3076374999998077,0.2188937499998632,0.22300624999986063,0.22108749999986183,0.08471249999994705,0.07894374999995066,0.0798499999999501,0.03630624999997731,0.03369374999997894,0.03451874999997843,0.02502499999998436,0.021906249999986308,0.024006249999984994,0.04683749999997073,0.04460624999997212,0.04734374999997041
tag.txt,0.022168749999986144,0.021474999999986578,0.021206249999986746,0.032362499999979776,0.03203124999997998,0.032349999999979784,0.04954999999996903,0.049687499999968944,0.05099374999996813,0.1739124999998913,0.171199999999893,0.17801249999988875,0.3337749999997914,0.3480499999997825,0.33586249999979007,0.20939374999986912,0.20598124999987127,0.20521874999987175,0.07483749999995323,0.07108124999995558,0.07364999999995397,0.035587499999977755,0.03538124999997789,0.03573124999997767,0.024337499999984788,0.023306249999985432,0.024374999999984766,0.044074999999972456,0.04180624999997387,0.042599999999973374
tag.txt,0.023987499999985007,0.023718749999985175,0.023387499999985382,0.033737499999978916,0.03256249999997965,0.03358124999997901,0.05341249999996662,0.05273749999996704,0.05571874999996518,0.18428124999988482,0.18446874999988472,0.18513124999988428,0.2981999999998136,0.3084562499998072,0.30081249999981197,0.20651874999987094,0.2073624999998704,0.2043312499998723,0.08523124999994673,0.08236249999994852,0.08403124999994747,0.03945624999997534,0.03811874999997618,0.03911874999997555,0.02731249999998293,0.024918749999984426,0.026999999999983124,0.04786249999997009,0.04529374999997169,0.046887499999970696
tag.txt,0.0225624999999859,0.02204999999998622,0.021693749999986443,0.03159999999998025,0.0321562499999799,0.0323124999999798,0.05256249999996715,0.051324999999967924,0.05434374999996604,0.18233124999988604,0.17931874999988792,0.18440624999988475,0.32183124999979884,0.3351749999997905,0.32250624999979843,0.20361249999987274,0.20069999999987456,0.20093749999987442,0.07688124999995195,0.07346249999995409,0.07656249999995215,0.038499999999975935,0.03891249999997568,0.03762499999997648,0.025512499999984055,0.023849999999985095,0.025449999999984093,0.04460624999997212,0.043049999999973096,0.0441624999999724
tag.txt,0.01697499999998939,0.016768749999989518,0.01697499999998939,0.02755624999998278,0.026599999999983377,0.028293749999982316,0.04749374999997032,0.045962499999971276,0.048681249999969575,0.18567499999988396,0.18349374999988532,0.18681249999988325,0.3269749999997956,0.33761874999978897,0.3260874999997962,0.2196999999998627,0.22380624999986012,0.21928124999986295,0.07718124999995177,0.07516249999995302,0.0771062499999518,0.03213749999997991,0.029562499999981524,0.03148749999998032,0.025699999999983937,0.022774999999985765,0.02494374999998441,0.04060624999997462,0.038249999999976095,0.04033124999997479
tag.txt,0.025449999999984093,0.024674999999984577,0.0238374999999851,0.03555624999997778,0.03494374999997816,0.03502499999997811,0.05596874999996502,0.05306874999996683,0.05702499999996436,0.1830249999998856,0.18131874999988667,0.18723749999988298,0.29431874999981605,0.3122624999998048,0.2977437499998139,0.18326874999988546,0.18473749999988454,0.1866937499998833,0.07958749999995025,0.07545624999995285,0.07782499999995136,0.04564374999997147,0.042937499999973164,0.04358749999997276,0.04024374999997485,0.0371187499999768,0.03708749999997682,0.05693749999996441,0.053481249999966576,0.05393749999996629
tag.txt,0.02323124999998548,0.022693749999985816,0.022649999999985845,0.034218749999978613,0.03217499999997989,0.035006249999978124,0.052968749999966896,0.050999999999968126,0.055168749999965516,0.18358124999988526,0.17994374999988755,0.1814062499998866,0.2809624999998244,0.2979187499998138,0.28456249999982214,0.1953749999998779,0.20454374999987215,0.1998624999998751,0.08778124999994513,0.0872062499999455,0.08814999999994491,0.044131249999972415,0.0391999999999755,0.04221249999997362,0.042443749999973475,0.03546249999997784,0.037224999999976735,0.05530624999996543,0.04985624999996884,0.0537562499999664
tag.txt,0.02439999999998475,0.024037499999984977,0.023431249999985356,0.034137499999978664,0.03409999999997869,0.03374374999997891,0.05434374999996604,0.05194999999996753,0.055512499999965305,0.18565624999988398,0.18156249999988652,0.18711874999988304,0.3002562499998123,0.31798749999980125,0.3054187499998091,0.1884749999998822,0.187168749999883,0.18919999999988174,0.07701874999995187,0.07453749999995342,0.075193749999953,0.043556249999972776,0.04237499999997352,0.042693749999973316,0.038068749999976205,0.03575624999997765,0.035962499999977526,0.0540874999999662,0.05052499999996842,0.05172499999996767
tag.txt,0.025543749999984034,0.02491249999998443,0.02434999999998478,0.03658749999997713,0.034762499999978276,0.03641249999997724,0.05698749999996438,0.05341874999996661,0.05879374999996325,0.18265624999988583,0.18312499999988555,0.18437499999988477,0.27489999999982817,0.289581249999819,0.2793812499998254,0.18914999999988177,0.19381249999987887,0.1915374999998803,0.08914999999994429,0.08721874999994549,0.0876874999999452,0.04668749999997082,0.043874999999972575,0.044331249999972296,0.04073749999997454,0.03579374999997763,0.0375999999999765,0.057599999999964,0.05349999999996656,0.055531249999965296
tag.txt,0.021268749999986708,0.019843749999987597,0.018781249999988262,0.02963124999998148,0.02857499999998214,0.029931249999981292,0.04590624999997131,0.04357499999997277,0.04931874999996918,0.17496249999989064,0.17068124999989331,0.17506874999989058,0.3338999999997913,0.3595624999997753,0.3436562499997852,0.21880624999986326,0.21928749999986294,0.22396249999986,0.07628124999995232,0.07059999999995588,0.07102499999995561,0.032756249999979524,0.029812499999981368,0.02971249999998143,0.02379374999998513,0.020243749999987348,0.020324999999987298,0.042693749999973316,0.037818749999976364,0.03821874999997611
tag.txt,0.0198374999999876,0.01867499999998833,0.018487499999988444,0.028712499999982054,0.026999999999983124,0.030187499999981132,0.04817499999996989,0.044924999999971925,0.051406249999967873,0.18328124999988546,0.18131874999988667,0.18214374999988617,0.31800624999980126,0.33691249999978945,0.3205124999997997,0.22016874999986238,0.22454374999985965,0.2257437499998589,0.08253749999994842,0.07769999999995143,0.0769437499999519,0.03331249999997918,0.030243749999981098,0.03089374999998069,0.025574999999984017,0.02124374999998672,0.02316874999998552,0.040393749999974755,0.0374374999999766,0.04051249999997468
tag.txt,0.019681249999987698,0.01910624999998806,0.018374999999988515,0.028799999999982,0.027081249999983074,0.02814374999998241,0.04788749999997007,0.04530624999997168,0.050043749999968724,0.1847874999998845,0.17989999999988757,0.18594374999988378,0.33339999999979164,0.3577312499997764,0.33856874999978837,0.21114374999986804,0.21121874999986798,0.2171187499998643,0.07628124999995232,0.07035624999995603,0.07213749999995492,0.03402499999997873,0.031593749999980256,0.03065624999998084,0.02363124999998523,0.020293749999987315,0.020712499999987054,0.04036249999997477,0.03741249999997662,0.03829999999997606
tag.txt,0.017724999999988923,0.01571249999999018,0.016118749999989926,0.02855624999998215,0.025299999999984186,0.028818749999981987,0.044331249999972296,0.0409499999999744,0.04714999999997053,0.1774187499998891,0.17475624999989078,0.17913749999988804,0.3235374999997978,0.35063124999978085,0.3289437499997944,0.2220687499998612,0.23174374999985517,0.23111874999985554,0.08148124999994907,0.07475624999995328,0.07661874999995211,0.03250624999997968,0.028249999999982345,0.02889374999998194,0.02888124999998195,0.02193124999998629,0.023706249999985184,0.04349374999997282,0.03596874999997752,0.03949374999997532
tag.txt,0.03219374999997988,0.029881249999981326,0.028149999999982408,0.044793749999972,0.040124999999974924,0.041924999999973796,0.06156249999996152,0.05368749999996644,0.05847499999996345,0.17062499999989336,0.17267499999989208,0.17532499999989043,0.2126374999998671,0.251218749999843,0.24694999999984565,0.1643124999998973,0.17676249999988952,0.18616874999988364,0.0961624999999399,0.09190624999994255,0.0951937499999405,0.060637499999962104,0.05333749999996666,0.05016249999996865,0.07418124999995364,0.06199999999996125,0.0521499999999674,0.0828937499999482,0.06840624999995724,0.06549999999995906
tag.txt,0.028456249999982215,0.026631249999983356,0.025162499999984274,0.04569374999997144,0.038581249999975885,0.04161874999997399,0.057143749999964286,0.051418749999967865,0.05699374999996438,0.16904374999989435,0.17404374999989122,0.17741249999988912,0.20584999999987133,0.23574999999985266,0.23513749999985303,0.15639999999990226,0.16917499999989427,0.1764437499998897,0.09566249999994021,0.09559999999994025,0.09857499999993839,0.06489999999995943,0.05756874999996402,0.053712499999966426,0.09333749999994166,0.08049999999994968,0.06664999999995834,0.08351249999994781,0.0707312499999558,0.06829374999995731
tag.txt,0.032024999999979986,0.029737499999981414,0.0283249999999823,0.044912499999971926,0.04025624999997484,0.041143749999974284,0.06101874999996186,0.05442499999996599,0.06008124999996245,0.1755499999998903,0.17739374999988913,0.17881874999988823,0.22012499999986243,0.2537999999998414,0.24890624999984443,0.16504374999989685,0.17608124999988994,0.18360624999988526,0.09161249999994274,0.0894437499999441,0.09210624999994244,0.05946874999996283,0.0523124999999673,0.050199999999968624,0.07053124999995591,0.05956874999996277,0.05129999999996794,0.07971249999995018,0.06698124999995814,0.06551249999995905
tag.txt,0.030487499999980947,0.028456249999982215,0.026931249999983167,0.04631874999997105,0.04046249999997471,0.04350624999997281,0.06014374999996241,0.05554374999996529,0.05993124999996254,0.17238749999989225,0.17613749999988992,0.17800624999988873,0.20556249999987153,0.23043124999985598,0.2286312499998571,0.15358124999990402,0.16556249999989653,0.17474999999989077,0.09385624999994134,0.09579999999994013,0.0945437499999409,0.06535624999995915,0.05949374999996282,0.056099999999964935,0.08648749999994594,0.07598749999995251,0.06605624999995871,0.08581874999994636,0.07212499999995492,0.07154374999995529
tag.txt,0.02230624999998606,0.024206249999984872,0.025012499999984367,0.03676874999997702,0.033981249999978765,0.03734999999997666,0.05821874999996361,0.05084999999996822,0.060806249999961995,0.1815812499998865,0.18933749999988167,0.19213749999987992,0.27400624999982875,0.28151249999982403,0.25418124999984115,0.20541249999987163,0.18272499999988578,0.17656249999988965,0.09018749999994363,0.09052499999994341,0.0905624999999434,0.04216249999997365,0.046731249999970796,0.050731249999968295,0.03579374999997763,0.045612499999971495,0.050387499999968506,0.053562499999966526,0.05451874999996593,0.062268749999961084
tag.txt,0.02196874999998627,0.021868749999986333,0.023224999999985483,0.038931249999975666,0.033543749999979035,0.03966874999997521,0.056549999999964656,0.048406249999969744,0.05698749999996438,0.177593749999889,0.18773124999988267,0.1867187499998833,0.2625499999998359,0.27831249999982605,0.2542249999998411,0.19398124999987876,0.17416249999989114,0.16569374999989644,0.09180624999994262,0.08844374999994473,0.08584374999994634,0.04758124999997026,0.0502374999999686,0.054924999999965675,0.04794999999997003,0.05862499999996336,0.06278124999996076,0.06108749999996182,0.058668749999963334,0.0699312499999563
tag.txt,0.022074999999986203,0.023174999999985516,0.023193749999985504,0.037637499999976474,0.033899999999978815,0.03729374999997669,0.05863749999996335,0.051331249999967916,0.05971874999996268,0.1809499999998869,0.1912124999998805,0.19409999999987868,0.27814999999982615,0.28674999999982076,0.2642062499998349,0.20228749999987358,0.18441249999988474,0.17784999999988885,0.08697499999994564,0.08638124999994601,0.08708124999994557,0.04299374999997313,0.04626874999997108,0.04890624999996943,0.036043749999977476,0.0440062499999725,0.04759999999997025,0.054249999999966096,0.05256249999996715,0.06004999999996247
tag.txt,0.022406249999985996,0.02454374999998466,0.025574999999984017,0.03989999999997506,0.03634999999997728,0.04306874999997308,0.058331249999963544,0.05142499999996786,0.057649999999963966,0.17700624999988937,0.18257499999988588,0.18042499999988723,0.259231249999838,0.25829374999983856,0.24236249999984852,0.20202499999987372,0.17489374999989069,0.16712499999989555,0.09293124999994191,0.09169374999994269,0.0899124999999438,0.045431249999971605,0.05300624999996687,0.0577687499999639,0.04402499999997248,0.061512499999961556,0.06231874999996105,0.0587124999999633,0.06570624999995893,0.07379374999995388
tag.txt,0.030649999999980842,0.029549999999981532,0.02883124999998198,0.045862499999971336,0.0414374999999741,0.04503749999997185,0.059687499999962694,0.053012499999966864,0.05886874999996321,0.16739374999989537,0.17040624999989348,0.17229999999989232,0.19594999999987753,0.22400624999986,0.21198749999986752,0.16181249999989886,0.168006249999895,0.16666874999989584,0.09719999999993925,0.0950437499999406,0.0967812499999395,0.0646249999999596,0.059612499999962744,0.05931249999996293,0.09187499999994257,0.0849562499999469,0.0830374999999481,0.08494374999994692,0.07396874999995377,0.07717499999995177
tag.txt,0.03326249999997921,0.03227499999997983,0.031493749999980315,0.04695624999997065,0.04309374999997306,0.04504999999997184,0.06324999999996046,0.05785624999996384,0.06408749999995994,0.17123124999989298,0.17383749999989134,0.17536874999989038,0.20163124999987397,0.22301249999986061,0.21497499999986563,0.1491562499999068,0.1569312499999019,0.15314999999990428,0.09290624999994193,0.09205624999994247,0.09188749999994257,0.06682499999995824,0.0614374999999616,0.062443749999960975,0.08835624999994478,0.08145624999994909,0.08033749999994978,0.08642499999994599,0.07804374999995123,0.08120624999994924
tag.txt,0.029368749999981646,0.028987499999981882,0.02790624999998256,0.043874999999972575,0.04042499999997473,0.04276249999997327,0.05966249999996271,0.053306249999966686,0.06067499999996208,0.1740499999998912,0.17570624999989018,0.17834999999988854,0.204806249999872,0.2259124999998588,0.21562499999986523,0.15879374999990076,0.16227499999989858,0.1607874999998995,0.09653124999993967,0.09518124999994051,0.0952124999999405,0.062349999999961034,0.06018124999996239,0.06033749999996229,0.08872499999994454,0.08487499999994695,0.08276249999994827,0.08183749999994885,0.07314999999995428,0.07558124999995276
tag.txt,0.025443749999984097,0.025799999999983874,0.024887499999984446,0.048424999999969735,0.043618749999972735,0.04808124999996995,0.05130624999996793,0.04786874999997008,0.05207499999996745,0.16183749999989885,0.1635312499998978,0.16374999999989764,0.18460624999988462,0.1975812499998765,0.19284999999987948,0.15627499999990233,0.15432499999990354,0.15459999999990337,0.0934437499999416,0.09341874999994161,0.09132499999994292,0.0697624999999564,0.0689562499999569,0.06923749999995672,0.11656874999992714,0.11879374999992576,0.11511874999992805,0.09233124999994229,0.08610624999994618,0.08807499999994495
tag.txt,0.017174999999989265,0.017968749999988768,0.024506249999984683,0.03708124999997683,0.034549999999978404,0.0459187499999713,0.042437499999973476,0.03965624999997521,0.04759374999997026,0.16199999999989875,0.15802499999990124,0.14484374999990948,0.27498124999982815,0.28744999999982035,0.23096249999985566,0.2299124999998563,0.2348624999998532,0.22131874999986167,0.09751249999993905,0.0953624999999404,0.10376874999993514,0.041987499999973754,0.04041874999997474,0.05229999999996731,0.043306249999972936,0.03916874999997552,0.05281249999996699,0.05360624999996649,0.052537499999967166,0.07597499999995251
tag.txt,0.012418749999992238,0.01601874999998999,0.030356249999981027,0.033706249999978934,0.03419374999997863,0.06003124999996248,0.04051874999997467,0.03854374999997591,0.04784999999997009,0.18539999999988413,0.17429374999989106,0.13626874999991484,0.26800624999983247,0.2604749999998372,0.16965624999989395,0.20507499999987183,0.21444999999986597,0.17563124999989024,0.09466874999994083,0.09748749999993907,0.10849374999993219,0.04908124999996932,0.048681249999969575,0.07364999999995397,0.0550437499999656,0.054993749999965626,0.08840624999994474,0.05608124999996495,0.06086249999996196,0.10965624999993147
tag.txt,0.015068749999990583,0.015624999999990234,0.02875624999998203,0.035606249999977746,0.033037499999979354,0.05693749999996441,0.04097499999997439,0.03788124999997632,0.04289374999997319,0.17128124999989294,0.16741249999989535,0.13564999999991523,0.2553812499998404,0.26984999999983134,0.18648749999988345,0.22025624999986235,0.22690624999985817,0.19446249999987847,0.0977749999999389,0.09781874999993886,0.10434374999993479,0.04948124999996907,0.04658749999997088,0.0670374999999581,0.054562499999965895,0.049706249999968935,0.07991249999995005,0.059612499999962744,0.055174999999965516,0.1035187499999353
tag.txt,0.009062499999994336,0.013237499999991726,0.027243749999982973,0.030837499999980728,0.030437499999980976,0.06033124999996229,0.028456249999982215,0.026349999999983532,0.033881249999978824,0.16507499999989683,0.15988124999990008,0.12378124999992264,0.22938124999985662,0.23606874999985245,0.13365624999991646,0.22873749999985704,0.228774999999857,0.16744374999989534,0.09659999999993962,0.09893124999993817,0.09445624999994097,0.060981249999961885,0.059962499999962525,0.08619999999994613,0.09059999999994338,0.0902312499999436,0.14481874999990949,0.06026874999996233,0.05612499999996492,0.12818749999991988
tag.txt,0.025524999999984047,0.023568749999985268,0.02328124999998545,0.04711874999997055,0.04156874999997402,0.048506249999969685,0.04762499999997023,0.042862499999973214,0.045274999999971706,0.14489999999990943,0.1468937499999082,0.14789999999990755,0.21475624999986578,0.24874999999984454,0.23943124999985035,0.18146874999988657,0.1868687499998832,0.18516874999988428,0.09125624999994296,0.089606249999944,0.08727499999994545,0.06231874999996105,0.05734374999996416,0.05806249999996371,0.10185624999993634,0.09448749999994094,0.09300624999994186,0.08317499999994801,0.06804999999995746,0.07209374999995494
tag.txt,0.02474999999998453,0.02379374999998513,0.023031249999985605,0.04623124999997111,0.04146874999997408,0.04723124999997048,0.04359374999997275,0.03831249999997605,0.043012499999973114,0.13943124999991285,0.14264999999991085,0.14229374999991107,0.2526124999998421,0.2809499999998244,0.27268749999982955,0.19389374999987882,0.19548749999987783,0.19179374999988014,0.08410624999994744,0.08090624999994943,0.0776124999999515,0.05651249999996468,0.051412499999967866,0.053881249999966324,0.08666874999994584,0.08244374999994847,0.0818999999999488,0.07219999999995487,0.06257499999996088,0.0665562499999584
tag.txt,0.025299999999984186,0.02430624999998481,0.02363124999998523,0.04566249999997146,0.04139374999997413,0.04613124999997117,0.04693124999997067,0.04349999999997281,0.04710624999997056,0.14714999999990802,0.148812499999907,0.1500874999999062,0.2342687499998536,0.25869999999983834,0.2545187499998409,0.18809374999988243,0.18646249999988346,0.18576874999988388,0.09118749999994301,0.08893124999994442,0.08698749999994564,0.05834999999996353,0.054806249999965743,0.05497499999996564,0.08839999999994474,0.08674374999994579,0.08387499999994757,0.07465624999995334,0.06634374999995854,0.06691874999995817
tag.txt,0.024406249999984746,0.023437499999985352,0.02311874999998555,0.044912499999971926,0.042612499999973366,0.046449999999970966,0.04225624999997359,0.03879999999997575,0.04194999999997378,0.1422187499999111,0.14023749999991236,0.14103749999991186,0.26489374999983445,0.2907124999998183,0.2866812499998208,0.19243749999987972,0.1889374999998819,0.1860687499998837,0.07886249999995071,0.07740624999995162,0.07603749999995248,0.05510624999996556,0.05075624999996828,0.0523187499999673,0.08706874999994559,0.08682499999994574,0.08269374999994832,0.0678374999999576,0.06027499999996233,0.06364374999996023
tag.txt,0.022856249999985714,0.020531249999987167,0.02103749999998685,0.03906249999997559,0.03768749999997645,0.0438374999999726,0.050212499999968616,0.04566249999997146,0.05085624999996821,0.16195624999989877,0.153606249999904,0.15734999999990165,0.30930624999980666,0.3495312499997815,0.3196687499998002,0.1899249999998813,0.19716249999987678,0.2038374999998726,0.08003749999994998,0.07561249999995275,0.07843124999995098,0.045687499999971445,0.03869999999997581,0.040381249999974764,0.04393749999997254,0.03394999999997878,0.03351874999997905,0.05701874999996436,0.047556249999970275,0.051081249999968076
tag.txt,0.024556249999984653,0.022787499999985757,0.023131249999985542,0.04188749999997382,0.04178749999997388,0.0476749999999702,0.04580624999997137,0.041768749999973896,0.04660624999997087,0.15076249999990576,0.14153124999991154,0.14733749999990792,0.3433687499997854,0.3778499999997638,0.34668124999978334,0.18142499999988662,0.1833499999998854,0.18758124999988277,0.07133124999995542,0.06738749999995788,0.0694312499999566,0.0451249999999718,0.040124999999974924,0.041843749999973846,0.03990624999997506,0.03385624999997884,0.03555624999997778,0.0558312499999651,0.04955624999996903,0.054156249999966155
tag.txt,0.02404999999998497,0.021668749999986456,0.022381249999986013,0.039431249999975354,0.03865624999997584,0.044412499999972245,0.04920624999996925,0.04531874999997167,0.05096249999996815,0.16016874999989988,0.15329999999990418,0.1563499999999023,0.31793124999980127,0.34951249999978157,0.31833749999980104,0.18619374999988364,0.1945749999998784,0.2022187499998736,0.0798437499999501,0.0758562499999526,0.07739374999995163,0.04425624999997234,0.03857499999997589,0.04006874999997496,0.04199999999997375,0.033374999999979144,0.03435624999997853,0.05691874999996443,0.04916249999996927,0.05351874999996655
tag.txt,0.024499999999984687,0.022343749999986035,0.022981249999985638,0.03949999999997531,0.03988749999997507,0.04521874999997174,0.04606874999997121,0.043012499999973114,0.04664374999997085,0.15485624999990322,0.14580624999990888,0.150412499999906,0.3486187499997821,0.3826374999997609,0.35138749999978036,0.17675624999988954,0.1756874999998902,0.18492499999988443,0.07021249999995612,0.0692687499999567,0.0716749999999552,0.04506249999997183,0.04022499999997486,0.040649999999974595,0.04033124999997479,0.0334312499999791,0.033981249999978765,0.05409374999996619,0.04769999999997019,0.05212499999996742
