filename,lbp_R_0,lbp_G_0,lbp_B_0,lbp_R_1,lbp_G_1,lbp_B_1,lbp_R_2,lbp_G_2,lbp_B_2,lbp_R_3,lbp_G_3,lbp_B_3,lbp_R_4,lbp_G_4,lbp_B_4,lbp_R_5,lbp_G_5,lbp_B_5,lbp_R_6,lbp_G_6,lbp_B_6,lbp_R_7,lbp_G_7,lbp_B_7,lbp_R_8,lbp_G_8,lbp_B_8,lbp_R_9,lbp_G_9,lbp_B_9
tag.txt,0.036356249999977275,0.03361249999997899,0.032856249999979464,0.05416874999996615,0.05126249999996796,0.05197499999996751,0.06770624999995768,0.06204374999996122,0.06869999999995706,0.1692874999998942,0.16598124999989627,0.16940624999989412,0.23273749999985455,0.27241249999982975,0.2574187499998391,0.14713749999990805,0.1529499999999044,0.15877499999990077,0.07698124999995189,0.06951874999995655,0.07236874999995477,0.07106249999995559,0.06737499999995789,0.06449999999995969,0.05990624999996256,0.05019374999996863,0.04849374999996969,0.08465624999994709,0.07464999999995334,0.07550624999995281
tag.txt,0.02554999999998403,0.022756249999985777,0.02372499999998517,0.041081249999974326,0.03539999999997787,0.0409499999999744,0.06778749999995763,0.06024374999996235,0.07020624999995612,0.20044374999987472,0.20764999999987022,0.20186249999987382,0.21426249999986607,0.24951249999984407,0.23095624999985565,0.12384374999992259,0.1364437499999147,0.14441874999990975,0.08311874999994805,0.08483749999994697,0.08616874999994614,0.06851249999995718,0.06169999999996144,0.06329374999996044,0.09240624999994225,0.075193749999953,0.06661249999995837,0.08299374999994813,0.06626249999995859,0.07180624999995512
tag.txt,0.03597499999997752,0.03366874999997896,0.03290624999997943,0.05246249999996721,0.050293749999968565,0.05153124999996779,0.06861874999995711,0.06406249999995996,0.06979374999995638,0.17243749999989222,0.1657312499998964,0.16740624999989537,0.24641874999984598,0.28258124999982337,0.26657499999983336,0.1465874999999084,0.1506937499999058,0.1598249999999001,0.073606249999954,0.06730624999995793,0.06917499999995677,0.06867499999995708,0.06653124999995842,0.06369374999996019,0.05498749999996563,0.04708749999997057,0.04563749999997148,0.08023124999994985,0.07204374999995497,0.07345624999995409
tag.txt,0.027637499999982728,0.024068749999984956,0.025237499999984227,0.04391249999997256,0.037643749999976474,0.04418749999997238,0.06853124999995716,0.06086249999996196,0.0715124999999553,0.19733749999987665,0.20618124999987114,0.19768124999987643,0.2038562499998726,0.23959374999985025,0.22154999999986152,0.12565624999992148,0.13803124999991373,0.145593749999909,0.08384999999994759,0.08739999999994537,0.08931249999994417,0.07153124999995529,0.06268124999996083,0.06504374999995935,0.09075624999994328,0.0742374999999536,0.06708124999995807,0.08693124999994567,0.06929999999995669,0.0727999999999545
tag.txt,0.040043749999974974,0.0337624999999789,0.03689999999997694,0.059699999999962686,0.05360624999996649,0.06083749999996198,0.0708937499999557,0.06531249999995918,0.06985624999995634,0.16537499999989663,0.16579374999989638,0.15499374999990312,0.2327874999998545,0.2731499999998293,0.24760624999984523,0.14619999999990863,0.1612874999998992,0.15983124999990012,0.07500624999995312,0.06539999999995913,0.06970624999995644,0.07593124999995254,0.07096874999995564,0.07382499999995386,0.05076874999996827,0.039781249999975135,0.04401874999997249,0.08329374999994794,0.07093749999995566,0.08242499999994848
tag.txt,0.023749999999985155,0.02038124999998726,0.026406249999983495,0.03708749999997682,0.03608124999997745,0.050968749999968144,0.06876874999995702,0.0651187499999593,0.08153124999994904,0.22484999999985947,0.22156249999986152,0.19654374999987717,0.2409437499998494,0.25382499999984137,0.2087624999998695,0.12804999999991998,0.14314999999991054,0.1334312499999166,0.08369374999994769,0.08433124999994729,0.08077499999994951,0.06406874999995996,0.06024374999996235,0.0743937499999535,0.06283124999996073,0.053962499999966274,0.06278124999996076,0.06595624999995878,0.06134374999996166,0.08440624999994724
tag.txt,0.03799999999997625,0.03172499999998017,0.03606874999997746,0.059274999999962955,0.05384374999996635,0.06092499999996192,0.07085624999995571,0.06610624999995868,0.07047499999995595,0.16857499999989464,0.16662499999989586,0.15479374999990325,0.2446374999998471,0.2838437499998226,0.25556249999984026,0.14442499999990974,0.15805624999990123,0.15708749999990182,0.07306874999995433,0.06325624999996046,0.06759374999995775,0.07357499999995401,0.0697499999999564,0.07273124999995455,0.04775624999997015,0.037649999999976466,0.04297499999997314,0.0798312499999501,0.06914374999995679,0.08178749999994889
tag.txt,0.024612499999984615,0.02073124999998704,0.027074999999983078,0.03833749999997604,0.038593749999975877,0.052937499999966914,0.06999999999995625,0.06400624999995999,0.07974374999995015,0.22266249999986085,0.21761249999986398,0.19338749999987914,0.23665624999985208,0.25096874999984314,0.20853124999986966,0.13235624999991727,0.14649999999990843,0.13525624999991545,0.0828937499999482,0.08396249999994752,0.08145624999994909,0.06461874999995962,0.0615999999999615,0.07450624999995344,0.06069999999996206,0.05274999999996703,0.06219999999996113,0.06716249999995802,0.06327499999996045,0.08490624999994693
tag.txt,0.041493749999974065,0.03658124999997714,0.03521249999997799,0.06247499999996095,0.055749999999965154,0.05546249999996534,0.06997499999995627,0.06477499999995952,0.06762499999995773,0.1619187499998988,0.15847499999990095,0.1636687499998977,0.22044999999986223,0.27095624999983065,0.26246249999983595,0.14405624999990996,0.15709999999990182,0.15867499999990084,0.07430624999995356,0.06477499999995952,0.0667062499999583,0.07911874999995056,0.07400624999995374,0.07221874999995487,0.05699374999996438,0.0436812499999727,0.043968749999972516,0.08921249999994424,0.07389999999995381,0.07399999999995376
tag.txt,0.02834999999998228,0.02350624999998531,0.024918749999984426,0.044899999999971935,0.03681874999997699,0.04118749999997426,0.07380624999995387,0.06733749999995792,0.07343124999995411,0.20398124999987252,0.21399999999986624,0.2081499999998699,0.20008124999987495,0.23847499999985095,0.22460624999985962,0.1158499999999276,0.1371062499999143,0.13324374999991673,0.08044999999994971,0.08359999999994774,0.08144999999994909,0.07285624999995446,0.0649624999999594,0.06988749999995632,0.08830624999994481,0.06603124999995873,0.06868124999995708,0.09141874999994286,0.0681624999999574,0.07444374999995347
tag.txt,0.03993124999997504,0.034906249999978184,0.03401874999997874,0.06009999999996244,0.054212499999966114,0.052931249999966914,0.0694437499999566,0.06466874999995958,0.06761249999995775,0.1630249999998981,0.16065624999989958,0.16566874999989645,0.23239999999985475,0.279999999999825,0.2700749999998312,0.14752499999990779,0.15765624999990147,0.16011249999989993,0.07244374999995472,0.06250624999996093,0.06526874999995921,0.07638749999995226,0.07113749999995554,0.0689499999999569,0.053812499999966366,0.0428874999999732,0.04306249999997309,0.08493124999994692,0.07136874999995539,0.07229999999995482
tag.txt,0.029306249999981684,0.024437499999984725,0.02539374999998413,0.047649999999970216,0.038399999999976,0.04211249999997368,0.07381249999995387,0.06698124999995814,0.07253749999995467,0.19959374999987525,0.20677499999987076,0.20294374999987316,0.19189374999988007,0.2337812499998539,0.21948124999986282,0.11768124999992645,0.14358749999991025,0.14151249999991156,0.08363124999994773,0.08709374999994557,0.08733124999994542,0.07539374999995288,0.06428749999995982,0.06742499999995787,0.08854999999994466,0.0659187499999588,0.06693749999995817,0.0924874999999422,0.06873749999995704,0.07432499999995355
tag.txt,0.03399999999997875,0.032856249999979464,0.031512499999980306,0.05710624999996431,0.05692499999996442,0.055787499999965136,0.06765624999995772,0.06589999999995881,0.06714999999995803,0.16748124999989533,0.16725624999989547,0.167987499999895,0.26381249999983514,0.27366249999982895,0.2715874999998303,0.1516437499999052,0.15223124999990487,0.1557124999999027,0.06717499999995802,0.06574999999995891,0.06584374999995884,0.07431874999995355,0.07364999999995397,0.07241874999995473,0.04195624999997378,0.039687499999975194,0.03948749999997532,0.07484999999995322,0.07208124999995495,0.07251249999995468
tag.txt,0.01971249999998768,0.017799999999988873,0.017443749999989096,0.039512499999975303,0.03564999999997772,0.03744999999997659,0.0684874999999572,0.06193749999996129,0.06593749999995879,0.22808124999985746,0.2347124999998533,0.23224374999985484,0.2385249999998509,0.2564499999998397,0.2478437499998451,0.12926874999991922,0.13626874999991484,0.1318312499999176,0.08318749999994801,0.08571874999994643,0.08264374999994835,0.06653749999995841,0.060712499999962054,0.06363124999996023,0.0587124999999633,0.05189999999996756,0.05641249999996474,0.06797499999995751,0.058849999999963216,0.06456249999995965
tag.txt,0.03194374999998004,0.030487499999980947,0.02891249999998193,0.05624374999996485,0.054999999999965625,0.055506249999965306,0.06754374999995778,0.06564999999995896,0.06473749999995954,0.16855624999989466,0.16926874999989422,0.17001874999989375,0.2762187499998274,0.28602499999982123,0.2840812499998224,0.14919999999990674,0.1497499999999064,0.15250624999990467,0.06407499999995996,0.06276874999996077,0.06328749999996044,0.07275624999995453,0.07193124999995504,0.0710437499999556,0.04058124999997464,0.038399999999976,0.03853124999997592,0.07288124999995445,0.0707187499999558,0.07137499999995539
tag.txt,0.021112499999986805,0.018874999999988203,0.019306249999987934,0.04110624999997431,0.037393749999976626,0.0388812499999757,0.06859374999995713,0.06187499999996133,0.06539999999995913,0.2222562499998611,0.2310499999998556,0.2283312499998573,0.22809999999985744,0.24098124999984938,0.23387499999985384,0.1401749999999124,0.14869999999990707,0.14201874999991124,0.08754999999994528,0.08831249999994481,0.08738124999994538,0.06653124999995842,0.059612499999962744,0.06281249999996075,0.05579999999996513,0.05148749999996782,0.05523124999996548,0.06877499999995701,0.06171249999996143,0.06676249999995827
tag.txt,0.03203749999997998,0.030262499999981086,0.029206249999981747,0.05569374999996519,0.05513749999996554,0.054824999999965734,0.06645624999995846,0.06485624999995947,0.06482499999995948,0.17491249999989067,0.17350624999989156,0.1729374999998919,0.265618749999834,0.27671874999982704,0.2711812499998305,0.1555499999999028,0.15694999999990192,0.16186874999989884,0.0663999999999585,0.06308124999996058,0.06394374999996004,0.0729562499999544,0.0727937499999545,0.07174374999995516,0.039874999999975076,0.03769374999997644,0.03761249999997649,0.07049999999995593,0.06899999999995687,0.07185624999995509
tag.txt,0.018668749999988334,0.016968749999989395,0.016343749999989787,0.036949999999976904,0.0348812499999782,0.036874999999976954,0.06508749999995932,0.06154999999996153,0.06394374999996004,0.23594374999985254,0.2376062499998515,0.23653124999985217,0.24778749999984512,0.2565187499998397,0.24786874999984507,0.1342124999999161,0.1414624999999116,0.13900624999991312,0.08313749999994804,0.08564999999994646,0.08406249999994746,0.0630499999999606,0.05761874999996399,0.060968749999961894,0.05399999999996625,0.048937499999969415,0.05144999999996784,0.061162499999961775,0.05880624999996325,0.06294999999996066
tag.txt,0.029387499999981633,0.027324999999982922,0.02635624999998353,0.053387499999966635,0.05299374999996688,0.05403124999996623,0.06789374999995756,0.06466249999995959,0.0651249999999593,0.1767812499998895,0.17669374999988957,0.1741062499998912,0.27490624999982816,0.28379999999982264,0.2774249999998266,0.15298749999990438,0.1558624999999026,0.15833749999990104,0.06588124999995883,0.06290624999996068,0.06531874999995918,0.07107499999995558,0.07064999999995585,0.06921249999995674,0.03929999999997544,0.03751874999997655,0.038162499999976146,0.06839999999995725,0.06758749999995775,0.07192499999995505
tag.txt,0.020149999999987407,0.018743749999988284,0.018612499999988368,0.03838749999997601,0.03623124999997736,0.03785624999997634,0.06378124999996014,0.0601624999999624,0.06264999999996085,0.22904374999985685,0.23398124999985376,0.22984374999985635,0.2385562499998509,0.2454624999998466,0.2404687499998497,0.14625624999990858,0.15186874999990507,0.14821249999990738,0.08893124999994442,0.09126874999994296,0.08840624999994474,0.062343749999961035,0.05845624999996347,0.0609499999999619,0.050487499999968447,0.04638124999997101,0.050131249999968666,0.06206249999996121,0.0574437499999641,0.06286874999996071
tag.txt,0.030118749999981174,0.03270624999997956,0.03376874999997889,0.05240624999996724,0.05266874999996708,0.052606249999967124,0.06828749999995733,0.06085624999996196,0.06955624999995652,0.1739124999998913,0.1748749999998907,0.17641874999988974,0.24954374999984402,0.24996249999984377,0.22414374999985992,0.16009999999989993,0.15316249999990428,0.15254999999990465,0.07574999999995266,0.07661874999995211,0.08183124999994885,0.06372499999996017,0.06594374999995878,0.06598124999995876,0.050549999999968405,0.056293749999964816,0.06006249999996246,0.07560624999995275,0.07691249999995194,0.08308124999994808
tag.txt,0.024631249999984606,0.02308749999998557,0.02523124999998423,0.04411249999997243,0.03631249999997731,0.042243749999973594,0.07491874999995317,0.062024999999961236,0.0721687499999549,0.19944374999987535,0.2172687499998642,0.2068687499998707,0.222393749999861,0.24157499999984902,0.21762499999986398,0.1390312499999131,0.1297499999999189,0.12648124999992094,0.08550624999994656,0.0843062499999473,0.08554999999994653,0.06669374999995832,0.06348749999996033,0.0673562499999579,0.0691062499999568,0.07671249999995206,0.07946249999995034,0.07416249999995365,0.06547499999995908,0.07701249999995187
tag.txt,0.03134374999998041,0.03350624999997906,0.03315624999997928,0.05244999999996722,0.051768749999967646,0.05221249999996737,0.06826874999995733,0.06458124999995964,0.07014999999995615,0.17128124999989294,0.17321874999989173,0.17868124999988833,0.2628624999998357,0.26099999999983686,0.23778749999985138,0.1604624999998997,0.1513437499999054,0.15261249999990462,0.06912499999995679,0.07144374999995534,0.07746249999995158,0.06498749999995938,0.0675062499999578,0.0670437499999581,0.04614999999997116,0.051756249999967655,0.053468749999966585,0.07306874999995433,0.07387499999995382,0.07742499999995162
tag.txt,0.02409999999998494,0.0231999999999855,0.025418749999984114,0.04199999999997375,0.035274999999977956,0.042937499999973164,0.07342499999995411,0.06154374999996153,0.07134374999995541,0.20514999999987177,0.22099999999986186,0.20817499999986988,0.21051874999986842,0.22181249999986136,0.19959999999987524,0.13321874999991673,0.11978124999992514,0.11680624999992699,0.0903937499999435,0.08871249999994456,0.08692499999994567,0.0683374999999573,0.06616874999995864,0.0708937499999557,0.07681874999995199,0.09045624999994346,0.0916687499999427,0.07603749999995248,0.07204999999995497,0.08623124999994611
tag.txt,0.03556249999997777,0.03257499999997964,0.034806249999978243,0.055093749999965566,0.05393749999996629,0.054924999999965675,0.06906874999995684,0.0667124999999583,0.06934999999995665,0.17081249999989323,0.16414374999989742,0.17273124999989203,0.25834999999983854,0.27804374999982623,0.25929999999983794,0.15237499999990475,0.1617312499998989,0.15048124999990595,0.0699062499999563,0.06389374999996007,0.06934374999995666,0.07369374999995394,0.07191874999995505,0.07288749999995445,0.04205624999997371,0.037306249999976684,0.04264374999997335,0.07308124999995433,0.06973749999995642,0.07353124999995404
tag.txt,0.022449999999985967,0.02003124999998748,0.022631249999985854,0.03546874999997783,0.036274999999977325,0.03589999999997756,0.06589999999995881,0.06552499999995905,0.06776874999995765,0.22701249999985812,0.22068749999986206,0.22888124999985696,0.2508999999998432,0.2562874999998398,0.24567499999984646,0.1305437499999184,0.14399374999991,0.12637499999992102,0.08276874999994827,0.08200624999994875,0.08003749999994998,0.06291874999996068,0.06190624999996131,0.065618749999959,0.0595187499999628,0.05342499999996661,0.061556249999961524,0.06251874999996093,0.059862499999962585,0.06555624999995903
tag.txt,0.03206249999997996,0.02973124999998142,0.031224999999980484,0.051062499999968085,0.05112499999996804,0.05042499999996848,0.07006249999995622,0.06636874999995852,0.06964374999995647,0.18067499999988706,0.1718562499998926,0.1836812499998852,0.26370624999983516,0.28023124999982485,0.2654249999998341,0.15035624999990602,0.16102499999989936,0.15141874999990537,0.06830624999995731,0.06152499999996155,0.06618749999995863,0.07356874999995403,0.07187499999995507,0.07201249999995499,0.042187499999973635,0.03845624999997597,0.04237499999997352,0.0680124999999575,0.06780624999995762,0.06760624999995775
tag.txt,0.02281874999998574,0.021306249999986683,0.023112499999985554,0.037574999999976516,0.03849374999997594,0.038856249999975716,0.06499374999995938,0.06261249999996087,0.06724999999995797,0.22109999999986182,0.21318124999986676,0.22011874999986242,0.24476249999984703,0.2516749999998427,0.24021249999984987,0.13818749999991364,0.1531187499999043,0.1340874999999162,0.08501249999994687,0.08534374999994666,0.08369374999994769,0.0644687499999597,0.06119999999996175,0.0660812499999587,0.05837499999996352,0.05262499999996711,0.060056249999962466,0.06270624999996081,0.06044374999996222,0.06653124999995842
tag.txt,0.03479999999997825,0.03371249999997893,0.033037499999979354,0.05708124999996433,0.05638124999996476,0.055093749999965566,0.0679999999999575,0.06648749999995844,0.06756249999995777,0.16690624999989567,0.1657749999998964,0.17203124999989247,0.25558749999984026,0.2691624999998318,0.26394999999983504,0.16019999999989987,0.16148124999989907,0.16001874999989998,0.07076249999995578,0.06786874999995758,0.06980624999995637,0.07330624999995418,0.0726312499999546,0.07141249999995537,0.03984999999997509,0.03690624999997694,0.03749374999997657,0.07350624999995406,0.0695937499999565,0.0695937499999565
tag.txt,0.021412499999986616,0.02043124999998723,0.020237499999987352,0.041406249999974123,0.036712499999977055,0.03725624999997672,0.07164374999995522,0.06470624999995955,0.06813749999995741,0.22028124999986232,0.22786874999985757,0.2294499999998566,0.23163749999985522,0.24820624999984486,0.24504374999984685,0.13382499999991637,0.14388749999991007,0.13730624999991417,0.08423124999994736,0.08745624999994533,0.08407499999994746,0.06839999999995725,0.060968749999961894,0.0636812499999602,0.05831249999996355,0.050631249999968354,0.05340624999996662,0.06884999999995697,0.05913124999996304,0.061406249999961623
tag.txt,0.03137499999998039,0.030056249999981216,0.02996874999998127,0.056456249999964715,0.053962499999966274,0.05290624999996693,0.06826874999995733,0.06609374999995869,0.06741249999995787,0.17349374999989156,0.17400624999989125,0.1788874999998882,0.25913124999983805,0.27511874999982805,0.2711562499998305,0.15787499999990132,0.1582249999999011,0.15742499999990162,0.0697437499999564,0.06646249999995846,0.06688749999995819,0.07227499999995483,0.07116874999995552,0.06973124999995642,0.040124999999974924,0.03701874999997686,0.03768749999997645,0.07125624999995546,0.06788749999995757,0.06793749999995753
tag.txt,0.021862499999986337,0.02025624999998734,0.02030624999998731,0.04061874999997461,0.035437499999977855,0.03703749999997685,0.07080624999995574,0.06314999999996053,0.06624999999995859,0.22386249999986008,0.22983749999985634,0.23174374999985517,0.2225687499998609,0.2433374999998479,0.23929374999985045,0.13444374999991598,0.14452499999990967,0.1353374999999154,0.08873124999994454,0.09253749999994217,0.08753749999994528,0.06758124999995777,0.06036249999996227,0.06356874999996028,0.06014374999996241,0.05186249999996759,0.055937499999965036,0.06938124999995664,0.05869374999996332,0.06298749999996063
tag.txt,0.025256249999984215,0.024662499999984586,0.03314374999997929,0.04754999999997028,0.049524999999969045,0.05716874999996427,0.05425624999996609,0.04916249999996927,0.0529624999999669,0.17188124999989257,0.16153749999989903,0.147199999999908,0.27082499999983073,0.2902562499998186,0.23212499999985492,0.18343749999988535,0.1836812499998852,0.1865562499998834,0.078406249999951,0.07117499999995551,0.08417499999994739,0.05759374999996401,0.05931874999996293,0.06540624999995912,0.042418749999973485,0.04010624999997493,0.05138749999996788,0.06837499999995726,0.0705749999999559,0.08987499999994383
tag.txt,0.019862499999987585,0.016437499999989728,0.02226874999998608,0.036887499999976946,0.040824999999974486,0.048074999999969954,0.05748749999996407,0.05229999999996731,0.06067499999996208,0.21462499999986587,0.20533749999987166,0.19186874999988007,0.28326249999982295,0.2969562499998144,0.25082499999984326,0.1559812499999025,0.15848749999990094,0.1638562499998976,0.07358749999995401,0.06933749999995667,0.07888749999995069,0.05563124999996523,0.056449999999964716,0.059531249999962794,0.04425624999997234,0.0422374999999736,0.05011249999996868,0.058418749999963486,0.06163124999996148,0.07389999999995381
tag.txt,0.018393749999988503,0.02068749999998707,0.0375999999999765,0.043381249999972886,0.04674374999997079,0.06744999999995785,0.04728749999997044,0.041418749999974115,0.04569374999997144,0.17618124999988988,0.15338124999990413,0.12466874999992208,0.27158124999983024,0.28963749999981897,0.19139999999988036,0.19569374999987768,0.19883124999987573,0.17298749999989188,0.0795249999999503,0.0724687499999547,0.09236874999994227,0.056043749999964976,0.058918749999963174,0.07493749999995317,0.042181249999973636,0.042268749999973584,0.07549374999995281,0.06973124999995642,0.07564374999995273,0.11739999999992662
tag.txt,0.02004999999998747,0.018924999999988174,0.025787499999983882,0.04049374999997469,0.04182499999997386,0.05061249999996837,0.05876874999996327,0.054393749999966004,0.06014999999996241,0.20421874999987236,0.1988874999998757,0.18249999999988595,0.26664999999983335,0.28245624999982344,0.23114999999985553,0.17303749999989185,0.17339374999989163,0.1745812499998909,0.08237499999994852,0.07863749999995086,0.0894249999999441,0.0539249999999663,0.05420624999996612,0.05918124999996301,0.040981249999974385,0.037906249999976306,0.04988749999996882,0.05949999999996281,0.059368749999962896,0.07672499999995204
tag.txt,0.03667499999997708,0.03463749999997835,0.03358124999997901,0.05528749999996545,0.05273749999996704,0.05307499999996683,0.06789374999995756,0.06338124999996039,0.07020624999995612,0.16917499999989427,0.166381249999896,0.1685062499998947,0.24029374999984981,0.2713187499998304,0.25956249999983777,0.14781249999990762,0.1539249999999038,0.15866874999990083,0.07555624999995278,0.06912499999995679,0.07074374999995578,0.07157499999995527,0.06849999999995719,0.06499374999995938,0.05416874999996615,0.04705624999997059,0.046199999999971125,0.08156249999994902,0.07293749999995441,0.07446249999995345
tag.txt,0.026212499999983617,0.023149999999985533,0.02478124999998451,0.04138749999997413,0.03571249999997768,0.045437499999971605,0.0700874999999562,0.0628874999999607,0.07435624999995352,0.20295624999987316,0.2104249999998685,0.1989062499998757,0.21467499999986583,0.2487749999998445,0.22228749999986108,0.12516249999992177,0.1368249999999145,0.1406624999999121,0.08339374999994788,0.08531874999994668,0.0841562499999474,0.06834374999995728,0.0609624999999619,0.06573124999995891,0.08487499999994695,0.06977499999995639,0.06699374999995814,0.08290624999994818,0.06616874999995864,0.07668749999995207
tag.txt,0.0359937499999775,0.03353124999997904,0.03305624999997934,0.05333749999996666,0.051193749999968,0.05253124999996717,0.06733749999995792,0.06398124999996001,0.06977499999995639,0.17322499999989174,0.16963124999989398,0.16839374999989476,0.2486374999998446,0.27798749999982625,0.2658749999998338,0.14903124999990686,0.15288749999990445,0.1595187499999003,0.07363749999995398,0.06656874999995839,0.06791249999995755,0.06914374999995679,0.06743124999995785,0.06385624999996009,0.0515187499999678,0.045274999999971706,0.044806249999971993,0.07813749999995116,0.0715124999999553,0.07427499999995357
tag.txt,0.02769374999998269,0.02505624999998434,0.026793749999983255,0.04231874999997355,0.03754374999997653,0.045162499999971774,0.0707249999999558,0.06443749999995972,0.07539999999995288,0.2012562499998742,0.20791249999987005,0.1980812499998762,0.21362499999986648,0.24123124999984924,0.21849374999986343,0.12628749999992106,0.13891249999991317,0.1417687499999114,0.08345624999994784,0.08483124999994698,0.08643749999994597,0.0697499999999564,0.06361249999996024,0.06644999999995847,0.08128124999994919,0.0681749999999574,0.06503749999995935,0.08360624999994774,0.06828749999995733,0.07637499999995226
tag.txt,0.03955624999997528,0.03523124999997798,0.037574999999976516,0.05854374999996341,0.05399999999996625,0.05948749999996282,0.07067499999995583,0.06468749999995957,0.06781249999995762,0.1591874999999005,0.1553374999999029,0.1502249999999061,0.2468999999998457,0.2940687499998162,0.2694062499998316,0.14217499999991115,0.14586249999990883,0.1537687499999039,0.07037499999995601,0.05945624999996284,0.06347499999996033,0.0748749999999532,0.07253124999995467,0.07176874999995514,0.05394999999996628,0.04503749999997185,0.04579374999997138,0.08376249999994764,0.07378749999995388,0.08068749999994956
tag.txt,0.026343749999983537,0.023974999999985015,0.02679999999998325,0.0423999999999735,0.038249999999976095,0.04716249999997053,0.07138749999995538,0.06593749999995879,0.07764374999995147,0.206368749999871,0.20643124999987097,0.19430624999987856,0.22989374999985632,0.25818749999983864,0.22726249999985795,0.13190624999991757,0.14598749999990876,0.14142499999991162,0.08294374999994816,0.0801624999999499,0.07961249999995024,0.0652812499999592,0.06007499999996245,0.06803124999995748,0.06778124999995763,0.055331249999965415,0.060131249999962416,0.0756937499999527,0.06566249999995896,0.07762499999995148
tag.txt,0.04214999999997365,0.03623124999997736,0.03923124999997548,0.06147499999996158,0.055587499999965255,0.06112499999996179,0.07084999999995571,0.06538749999995913,0.06825624999995734,0.1580812499999012,0.15603749999990246,0.14974374999990642,0.23688124999985194,0.2883312499998198,0.2638249999998351,0.1377499999999139,0.14523124999990922,0.14988749999990633,0.06902499999995686,0.05835624999996353,0.06434374999995979,0.07916249999995052,0.07441249999995349,0.07301249999995436,0.05605624999996497,0.045337499999971664,0.047031249999970604,0.08856874999994464,0.07508749999995307,0.08354374999994778
tag.txt,0.030531249999980917,0.026549999999983406,0.030187499999981132,0.046968749999970645,0.04147499999997408,0.050731249999968295,0.07283749999995448,0.0651249999999593,0.07769999999995143,0.19333749999987918,0.1974187499998766,0.18261249999988588,0.21533124999986542,0.2529374999998419,0.21894999999986314,0.12948124999991908,0.14566874999990895,0.1389187499999132,0.08483749999994697,0.08316249999994803,0.0819249999999488,0.06916874999995677,0.06156874999996152,0.06951249999995655,0.07298124999995438,0.05728749999996419,0.06501874999995937,0.08452499999994717,0.06880624999995699,0.08444374999994722
tag.txt,0.03989374999997507,0.0350437499999781,0.034318749999978554,0.05862499999996336,0.05171874999996767,0.054306249999966055,0.07194374999995504,0.06722499999995799,0.0695999999999565,0.16871249999989454,0.16666249999989582,0.1673562499998954,0.2236624999998602,0.27041249999983097,0.26002499999983747,0.14428124999990982,0.155224999999903,0.1582312499999011,0.07948749999995032,0.06879999999995699,0.0708937499999557,0.07531874999995293,0.07086249999995571,0.07001874999995623,0.05376874999996639,0.042699999999973315,0.04220624999997362,0.0843062499999473,0.07134999999995541,0.07304374999995435
tag.txt,0.02603124999998373,0.023787499999985133,0.025849999999983844,0.03954999999997528,0.03809999999997619,0.04359374999997275,0.0729562499999544,0.06809374999995745,0.07547499999995283,0.21413124999986616,0.21078124999986825,0.2027124999998733,0.2273687499998579,0.24675624999984577,0.2280187499998575,0.12943124999991912,0.14611874999990868,0.13863124999991336,0.08477499999994702,0.08358749999994776,0.08118749999994926,0.06551874999995905,0.061493749999961565,0.06813749999995741,0.0683312499999573,0.05649374999996469,0.0625562499999609,0.07190624999995505,0.0647874999999595,0.07383749999995386
tag.txt,0.04298124999997314,0.03585624999997759,0.03651249999997718,0.0619187499999613,0.05613749999996492,0.05656249999996465,0.0716624999999552,0.0667062499999583,0.06971874999995642,0.16136874999989914,0.16226249999989859,0.1593687499999004,0.2270062499998581,0.27366874999982893,0.2658749999998338,0.14131874999991167,0.15299374999990437,0.1555374999999028,0.07509999999995307,0.06508749999995932,0.06845624999995721,0.07909999999995056,0.07398124999995376,0.07128749999995544,0.051912499999967554,0.04033124999997479,0.04109999999997431,0.08763124999994523,0.0729749999999544,0.07558124999995276
tag.txt,0.02594999999998378,0.023131249999985542,0.02524999999998422,0.0388874999999757,0.037574999999976516,0.04339374999997288,0.07318124999995426,0.06771874999995768,0.07633124999995229,0.22026249999986233,0.21878124999986326,0.21188124999986757,0.21941249999986287,0.23911874999985056,0.217606249999864,0.11978749999992513,0.13894999999991314,0.12894374999991942,0.08361249999994774,0.08616874999994614,0.08200624999994875,0.06901874999995686,0.06384999999996009,0.07141249999995537,0.07291249999995443,0.059193749999963005,0.0659312499999588,0.07697499999995189,0.06551249999995905,0.07724374999995172
tag.txt,0.04034374999997478,0.03452499999997842,0.03475624999997828,0.05869999999996331,0.05316874999996677,0.05429999999996606,0.07192499999995505,0.06759999999995775,0.07078749999995576,0.16570624999989644,0.1660812499998962,0.16584999999989633,0.228799999999857,0.27111874999983054,0.2612812499998367,0.14269374999991083,0.15454374999990342,0.1564937499999022,0.07643749999995222,0.06643124999995847,0.06929999999995669,0.0766249999999521,0.0732999999999542,0.07086249999995571,0.05368749999996644,0.04204999999997372,0.042693749999973316,0.08508124999994682,0.07118124999995551,0.07367499999995396
tag.txt,0.02594999999998378,0.023431249999985356,0.02531249999998418,0.03906874999997558,0.03778749999997638,0.04374999999997266,0.07223749999995485,0.06834374999995728,0.07548749999995281,0.21541874999986535,0.2118374999998676,0.2043312499998723,0.2264249999998585,0.24677499999984576,0.22872499999985704,0.12999999999991874,0.14584374999990884,0.1366749999999146,0.08362499999994773,0.08301874999994811,0.08184999999994884,0.06624374999995859,0.061931249999961295,0.067206249999958,0.06756874999995777,0.056774999999964514,0.06275624999996078,0.07346249999995409,0.06425624999995984,0.07390624999995381
tag.txt,0.04219374999997363,0.03579999999997763,0.03614999999997741,0.06227499999996108,0.055156249999965525,0.05598124999996501,0.0729687499999544,0.06727499999995795,0.06973124999995642,0.16061249999989963,0.16106874999989934,0.15976874999990015,0.22854374999985716,0.276831249999827,0.2665874999998334,0.14009999999991243,0.1523062499999048,0.15864374999990086,0.07528749999995295,0.0646249999999596,0.0659187499999588,0.07930624999995044,0.07353749999995404,0.07165624999995522,0.052024999999967486,0.04059374999997463,0.04065624999997459,0.08668749999994582,0.0728062499999545,0.07490624999995318
tag.txt,0.026231249999983604,0.02354999999998528,0.025337499999984164,0.039268749999975455,0.037131249999976794,0.04409374999997244,0.07289374999995445,0.06709999999995807,0.07529374999995295,0.22068749999986206,0.22028749999986233,0.2110187499998681,0.2180624999998637,0.23772499999985142,0.21769374999986393,0.12114999999992428,0.13868124999991333,0.12923124999991922,0.08344999999994784,0.08579374999994638,0.08248749999994845,0.06901249999995687,0.06364999999996022,0.06998124999995627,0.07298749999995438,0.05958749999996276,0.06688749999995819,0.07625624999995234,0.06649374999995844,0.07797499999995126
tag.txt,0.030999999999980626,0.0334374999999791,0.033449999999979094,0.052868749999966956,0.0532749999999667,0.05385624999996634,0.06786874999995758,0.06204374999996122,0.06915624999995677,0.17323749999989171,0.1717124999998927,0.17513124999989055,0.2483124999998448,0.25142499999984286,0.22564999999985896,0.16284999999989822,0.1558249999999026,0.15570624999990268,0.07441249999995349,0.07516874999995302,0.08107499999994933,0.06435624999995977,0.06774374999995766,0.06715624999995802,0.04973749999996891,0.053737499999966416,0.05762499999996398,0.0753562499999529,0.07563124999995273,0.08119374999994926
tag.txt,0.02391874999998505,0.023243749999985474,0.025299999999984186,0.042362499999973525,0.036449999999977216,0.04154999999997403,0.07379999999995387,0.06178749999996138,0.07209374999995494,0.20057499999987463,0.2145499999998659,0.20710624999987057,0.22418749999985987,0.2385624999998509,0.21347499999986658,0.14168749999991145,0.13127499999991796,0.1266937499999208,0.08628124999994607,0.08546249999994658,0.08691874999994567,0.06515624999995928,0.0632062499999605,0.06721249999995799,0.06983124999995635,0.07879374999995076,0.08093749999994941,0.07219999999995487,0.06666874999995834,0.07871249999995081
tag.txt,0.03086249999998071,0.03278749999997951,0.033193749999979254,0.0521562499999674,0.05238124999996726,0.05138124999996788,0.06889374999995694,0.06344374999996034,0.06989999999995632,0.17158124999989277,0.17521874999989048,0.17708749999988932,0.2614499999998366,0.2596687499998377,0.2403124999998498,0.1617624999998989,0.15316249999990428,0.15463749999990334,0.070406249999956,0.0713562499999554,0.07574999999995266,0.06467499999995958,0.0673624999999579,0.06685624999995822,0.04569999999997144,0.051068749999968084,0.052781249999967014,0.07251249999995468,0.07354999999995403,0.07809999999995118
tag.txt,0.024012499999984994,0.023162499999985525,0.025618749999983988,0.04270624999997331,0.035168749999978016,0.042681249999973324,0.0721624999999549,0.06088124999996195,0.07094999999995566,0.20529374999987168,0.22101249999986186,0.2082999999998698,0.21129999999986793,0.22397499999986,0.20021874999987485,0.13340624999991663,0.12053749999992466,0.1180937499999262,0.08995624999994378,0.0865624999999459,0.08599374999994626,0.06771874999995768,0.06812499999995743,0.07131249999995543,0.0772749999999517,0.08835624999994478,0.09068749999994331,0.07616874999995239,0.07221874999995487,0.08614374999994616
tag.txt,0.01966249999998771,0.02196874999998627,0.023868749999985082,0.03557499999997776,0.034212499999978614,0.04069374999997456,0.05981249999996262,0.054562499999965895,0.06341874999996036,0.20485624999987195,0.20378749999987264,0.2023812499998735,0.2613999999998366,0.2617499999998364,0.23704374999985184,0.1684937499998947,0.1614749999998991,0.1507374999999058,0.08526874999994671,0.08689374999994569,0.08596874999994628,0.05121249999996799,0.053299999999966687,0.05818124999996364,0.05498749999996563,0.06134374999996166,0.06691249999995819,0.05873124999996329,0.06070624999996206,0.07079374999995576
tag.txt,0.025418749999984114,0.028562499999982147,0.03179999999998012,0.04004999999997497,0.03959999999997525,0.04633749999997104,0.054074999999966206,0.052356249999967276,0.06241249999996099,0.1843312499998848,0.17834999999988854,0.17764999999988898,0.3009312499998119,0.297624999999814,0.2571249999998393,0.18946874999988159,0.18971874999988142,0.17364374999989146,0.07938749999995039,0.08685624999994572,0.09110624999994306,0.04018749999997488,0.04189374999997381,0.05006874999996871,0.03250624999997968,0.03233749999997979,0.043374999999972894,0.053643749999966475,0.052699999999967065,0.06648124999995846
tag.txt,0.02098749999998688,0.022756249999985777,0.023218749999985487,0.036449999999977216,0.03404374999997872,0.03991874999997505,0.061156249999961776,0.053449999999966594,0.06201874999996124,0.20466249999987207,0.20761249999987025,0.20519374999987175,0.2531749999998418,0.2588249999998382,0.23922499999985047,0.16424999999989734,0.15604999999990246,0.1489624999999069,0.08491874999994692,0.08757499999994527,0.08551249999994655,0.05291249999996693,0.055093749999965566,0.05811874999996368,0.0587187499999633,0.06201874999996124,0.06696249999995815,0.06276874999996077,0.06257499999996088,0.07086874999995571
tag.txt,0.029237499999981726,0.03146249999998033,0.03438124999997851,0.042437499999973476,0.041587499999974006,0.04821874999996986,0.05513749999996554,0.05333749999996666,0.061656249999961464,0.17400624999989125,0.17161874999989274,0.17030624999989355,0.2891687499998193,0.28828749999981984,0.2542624999998411,0.19641874999987724,0.19498124999987815,0.17963124999988772,0.08278749999994826,0.09137499999994289,0.09162499999994274,0.039031249999975606,0.0409624999999744,0.050724999999968295,0.03306249999997934,0.030949999999980656,0.041481249999974074,0.0587124999999633,0.05543749999996535,0.06771249999995768
tag.txt,0.027237499999982977,0.02041874999998724,0.01804374999998872,0.05283124999996698,0.032693749999979566,0.0337624999999789,0.06826249999995733,0.05142499999996786,0.060293749999962315,0.18309999999988555,0.20514999999987177,0.2142687499998661,0.20968124999986895,0.2728124999998295,0.262343749999836,0.16551249999989656,0.16378749999989764,0.17925624999988796,0.09461249999994087,0.08613749999994616,0.08963124999994398,0.06428124999995982,0.04999374999996875,0.043631249999972734,0.05896874999996314,0.060043749999962474,0.046618749999970864,0.0755124999999528,0.05753749999996404,0.0521499999999674
tag.txt,0.022149999999986156,0.025737499999983916,0.024037499999984977,0.03290624999997943,0.037137499999976786,0.041418749999974115,0.04759999999997025,0.05025624999996859,0.05050624999996843,0.2010937499998743,0.18349374999988532,0.1846499999998846,0.32166249999979896,0.30905624999980685,0.31176249999980515,0.1907124999998808,0.18466249999988457,0.1809749999998869,0.07614374999995241,0.08364374999994773,0.07373749999995391,0.03531249999997793,0.040649999999974595,0.04198124999997376,0.027993749999982505,0.035274999999977956,0.03681249999997699,0.04442499999997224,0.05008749999996869,0.05411874999996617
tag.txt,0.027881249999982573,0.021387499999986632,0.019387499999987883,0.04971874999996893,0.032362499999979776,0.03416874999997865,0.07193124999995504,0.051493749999967815,0.061162499999961775,0.1835062499998853,0.20625624999987108,0.2134124999998666,0.21218749999986738,0.2775374999998265,0.2618499999998363,0.16776249999989515,0.15930624999990042,0.17727499999988922,0.09223124999994235,0.08471249999994705,0.08739999999994537,0.0636812499999602,0.04924999999996922,0.04438124999997226,0.05651249999996468,0.05890624999996318,0.04689999999997069,0.07458749999995339,0.05878749999996326,0.054062499999966214
tag.txt,0.023799999999985125,0.02790624999998256,0.024868749999984455,0.03447499999997845,0.03916249999997552,0.04292499999997317,0.04682499999997074,0.05127499999996795,0.04914999999996928,0.19160624999988024,0.1771249999998893,0.17931249999988794,0.3283249999997948,0.30616249999980866,0.31500624999980315,0.18954999999988154,0.1907124999998808,0.18801249999988248,0.075212499999953,0.08326874999994796,0.0728062499999545,0.034649999999978344,0.04129374999997419,0.04126249999997421,0.028181249999982387,0.03169999999998019,0.03333124999997917,0.04737499999997039,0.05139374999996788,0.05332499999996667
tag.txt,0.027462499999982837,0.02387499999998508,0.025481249999984076,0.043537499999972785,0.03771249999997643,0.044131249999972415,0.061074999999961826,0.053737499999966416,0.061931249999961295,0.18449999999988467,0.18925624999988172,0.18701249999988312,0.21056874999986838,0.24794999999984502,0.22475624999985952,0.14459374999990962,0.16761874999989523,0.1483249999999073,0.08946874999994409,0.09211249999994243,0.08705624999994559,0.06458749999995964,0.05478749999996576,0.06311249999996056,0.08873124999994454,0.06881249999995699,0.07868749999995082,0.08547499999994658,0.06413749999995991,0.0795062499999503
tag.txt,0.03546249999997784,0.02673749999998329,0.030918749999980677,0.04758124999997026,0.037812499999976365,0.045168749999971766,0.06177499999996139,0.051768749999967646,0.05766874999996396,0.17273749999989205,0.18316874999988553,0.17799374999988876,0.24708124999984557,0.30538124999980915,0.27224374999982986,0.1630374999998981,0.18037499999988726,0.16885624999989446,0.09131249999994293,0.08279999999994825,0.0835249999999478,0.05419999999996612,0.04040624999997475,0.05094374999996816,0.05204999999996747,0.03724999999997672,0.04538749999997163,0.07476249999995327,0.05429999999996606,0.06729374999995794
tag.txt,0.025862499999983836,0.02321249999998549,0.023987499999985007,0.04198124999997376,0.03668749999997707,0.04282499999997323,0.059256249999962964,0.054643749999965845,0.0614374999999616,0.18706874999988307,0.1902374999998811,0.18811249999988242,0.21591874999986505,0.24326249999984795,0.22601874999985874,0.14809374999990743,0.16517499999989677,0.14709999999990805,0.08633749999994604,0.09288749999994195,0.08546874999994658,0.06315624999996053,0.05666874999996458,0.06241249999996099,0.08923749999994422,0.07249999999995468,0.08291249999994818,0.08308749999994806,0.06472499999995955,0.07972499999995017
tag.txt,0.0369562499999769,0.029349999999981655,0.032931249999979414,0.0489624999999694,0.040468749999974706,0.046193749999971126,0.06121249999996174,0.05390624999996631,0.05856874999996339,0.1686249999998946,0.17562499999989023,0.17369999999989144,0.24807499999984495,0.2978999999998138,0.2690812499998318,0.1630187499998981,0.1779062499998888,0.16917499999989427,0.08870624999994456,0.08299374999994813,0.0823999999999485,0.05473124999996579,0.04302499999997311,0.05238124999996726,0.05194374999996754,0.03972499999997517,0.045849999999971344,0.0777687499999514,0.059099999999963064,0.06971874999995642
tag.txt,0.027431249999982855,0.02342499999998536,0.02139374999998663,0.04178124999997389,0.03654374999997716,0.03779999999997637,0.06392499999996004,0.056362499999964774,0.06358749999996026,0.1918437499998801,0.19510624999987805,0.21013749999986867,0.22457499999985964,0.26405624999983496,0.25159374999984274,0.14919999999990674,0.16779999999989512,0.16664999999989585,0.08956874999994402,0.08818124999994488,0.08666249999994584,0.06033124999996229,0.05163124999996773,0.05028749999996857,0.07246249999995472,0.05383749999996635,0.05097499999996814,0.07888124999995069,0.0630562499999606,0.06091249999996193
tag.txt,0.03659999999997712,0.027581249999982762,0.03041874999998099,0.04914374999996929,0.03819999999997613,0.0459187499999713,0.0627124999999608,0.052699999999967065,0.059356249999962904,0.1692749999998942,0.18200624999988624,0.18229999999988605,0.24517499999984677,0.30398749999981,0.2694062499998316,0.1685062499998947,0.18745624999988283,0.17323749999989171,0.09239999999994225,0.0835187499999478,0.08251249999994843,0.053781249999966384,0.039624999999975236,0.05191874999996755,0.04804999999996997,0.031931249999980045,0.04036249999997477,0.07435624999995352,0.05299374999996688,0.06456874999995964
tag.txt,0.026818749999983238,0.02337499999998539,0.022156249999986152,0.0407999999999745,0.036799999999977,0.03754999999997653,0.0627312499999608,0.056099999999964935,0.06371249999996018,0.19803124999987623,0.20126249999987422,0.21348749999986658,0.2310374999998556,0.25980624999983765,0.2484749999998447,0.1463874999999085,0.1655874999998965,0.16310624999989806,0.08764999999994522,0.08789999999994506,0.08533124999994667,0.060293749999962315,0.052324999999967294,0.051412499999967866,0.06950624999995655,0.05393749999996629,0.05229999999996731,0.07674374999995204,0.06290624999996068,0.06246874999996096
tag.txt,0.03923749999997548,0.030393749999981005,0.032781249999979514,0.050724999999968295,0.04198124999997376,0.04923124999996923,0.06330624999996043,0.05418124999996614,0.06077499999996201,0.16476249999989703,0.17261249999989212,0.17251874999989217,0.24116874999984927,0.2979249999998138,0.26789374999983256,0.1710437499998931,0.1899374999998813,0.17544999999989033,0.09090624999994318,0.08298749999994813,0.08010624999994993,0.05453124999996592,0.04056249999997465,0.05268749999996707,0.04694374999997066,0.03274374999997953,0.040556249999974654,0.07737499999995164,0.05667499999996458,0.0679999999999575
tag.txt,0.026424999999983483,0.019299999999987938,0.018993749999988128,0.03980624999997512,0.02988749999998132,0.0332749999999792,0.06338124999996039,0.050549999999968405,0.05930624999996293,0.1940499999998787,0.20393124999987255,0.20634999999987103,0.2360124999998525,0.299118749999813,0.27995624999982505,0.1515499999999053,0.1747187499998908,0.17885624999988822,0.08912499999994429,0.0827187499999483,0.08474374999994704,0.05594999999996503,0.041399999999974124,0.04326249999997296,0.0695937499999565,0.04804374999996997,0.043724999999972675,0.07410624999995369,0.05033124999996854,0.05153124999996779
tag.txt,0.03163124999998023,0.026549999999983406,0.02824374999998235,0.043443749999972844,0.04051874999997467,0.04682499999997074,0.062262499999961085,0.05219999999996738,0.057987499999963756,0.17866874999988833,0.18018749999988737,0.18132499999988666,0.2618812499998363,0.3021249999998112,0.27558124999982775,0.16552499999989653,0.17803749999988872,0.17525624999989045,0.0851187499999468,0.08149999999994906,0.07964374999995022,0.053618749999966485,0.044824999999971984,0.04888124999996945,0.049356249999969154,0.0382374999999761,0.042874999999973205,0.06849374999995719,0.05581874999996511,0.06338124999996039
tag.txt,0.025156249999984278,0.01934374999998791,0.019256249999987964,0.03786874999997633,0.02849999999998219,0.032006249999979995,0.06329999999996044,0.04967499999996895,0.05847499999996345,0.19948124999987532,0.20613124999987117,0.20730624999987043,0.24571874999984641,0.3075187499998078,0.2853812499998216,0.14998124999990625,0.17019999999989363,0.17656874999988964,0.08636874999994602,0.08194374999994879,0.08441874999994724,0.05579999999996513,0.04203749999997373,0.04326249999997296,0.06570624999995893,0.04538749999997163,0.042281249999973576,0.07061874999995586,0.04926249999996921,0.0510437499999681
tag.txt,0.03373124999997892,0.028693749999982067,0.030118749999981174,0.04579999999997138,0.043187499999973004,0.05059999999996837,0.06284999999996072,0.054649999999965844,0.061768749999961396,0.1767812499998895,0.17756874999988903,0.1742687499998911,0.2555749999998403,0.2914874999998178,0.2647187499998345,0.16381874999989762,0.1771187499998893,0.17080624999989324,0.0857687499999464,0.08075624999994953,0.078399999999951,0.05489374999996569,0.047031249999970604,0.0523124999999673,0.04939999999996912,0.04014999999997491,0.04614374999997116,0.07138124999995539,0.059356249999962904,0.07086249999995571
tag.txt,0.018231249999988604,0.017062499999989336,0.018343749999988536,0.030937499999980664,0.02814374999998241,0.029299999999981688,0.053293749999966694,0.04748749999997032,0.05138124999996788,0.201581249999874,0.20380624999987262,0.20964374999986898,0.31254999999980465,0.33447499999979097,0.3190562499998006,0.18983124999988135,0.19239374999987977,0.18165624999988647,0.07899999999995062,0.0761624999999524,0.07890624999995069,0.03737499999997664,0.032756249999979524,0.03724374999997672,0.03262499999997961,0.028968749999981894,0.031768749999980146,0.044574999999972144,0.038743749999975784,0.042699999999973315
tag.txt,0.019893749999987567,0.01723124999998923,0.020856249999986965,0.03902499999997561,0.03621249999997737,0.03975624999997515,0.05164374999996772,0.046706249999970806,0.054843749999965725,0.1913749999998804,0.19420624999987862,0.1990249999998756,0.31412499999980364,0.3326312499997921,0.30248124999981096,0.18222499999988612,0.18540624999988412,0.1737499999998914,0.07178124999995514,0.07016249999995615,0.07403124999995372,0.04296249999997315,0.0398312499999751,0.047649999999970216,0.03290624999997943,0.0286374999999821,0.033812499999978866,0.054062499999966214,0.04897499999996939,0.053793749999966375
tag.txt,0.01777499999998889,0.015637499999990225,0.01670624999998956,0.028956249999981903,0.026131249999983668,0.02763124999998273,0.05076249999996827,0.04557499999997151,0.048674999999969576,0.20428124999987232,0.20596874999987128,0.2113749999998679,0.31848749999980097,0.3404624999997872,0.328056249999795,0.1899249999998813,0.19433124999987855,0.18263124999988586,0.07810624999995118,0.07482499999995323,0.07633749999995229,0.03657499999997714,0.03229374999997982,0.036518749999977174,0.032262499999979835,0.027499999999982812,0.031112499999980555,0.042868749999973206,0.0372749999999767,0.0409562499999744
tag.txt,0.022424999999985984,0.019843749999987597,0.02299374999998563,0.041081249999974326,0.03751874999997655,0.04306874999997308,0.05138124999996788,0.048168749999969895,0.055174999999965516,0.18284999999988572,0.18712499999988305,0.18905624999988183,0.3122937499998048,0.32918124999979426,0.300806249999812,0.17814374999988866,0.17874999999988828,0.16996249999989377,0.07314374999995428,0.07111249999995556,0.07404999999995372,0.045706249999971436,0.04281249999997324,0.04969374999996894,0.03451874999997843,0.031062499999980585,0.035431249999977855,0.05845624999996347,0.05442499999996599,0.05976249999996265
tag.txt,0.02876874999998202,0.0249562499999844,0.022999999999985626,0.042774999999973265,0.03709999999997681,0.038856249999975716,0.0619187499999613,0.055868749999965085,0.06237499999996102,0.18683124999988324,0.19266874999987957,0.2033499999998729,0.22308749999986058,0.25609999999983996,0.2500062499998437,0.14845624999990722,0.16778749999989515,0.15884374999990072,0.0875312499999453,0.0878562499999451,0.08644374999994597,0.06204374999996122,0.05283749999996697,0.05331249999996668,0.07707499999995182,0.060124999999962424,0.059031249999963106,0.08151249999994906,0.06469999999995957,0.06478124999995952
tag.txt,0.0342437499999786,0.027012499999983116,0.03020624999998112,0.048331249999969794,0.039268749999975455,0.04638124999997101,0.06026249999996233,0.05069374999996831,0.05854374999996341,0.1718624999998926,0.18371874999988516,0.1798499999998876,0.251174999999843,0.3014999999998116,0.27084374999983074,0.15927499999990044,0.17877499999988827,0.16263124999989836,0.08764999999994522,0.08044374999994973,0.08216249999994865,0.054806249999965743,0.04244999999997347,0.05326249999996671,0.0551999999999655,0.03991874999997505,0.04818124999996989,0.07719374999995175,0.056218749999964866,0.06793749999995753
tag.txt,0.027799999999982623,0.0247999999999845,0.022868749999985706,0.04170624999997393,0.037637499999976474,0.03868749999997582,0.062343749999961035,0.05634999999996478,0.06211874999996118,0.1884687499998822,0.19329999999987918,0.20443124999987222,0.2279874999998575,0.2518374999998426,0.24921249999984424,0.1463999999999085,0.1633437499998979,0.15591249999990256,0.08627499999994608,0.08989374999994382,0.08596874999994628,0.061581249999961514,0.05418749999996613,0.05428124999996607,0.07734374999995167,0.06293124999996066,0.06145624999996159,0.08009374999994993,0.06571874999995893,0.06506249999995933
tag.txt,0.03691249999997693,0.029931249999981292,0.03223749999997985,0.05065624999996834,0.04199999999997375,0.04904999999996934,0.061143749999961784,0.05181874999996761,0.0574437499999641,0.1649374999998969,0.17371874999989143,0.17253124999989217,0.247974999999845,0.295993749999815,0.2709937499998306,0.16531249999989667,0.18309999999988555,0.1684499999998947,0.08581249999994636,0.08156249999994902,0.08101249999994936,0.05460624999996587,0.043537499999972785,0.05364999999996647,0.054149999999966156,0.03931249999997543,0.046043749999971226,0.07849374999995094,0.05902499999996311,0.06858749999995713
tag.txt,0.02743749999998285,0.023356249999985403,0.021949999999986283,0.041162499999974275,0.03608749999997744,0.038581249999975885,0.06301874999996061,0.05623124999996486,0.06531249999995918,0.19541249999987786,0.19711249999987682,0.20921874999986922,0.23126874999985544,0.2676374999998327,0.2506312499998434,0.15124374999990547,0.17268749999989208,0.16310624999989806,0.08685624999994572,0.08803124999994498,0.08508749999994682,0.0598312499999626,0.049787499999968884,0.05276249999996702,0.06774374999995766,0.0499249999999688,0.051068749999968084,0.07602499999995248,0.05914374999996303,0.062281249999961076
tag.txt,0.035787499999977636,0.02653124999998342,0.029206249999981747,0.048756249999969525,0.03756874999997652,0.04699374999997063,0.061337499999961666,0.05068124999996832,0.05672499999996455,0.1689687499998944,0.18328124999988546,0.18241249999988599,0.25589374999984005,0.31324999999980424,0.2807562499998245,0.16696874999989564,0.18513124999988428,0.1698999999998938,0.09078749999994326,0.08069374999994956,0.07874999999995078,0.05289999999996694,0.03958749999997526,0.05059374999996838,0.04624999999997109,0.03164999999998022,0.04058124999997464,0.07234999999995478,0.05162499999996773,0.06408124999995995
tag.txt,0.026618749999983364,0.023437499999985352,0.021893749999986317,0.03996874999997502,0.035174999999978016,0.037656249999976465,0.06168124999996145,0.05694374999996441,0.06348124999996033,0.19496874999987815,0.19657499999987715,0.20968749999986894,0.23828749999985108,0.267262499999833,0.2520874999998424,0.14986249999990633,0.1692749999998942,0.1657437499998964,0.08856874999994464,0.08949374999994407,0.08588124999994633,0.05844999999996347,0.04947499999996908,0.05050624999996843,0.06763749999995773,0.0519937499999675,0.051837499999967604,0.07395624999995377,0.06036874999996227,0.061224999999961734
tag.txt,0.03651249999997718,0.027156249999983027,0.030868749999980707,0.050893749999968194,0.03981874999997511,0.04805624999996996,0.059606249999962745,0.051499999999967815,0.05864999999996334,0.16586874999989634,0.17898749999988814,0.17560624999989025,0.25802499999983874,0.31100624999980564,0.27863124999982586,0.1665437499998959,0.18488124999988445,0.1719999999998925,0.08801874999994498,0.0809562499999494,0.07778749999995138,0.05374374999996641,0.04049999999997469,0.051399999999967874,0.04674999999997078,0.03263124999997961,0.04101874999997436,0.07403749999995372,0.05256249999996715,0.06598124999995876
tag.txt,0.02086249999998696,0.02854374999998216,0.02803124999998248,0.03386874999997883,0.04142499999997411,0.04136874999997414,0.05589999999996506,0.057143749999964286,0.06126249999996171,0.20359999999987274,0.18071874999988705,0.18666874999988334,0.3003937499998123,0.26631874999983357,0.25621874999983985,0.17787499999988882,0.17451874999989092,0.17332499999989168,0.07478749999995325,0.08540624999994662,0.08579999999994638,0.045412499999971614,0.05196874999996752,0.05241249999996724,0.03514374999997803,0.048068749999969955,0.04693124999997067,0.0521562499999674,0.06588749999995883,0.06798124999995751
tag.txt,0.021543749999986535,0.024887499999984446,0.026856249999983213,0.04194374999997379,0.04265624999997334,0.05074999999996828,0.054506249999965936,0.054924999999965675,0.06166249999996146,0.19468749999987833,0.1857562499998839,0.17915624999988802,0.2438374999998476,0.22038749999986226,0.20916874999986926,0.16914999999989427,0.14759999999990775,0.14141249999991162,0.0926437499999421,0.09201874999994249,0.08951249999994405,0.05643124999996473,0.06216249999996115,0.06634999999995853,0.05889374999996319,0.0892749999999442,0.0854499999999466,0.06636249999995852,0.0803312499999498,0.08968124999994395
tag.txt,0.019206249999987997,0.027162499999983023,0.02550624999998406,0.03179374999998013,0.03860624999997587,0.037306249999976684,0.056043749999964976,0.055937499999965036,0.06139374999996163,0.2105874999998684,0.18997499999988127,0.19541249999987786,0.3190437499998006,0.2829999999998231,0.2763187499998273,0.16834999999989478,0.1730999999998918,0.17270624999989206,0.06922499999995674,0.0804749999999497,0.08013124999994992,0.045193749999971757,0.04980624999996887,0.049943749999968784,0.03288124999997945,0.04238749999997351,0.041493749999974065,0.0476749999999702,0.05954999999996278,0.059787499999962634
tag.txt,0.021337499999986662,0.02569374999998394,0.027362499999982897,0.0438374999999726,0.04443124999997223,0.053793749999966375,0.056531249999964665,0.054037499999966224,0.061062499999961835,0.1915374999998803,0.18118124999988677,0.1756874999998902,0.23646249999985222,0.2219312499998613,0.20536249999987163,0.17252499999989218,0.14741874999990787,0.14053749999991216,0.09342499999994161,0.09178749999994264,0.08869999999994456,0.05674374999996454,0.06283749999996073,0.06841249999995724,0.05904999999996309,0.08841874999994474,0.08684374999994572,0.06854999999995716,0.08226249999994859,0.09223749999994235
tag.txt,0.03442499999997849,0.030456249999980964,0.026862499999983212,0.04716874999997052,0.04163749999997397,0.04181874999997386,0.06196249999996127,0.05624374999996485,0.06308124999996058,0.17355624999989153,0.17773124999988893,0.19004374999988122,0.2318562499998551,0.26835624999983226,0.263956249999835,0.1627124999998983,0.1718499999998926,0.17490624999989068,0.08583749999994635,0.08126874999994921,0.08021874999994986,0.05988749999996257,0.05394999999996628,0.05161874999996774,0.06025624999996234,0.049287499999969196,0.043481249999972826,0.08233749999994854,0.06921874999995674,0.06401249999995999
tag.txt,0.02786874999998258,0.0251187499999843,0.024549999999984657,0.050393749999968505,0.04248749999997344,0.048849999999969466,0.05838124999996351,0.05386249999996633,0.061849999999961346,0.1742437499998911,0.1841937499998849,0.1841499999998849,0.19693749999987692,0.22517499999985927,0.21543749999986536,0.1435437499999103,0.15371249999990394,0.15466874999990332,0.09133124999994292,0.09113124999994304,0.09193749999994254,0.06885624999995696,0.06318124999996051,0.06411249999995992,0.09685624999993947,0.08389999999994756,0.07557499999995276,0.09158749999994276,0.07723749999995172,0.07886874999995071
tag.txt,0.03308749999997932,0.02996874999998127,0.026874999999983204,0.045193749999971757,0.04044999999997472,0.03945624999997534,0.06269374999996082,0.05732499999996417,0.06406874999995996,0.17882499999988824,0.1809624999998869,0.19253124999987967,0.2422312499998486,0.2778062499998264,0.2730812499998293,0.16856249999989464,0.17448124999989095,0.17397499999989127,0.08646249999994596,0.08041874999994973,0.07913124999995054,0.056618749999964614,0.05075624999996828,0.04988749999996882,0.05212499999996742,0.043706249999972684,0.04006249999997496,0.07419999999995362,0.06412499999995992,0.06093124999996192
tag.txt,0.027412499999982867,0.02469999999998456,0.023624999999985234,0.0499249999999688,0.0433562499999729,0.048937499999969415,0.05588749999996507,0.05274374999996703,0.060631249999962104,0.17238124999989227,0.1788499999998882,0.1820749999998862,0.19333124999987916,0.2227124999998608,0.2116687499998677,0.14502499999990937,0.15299999999990438,0.1548749999999032,0.09082499999994323,0.09285624999994196,0.09353749999994154,0.06913749999995679,0.0630562499999606,0.06556249999995903,0.1032187499999355,0.09144374999994284,0.07986874999995008,0.09285624999994196,0.0772812499999517,0.07921874999995049
tag.txt,0.01977499999998764,0.015618749999990238,0.016199999999989875,0.03548124999997782,0.0281624999999824,0.03246249999997971,0.053643749999966475,0.04307499999997308,0.05211249999996743,0.18918749999988177,0.19475624999987828,0.19938749999987537,0.2595562499998378,0.3092312499998067,0.28268749999982334,0.18452499999988467,0.19933124999987542,0.18888124999988196,0.09225624999994234,0.08326249999994796,0.08672499999994579,0.05015624999996865,0.03947499999997533,0.04461874999997211,0.05331874999996668,0.04083749999997448,0.04392499999997255,0.062099999999961186,0.04624999999997109,0.05299999999996687
tag.txt,0.017618749999988987,0.014043749999991223,0.01446249999999096,0.03048124999998095,0.02468749999998457,0.028899999999981937,0.05052499999996842,0.03932499999997542,0.04721249999997049,0.19924999999987547,0.20375624999987266,0.2039624999998725,0.28426249999982234,0.33275624999979203,0.3115187499998053,0.19149999999988032,0.19990624999987505,0.1985687499998759,0.08849999999994469,0.07931874999995042,0.07948749999995032,0.04468124999997208,0.035249999999977966,0.03763124999997648,0.04185624999997384,0.03233124999997979,0.03469374999997832,0.051324999999967924,0.03862499999997586,0.043562499999972776
tag.txt,0.017831249999988856,0.013956249999991278,0.014724999999990798,0.031493749999980315,0.025043749999984346,0.027331249999982918,0.051737499999967664,0.03976874999997514,0.04689999999997069,0.18954374999988152,0.19353749999987904,0.20069374999987458,0.29179999999981765,0.34487499999978444,0.3218374999997988,0.2075437499998703,0.21655624999986464,0.21398124999986626,0.0867187499999458,0.07351874999995404,0.0753562499999529,0.03948124999997532,0.029193749999981755,0.032349999999979784,0.03547499999997783,0.02691249999998318,0.028012499999982492,0.04837499999996977,0.0366374999999771,0.03881249999997574
tag.txt,0.013512499999991554,0.011049999999993093,0.010699999999993312,0.023924999999985045,0.01985624999998759,0.022331249999986043,0.04529374999997169,0.035512499999977805,0.042093749999973694,0.21808749999986368,0.21753749999986405,0.22411249999985994,0.3230249999997981,0.3653249999997717,0.3468312499997832,0.1713437499998929,0.17688124999988944,0.1736062499998915,0.07719374999995175,0.07078124999995576,0.07120624999995549,0.04240624999997349,0.03569374999997769,0.038756249999975775,0.04225624999997359,0.0339187499999788,0.03470624999997831,0.042956249999973155,0.033443749999979094,0.03565624999997771
tag.txt,0.019481249999987824,0.014581249999990886,0.020068749999987458,0.03469374999997832,0.027237499999982977,0.038324999999976045,0.0540874999999662,0.04203124999997373,0.05709374999996432,0.18602499999988373,0.18618124999988364,0.18630624999988354,0.27657499999982715,0.34168124999978644,0.27558749999982773,0.1948812499998782,0.21121874999986798,0.21128749999986796,0.09115624999994303,0.07436874999995352,0.08427499999994732,0.04424374999997235,0.03194374999998004,0.03831249999997605,0.04323124999997298,0.030949999999980656,0.03479999999997825,0.05562499999996524,0.03980624999997512,0.05394374999996628
tag.txt,0.01606249999998996,0.01179374999999263,0.01689374999998944,0.026362499999983524,0.020106249999987433,0.03225624999997984,0.04838124999996976,0.034743749999978285,0.05452499999996592,0.21209374999986744,0.2162937499998648,0.21047499999986846,0.30768124999980767,0.3683312499997698,0.2941687499998161,0.1832062499998855,0.188787499999882,0.19146874999988034,0.08404999999994747,0.07136874999995539,0.07883124999995073,0.041756249999973905,0.03196874999998002,0.04040624999997475,0.03691874999997693,0.026849999999983217,0.034293749999978564,0.04348749999997282,0.029756249999981402,0.04668124999997082
tag.txt,0.01843124999998848,0.013299999999991688,0.01794999999998878,0.029674999999981452,0.022793749999985752,0.03324999999997922,0.0507187499999683,0.03937499999997539,0.054249999999966096,0.193631249999879,0.19451874999987842,0.1907187499998808,0.29768124999981393,0.3628937499997732,0.2988562499998132,0.20492499999987193,0.2148749999998657,0.22252499999986092,0.08683749999994572,0.0681624999999574,0.07656249999995215,0.03803749999997623,0.026999999999983124,0.032868749999979456,0.03391249999997881,0.02376249999998515,0.027781249999982636,0.04614999999997116,0.03331874999997918,0.045237499999971724
tag.txt,0.013418749999991613,0.009981249999993762,0.013931249999991293,0.02222499999998611,0.01731249999998918,0.02683124999998323,0.043374999999972894,0.03239999999997975,0.05033749999996854,0.21913749999986304,0.22309374999986056,0.21894999999986314,0.3385624999997884,0.388781249999757,0.32523749999979673,0.17239999999989225,0.172818749999892,0.17384999999989134,0.07484999999995322,0.06662499999995836,0.0729749999999544,0.04020624999997487,0.032756249999979524,0.03886249999997571,0.0363187499999773,0.028218749999982362,0.036356249999977275,0.03950624999997531,0.028012499999982492,0.04266874999997333
tag.txt,0.016606249999989622,0.013956249999991278,0.0167999999999895,0.025699999999983937,0.023318749999985424,0.03394999999997878,0.04643124999997098,0.038518749999975926,0.05702499999996436,0.21754374999986403,0.21737499999986415,0.21495624999986565,0.31654999999980216,0.3511062499997806,0.2901437499998187,0.1657437499998964,0.17257499999989215,0.16795624999989503,0.07854374999995091,0.0756749999999527,0.07881874999995074,0.043812499999972616,0.03802499999997624,0.04634374999997103,0.04349999999997281,0.033881249999978824,0.04244999999997347,0.04556874999997152,0.03556874999997777,0.051556249999967774
tag.txt,0.02534374999998416,0.020274999999987327,0.02513749999998429,0.03654374999997716,0.03449999999997844,0.04741874999997036,0.054587499999965886,0.04596874999997127,0.05756874999996402,0.17965624999988772,0.17782499999988885,0.1702374999998936,0.2955124999998153,0.3372749999997892,0.28411874999982245,0.1881499999998824,0.20084374999987448,0.1977499999998764,0.0822374999999486,0.07446874999995345,0.08055624999994965,0.047818749999970114,0.038231249999976104,0.04360624999997274,0.03589374999997757,0.027481249999982825,0.03506874999997808,0.05425624999996609,0.043131249999973045,0.05853749999996341
tag.txt,0.015906249999990057,0.012637499999992101,0.015506249999990309,0.02491249999998443,0.020599999999987125,0.03017499999998114,0.04603124999997123,0.039187499999975506,0.05709999999996431,0.21996249999986253,0.22165624999986147,0.2211062499998618,0.3242187499997974,0.359943749999775,0.2966874999998146,0.16571874999989641,0.1705749999998934,0.16999999999989374,0.07853124999995091,0.07416874999995364,0.07748749999995157,0.042343749999973535,0.035162499999978024,0.044224999999972356,0.039956249999975026,0.0321499999999799,0.039699999999975186,0.042418749999973485,0.0339187499999788,0.04801249999996999
tag.txt,0.02473749999998454,0.020587499999987133,0.02423749999998485,0.03461874999997836,0.03306249999997934,0.04445624999997221,0.05443124999996598,0.04791874999997005,0.05874999999996328,0.18016874999988738,0.17578124999989014,0.1690874999998943,0.29781249999981385,0.33511249999979054,0.29140624999981785,0.2023937499998735,0.21529999999986543,0.20824999999986984,0.08198749999994875,0.07173749999995517,0.07713124999995179,0.04135624999997415,0.033106249999979305,0.039431249999975354,0.03214374999997991,0.025943749999983785,0.03219999999997988,0.05034999999996853,0.04144999999997409,0.05504999999996559
tag.txt,0.017962499999988772,0.017074999999989328,0.016568749999989644,0.02806874999998246,0.0257624999999839,0.027712499999982678,0.048506249999969685,0.04589999999997131,0.053874999999966325,0.20633124999987104,0.20381874999987262,0.21004999999986873,0.3110124999998056,0.33161874999979274,0.3114249999998054,0.1857562499998839,0.18905624999988183,0.18805624999988246,0.08137499999994914,0.07981874999995012,0.07924374999995047,0.03922499999997548,0.034481249999978446,0.03697499999997689,0.037818749999976364,0.03297499999997939,0.033962499999978774,0.04394374999997253,0.03949374999997532,0.04213124999997367
tag.txt,0.01964999999998772,0.01868749999998832,0.01814374999998866,0.030456249999980964,0.028199999999982375,0.03241874999997974,0.048774999999969516,0.0455999999999715,0.05318124999996676,0.20044999999987473,0.20055624999987465,0.20452499999987217,0.31449374999980345,0.33221874999979234,0.308837499999807,0.18522499999988423,0.1891437499998818,0.18548749999988406,0.08023749999994985,0.0777562499999514,0.07848749999995094,0.03907499999997558,0.035168749999978016,0.038499999999975935,0.036556249999977156,0.03289374999997944,0.035512499999977805,0.045081249999971824,0.03977499999997514,0.044906249999971934
tag.txt,0.019043749999988098,0.01726249999998921,0.01718124999998926,0.02773124999998267,0.025799999999983874,0.02870624999998206,0.048343749999969786,0.045843749999971345,0.05198124999996751,0.21308124999986683,0.21194374999986754,0.2180937499998637,0.3124499999998047,0.33209999999979245,0.31208124999980497,0.1733062499998917,0.17529999999989043,0.17276874999989203,0.08079374999994951,0.07843124999995098,0.0780874999999512,0.0403249999999748,0.03634999999997728,0.04071874999997455,0.03946249999997534,0.036374999999977266,0.03613124999997742,0.04546249999997159,0.04059374999997463,0.044249999999972346
tag.txt,0.02028749999998732,0.018968749999988144,0.01874999999998828,0.0299187499999813,0.028437499999982227,0.03154999999998028,0.05091249999996818,0.04684374999997072,0.05273749999996704,0.20053124999987468,0.2001374999998749,0.20437499999987227,0.3022562499998111,0.32169374999979894,0.3042812499998098,0.19051874999988092,0.19444374999987848,0.19033749999988103,0.08201249999994874,0.07998749999995,0.07941874999995037,0.03830624999997606,0.03512499999997805,0.03709374999997682,0.03804374999997622,0.03339999999997913,0.035687499999977695,0.04721249999997049,0.0409624999999744,0.045768749999971395
tag.txt,0.022724999999985798,0.021174999999986767,0.02052499999998717,0.03230624999997981,0.02964999999998147,0.03176249999998015,0.054656249999965836,0.05025624999996859,0.05774999999996391,0.20244999999987348,0.2043437499998723,0.20709999999987055,0.2824062499998235,0.3033499999998104,0.2876499999998202,0.1753624999998904,0.17924374999988796,0.17986874999988758,0.08094374999994941,0.07909999999995056,0.07756874999995152,0.0454437499999716,0.041074999999974326,0.04393124999997254,0.049112499999969306,0.04331249999997293,0.04213749999997366,0.05459374999996588,0.04849374999996969,0.05170624999996768
tag.txt,0.022649999999985845,0.020806249999986995,0.02065624999998709,0.031656249999980214,0.029806249999981372,0.03283749999997947,0.05589999999996506,0.05221874999996736,0.0595187499999628,0.20791249999987005,0.2113624999998679,0.21320624999986673,0.2814374999998241,0.30019374999981235,0.28042499999982473,0.1671812499998955,0.16966249999989397,0.16762499999989525,0.07787499999995133,0.07628749999995232,0.07618749999995238,0.04557499999997151,0.04321874999997299,0.04633124999997104,0.05153124999996779,0.04579374999997138,0.04658749999997088,0.05828124999996357,0.050649999999968345,0.056624999999964606
tag.txt,0.021262499999986712,0.019206249999987997,0.019193749999988005,0.03047499999998095,0.027737499999982665,0.03017499999998114,0.05369374999996644,0.05008749999996869,0.05659374999996463,0.2110374999998681,0.2137624999998664,0.21561874999986524,0.2866562499998208,0.30691874999980817,0.29081249999981823,0.16171874999989894,0.16667499999989582,0.16954999999989404,0.0777624999999514,0.07608749999995244,0.07589999999995256,0.04776249999997015,0.04394999999997253,0.04503749999997185,0.05308749999996682,0.046549999999970906,0.045081249999971824,0.05654374999996466,0.04902499999996936,0.05203749999996748
tag.txt,0.024743749999984535,0.02214374999998616,0.022299999999986064,0.03418124999997864,0.03155624999998028,0.03416874999997865,0.05848124999996345,0.054143749999966156,0.0614437499999616,0.20069999999987456,0.2034999999998728,0.20550624999987155,0.26809374999983243,0.28853124999981966,0.27304374999982933,0.1718187499998926,0.1771187499998893,0.17442499999989097,0.0820749999999487,0.08004999999994997,0.08022499999994986,0.04829999999996981,0.0441624999999724,0.0455999999999715,0.050906249999968185,0.04538124999997164,0.045862499999971336,0.06069999999996206,0.05341249999996662,0.05742499999996411
tag.txt,0.012006249999992497,0.011893749999992567,0.014493749999990941,0.02806249999998246,0.026393749999983503,0.03091249999998068,0.0355249999999778,0.03268749999997957,0.03860624999997587,0.18338749999988538,0.18268124999988583,0.17690624999988944,0.3313499999997929,0.34743749999978285,0.3243374999997973,0.2132937499998667,0.21385624999986633,0.21105624999986808,0.07481874999995324,0.07228749999995482,0.07559374999995275,0.038231249999976104,0.03608749999997744,0.04003124999997498,0.04054374999997466,0.03801249999997624,0.04097499999997439,0.042781249999973264,0.038662499999975834,0.04708749999997057
tag.txt,0.011062499999993087,0.012612499999992118,0.016387499999989757,0.02716874999998302,0.027174999999983015,0.03577499999997764,0.034924999999978175,0.03291874999997942,0.038399999999976,0.17405624999989122,0.16779374999989513,0.15884374999990072,0.35433124999977855,0.36726874999977044,0.33128124999979297,0.220799999999862,0.22104374999986184,0.21420624999986612,0.07208124999995495,0.07059999999995588,0.07682499999995199,0.036218749999977366,0.034587499999978386,0.04231249999997355,0.03129999999998044,0.029781249999981385,0.03745624999997659,0.03805624999997621,0.036218749999977366,0.04851249999996968
tag.txt,0.011818749999992613,0.012137499999992415,0.015268749999990457,0.02908749999998182,0.02766249999998271,0.035706249999977686,0.03495624999997815,0.03179999999998012,0.03818749999997613,0.17506874999989058,0.174406249999891,0.16858124999989463,0.31509999999980304,0.331174999999793,0.2988249999998132,0.21844999999986348,0.2156687499998652,0.2088187499998695,0.07574374999995266,0.07411874999995367,0.07889374999995069,0.04156874999997402,0.040474999999974705,0.045274999999971706,0.0508749999999682,0.050043749999968724,0.05749999999996406,0.04733124999997042,0.04251249999997343,0.05294374999996691
tag.txt,0.012574999999992141,0.012568749999992145,0.01635624999998978,0.029431249999981604,0.02691249999998318,0.03621249999997737,0.03675624999997703,0.033443749999979094,0.03958124999997526,0.16888749999989444,0.17011249999989367,0.15857499999990088,0.3347312499997908,0.35819999999977614,0.32147499999979906,0.21876249999986327,0.219206249999863,0.21268749999986708,0.07590624999995256,0.07272499999995455,0.07646249999995221,0.03881249999997574,0.03538749999997788,0.04417499999997239,0.03957499999997527,0.03331249999997918,0.04274999999997328,0.044562499999972145,0.03813124999997617,0.05172499999996767
tag.txt,0.018781249999988262,0.01709999999998931,0.01910624999998806,0.03211874999997993,0.02932499999998167,0.03385624999997884,0.04746874999997033,0.04291249999997318,0.04835624999996978,0.1811187499998868,0.18388124999988506,0.18118124999988677,0.3041874999998099,0.3353937499997904,0.30886249999980697,0.19988124999987508,0.20170624999987394,0.20085624999987448,0.08055624999994965,0.07501249999995312,0.07838749999995101,0.04250624999997343,0.0374374999999766,0.041318749999974175,0.038931249999975666,0.03221249999997987,0.03577499999997764,0.05444999999996597,0.045018749999971866,0.05229999999996731
tag.txt,0.01559999999999025,0.014074999999991204,0.016781249999989513,0.032956249999979405,0.028631249999982105,0.036449999999977216,0.04357499999997277,0.038999999999975624,0.04388749999997257,0.1803124999998873,0.1862499999998836,0.17844374999988846,0.30554999999980903,0.32904999999979434,0.2995124999998128,0.20483749999987197,0.20408749999987244,0.20089374999987444,0.08101874999994936,0.078412499999951,0.08184999999994884,0.041931249999973795,0.03820624999997612,0.04300624999997312,0.04225624999997359,0.037637499999976474,0.04393749999997254,0.05196249999996752,0.044649999999972094,0.055237499999965474
tag.txt,0.016724999999989547,0.016181249999989888,0.02036874999998727,0.03266249999997958,0.030706249999980808,0.03879999999997575,0.04386874999997258,0.04068124999997457,0.045074999999971825,0.18211249999988618,0.18034374999988728,0.17113749999989303,0.3035062499998103,0.33026874999979355,0.28886249999981944,0.209618749999869,0.20723749999987048,0.204787499999872,0.08011874999994993,0.07591249999995256,0.08180624999994887,0.04341874999997286,0.03973749999997516,0.0465624999999709,0.036299999999977316,0.03273124999997954,0.04197499999997376,0.051668749999967706,0.046199999999971125,0.06062499999996211
tag.txt,0.015787499999990132,0.012924999999991922,0.017537499999989038,0.03475624999997828,0.028474999999982202,0.03691874999997693,0.03869999999997581,0.033893749999978816,0.04077499999997451,0.1691312499998943,0.17724999999988922,0.16853749999989467,0.28588124999982134,0.3166437499998021,0.2793562499998254,0.21048124999986845,0.2163124999998648,0.2043312499998723,0.08274374999994828,0.07748124999995157,0.08313124999994805,0.046631249999970856,0.042324999999973544,0.04882499999996948,0.0630562499999606,0.04950624999996906,0.06399999999996,0.05283124999996698,0.04518749999997176,0.05658749999996463
tag.txt,0.007349999999995406,0.008731249999994544,0.020999999999986876,0.01769374999998894,0.017499999999989062,0.04227499999997358,0.026806249999983246,0.024599999999984624,0.03324999999997922,0.17501874999989062,0.1673624999998954,0.14818749999990738,0.3717874999997676,0.3956749999997527,0.2899187499998188,0.2465624999998459,0.23673749999985202,0.20845624999986972,0.06407499999995996,0.060812499999961994,0.07256249999995465,0.029031249999981856,0.027899999999982564,0.04613749999997117,0.03171249999998018,0.032499999999979684,0.0668624999999582,0.029962499999981275,0.028181249999982387,0.07134999999995541
tag.txt,0.005487499999996571,0.00934374999999416,0.02333124999998542,0.015687499999990195,0.01854374999998841,0.047299999999970435,0.022949999999985655,0.020506249999987184,0.029299999999981688,0.17002499999989373,0.15924999999990047,0.1355374999999153,0.35735624999977667,0.37303124999976683,0.2516937499998427,0.24883749999984447,0.23381874999985386,0.19564999999987773,0.06442499999995974,0.06144999999996159,0.07443124999995349,0.0316874999999802,0.034481249999978446,0.057124999999964295,0.05616874999996489,0.062281249999961076,0.10649999999993344,0.027374999999982892,0.027293749999982943,0.07913124999995054
tag.txt,0.007331249999995418,0.008356249999994778,0.015956249999990027,0.019268749999987955,0.01959999999998775,0.036712499999977055,0.025831249999983857,0.0222374999999861,0.03164374999998022,0.16506249999989683,0.15864374999990086,0.15269999999990455,0.3443249999997848,0.36982499999976887,0.2873749999998204,0.2412874999998492,0.231999999999855,0.20799374999987,0.0670249999999581,0.06178749999996138,0.06952499999995655,0.03291249999997943,0.031493749999980315,0.04646874999997096,0.06309374999996056,0.06501249999995937,0.08981249999994387,0.03386249999997883,0.031043749999980597,0.061812499999961364
tag.txt,0.007362499999995399,0.007393749999995379,0.016168749999989896,0.020087499999987445,0.01811249999998868,0.03641874999997724,0.026087499999983697,0.022806249999985748,0.03373124999997892,0.17035624999989352,0.16805624999989496,0.1601499999998999,0.34278749999978575,0.3662687499997711,0.28614999999982116,0.23864374999985086,0.23504374999985309,0.20459999999987213,0.06973749999995642,0.0641562499999599,0.07442499999995349,0.03273124999997954,0.030793749999980753,0.044993749999971876,0.05895624999996315,0.05836249999996352,0.08296249999994815,0.03324999999997922,0.02900624999998187,0.06039999999996225
tag.txt,0.009493749999994066,0.009968749999993769,0.0156812499999902,0.023387499999985382,0.022631249999985854,0.03572499999997767,0.033212499999979245,0.0313624999999804,0.040006249999975,0.17739999999988912,0.17479374999989075,0.1651249999998968,0.3725187499997672,0.38532499999975917,0.3259124999997963,0.22653749999985842,0.2265562499998584,0.21883749999986324,0.06645624999995846,0.06420624999995987,0.07378124999995389,0.029174999999981764,0.02819374999998238,0.036556249999977156,0.028199999999982375,0.02601874999998374,0.03853749999997591,0.033618749999978985,0.03094374999998066,0.04983749999996885
tag.txt,0.010131249999993668,0.0115187499999928,0.02491249999998443,0.02841874999998224,0.02726249999998296,0.04809999999996994,0.03537499999997789,0.03317499999997926,0.0422312499999736,0.17259999999989212,0.16724374999989547,0.1430374999999106,0.3652499999997717,0.38169999999976145,0.28136874999982414,0.22289999999986068,0.22212499999986118,0.2075437499998703,0.06988124999995632,0.06621249999995861,0.08082499999994948,0.034724999999978294,0.033524999999979044,0.04958749999996901,0.025287499999984194,0.02286249999998571,0.049868749999968834,0.035431249999977855,0.03437499999997851,0.07252499999995467
tag.txt,0.010349999999993531,0.010462499999993461,0.0179187499999888,0.024437499999984725,0.023637499999985226,0.038762499999975775,0.03208124999997995,0.029337499999981663,0.03753749999997654,0.1726562499998921,0.1691312499998943,0.1585437499999009,0.36214999999977365,0.3797687499997626,0.31383124999980383,0.22496874999985939,0.22294999999986065,0.2087874999998695,0.06790624999995756,0.06606249999995871,0.0750437499999531,0.032774999999979515,0.03093124999998067,0.04137499999997414,0.03574374999997766,0.03403124999997873,0.050987499999968135,0.03693124999997692,0.03368749999997894,0.05721249999996424
tag.txt,0.011543749999992785,0.012306249999992308,0.02436874999998477,0.029162499999981772,0.027018749999983112,0.04890624999996943,0.035674999999977704,0.03401249999997874,0.04204999999997372,0.16968749999989394,0.1681812499998949,0.14405624999990996,0.3517812499997801,0.3685249999997697,0.2783249999998261,0.22314374999986053,0.22344999999986034,0.19846249999987595,0.07185624999995509,0.06624999999995859,0.07913124999995054,0.03740624999997662,0.0359937499999775,0.05258124999996713,0.03081249999998074,0.02829999999998231,0.05745624999996409,0.038931249999975666,0.035962499999977526,0.07466249999995334
tag.txt,0.022706249999985807,0.022168749999986144,0.023524999999985297,0.03761249999997649,0.03514374999997803,0.03943749999997535,0.062349999999961034,0.05965624999996271,0.06811249999995743,0.20681874999987074,0.20916249999986927,0.2051249999998718,0.25658749999983965,0.2694374999998316,0.24968749999984394,0.15383749999990384,0.1556687499999027,0.1486499999999071,0.0842999999999473,0.08457499999994714,0.08346874999994783,0.056787499999964505,0.05444999999996597,0.059543749999962786,0.05660624999996462,0.05246249999996721,0.05742499999996411,0.062393749999961,0.0572749999999642,0.06502499999995937
tag.txt,0.03306874999997933,0.03262499999997961,0.03306874999997933,0.054412499999965995,0.053631249999966484,0.05621249999996487,0.06251874999996093,0.06071874999996205,0.06517499999995927,0.16259999999989838,0.16157499999989902,0.16241249999989849,0.26524374999983424,0.2778062499998264,0.26390624999983503,0.16139999999989912,0.16229999999989855,0.158431249999901,0.0798437499999501,0.07733749999995167,0.07829374999995106,0.06265624999996083,0.06128749999996169,0.06441874999995974,0.04574374999997141,0.043631249999972734,0.04564374999997147,0.07251249999995468,0.06908749999995682,0.07243749999995473
tag.txt,0.02217499999998614,0.021543749999986535,0.02257499999998589,0.035674999999977704,0.03436249999997852,0.038231249999976104,0.0628937499999607,0.05876874999996327,0.06648124999995846,0.2113874999998679,0.21273749999986705,0.20837499999986978,0.2564187499998397,0.26888749999983197,0.25175624999984264,0.15192499999990505,0.1563374999999023,0.14919374999990676,0.08349999999994781,0.08361874999994774,0.08045624999994971,0.05767499999996395,0.053468749999966585,0.059543749999962786,0.0572749999999642,0.053449999999966594,0.05818124999996364,0.061074999999961826,0.05682499999996449,0.06520624999995925
tag.txt,0.03417499999997864,0.03376874999997889,0.034056249999978715,0.05591249999996505,0.0553624999999654,0.06007499999996245,0.06341874999996036,0.060131249999962416,0.06377499999996014,0.15783749999990135,0.15988124999990008,0.15814999999990115,0.2643124999998348,0.2733499999998292,0.26129999999983666,0.16099374999989938,0.16036249999989977,0.15562499999990273,0.08044999999994971,0.07767499999995145,0.0785624999999509,0.06439374999995975,0.06366249999996021,0.0666999999999583,0.0455999999999715,0.04409999999997244,0.046968749999970645,0.07290624999995443,0.07170624999995519,0.07478749999995325
tag.txt,0.028274999999982328,0.02521249999998424,0.028168749999982395,0.03898124999997564,0.03729374999997669,0.04333124999997292,0.05623749999996485,0.05378749999996638,0.06059374999996213,0.185581249999884,0.18188124999988634,0.17620624999988987,0.286412499999821,0.3054374999998091,0.27403124999982875,0.19213749999987992,0.198399999999876,0.19101249999988063,0.0791999999999505,0.07178124999995514,0.07631249999995231,0.04359999999997275,0.04009374999997494,0.04599374999997125,0.03191874999998005,0.030668749999980833,0.03702499999997686,0.057656249999963965,0.05544374999996535,0.06732499999995792
tag.txt,0.025531249999984042,0.021412499999986616,0.025224999999984236,0.036806249999976996,0.03384999999997884,0.04033749999997479,0.0625562499999609,0.05717499999996427,0.06694374999995815,0.19754374999987653,0.19622499999987736,0.18660624999988337,0.27350624999982903,0.29753124999981406,0.264049999999835,0.16899999999989437,0.18595624999988378,0.18196874999988627,0.08381874999994761,0.07916249999995052,0.08301249999994811,0.04930624999996918,0.04150624999997406,0.04756874999997027,0.04266874999997333,0.035018749999978116,0.04101874999997436,0.05926249999996296,0.0521624999999674,0.06326874999996046
tag.txt,0.02481874999998449,0.022931249999985668,0.028424999999982235,0.0377562499999764,0.03735624999997665,0.04603124999997123,0.05488749999996569,0.05163749999996772,0.05811874999996368,0.19078124999988075,0.18549374999988408,0.17451874999989092,0.2986124999998134,0.30873749999980704,0.26714374999983304,0.1895874999998815,0.19879999999987574,0.18950624999988155,0.07751874999995155,0.07208124999995495,0.07923749999995047,0.04289374999997319,0.040131249999974916,0.04784999999997009,0.029799999999981376,0.028518749999982176,0.03795624999997628,0.05334374999996666,0.054312499999966055,0.07121249999995549
tag.txt,0.0249562499999844,0.02132499999998667,0.025849999999983844,0.03566249999997771,0.03451874999997843,0.04266874999997333,0.060312499999962306,0.054549999999965904,0.06372499999996017,0.196806249999877,0.19477499999987827,0.18373124999988516,0.2764312499998272,0.29721874999981424,0.2628624999998357,0.17746249999988908,0.1916937499998802,0.18249374999988593,0.0833624999999479,0.07804999999995121,0.08425624999994734,0.04685624999997071,0.04059999999997462,0.047393749999970376,0.04057499999997464,0.035331249999977915,0.041593749999974006,0.057574999999964016,0.05193749999996754,0.06542499999995911
tag.txt,0.02906874999998183,0.023268749999985457,0.024456249999984716,0.04057499999997464,0.03528749999997795,0.03692499999997692,0.06519374999995925,0.05964999999996272,0.06343124999996036,0.18934999999988167,0.18972499999988143,0.19570624999987768,0.25173124999984264,0.2997937499998126,0.27769374999982643,0.1544062499999035,0.16728749999989545,0.15629999999990232,0.07948124999995032,0.07128124999995544,0.07402499999995374,0.05826874999996358,0.04896874999996939,0.053874999999966325,0.05761874999996399,0.044318749999972304,0.05061249999996837,0.07430624999995356,0.06041874999996224,0.06697499999995814
tag.txt,0.027768749999982644,0.02276874999998577,0.02406249999998496,0.04016874999997489,0.03459999999997838,0.03783749999997635,0.06286249999996071,0.05916249999996302,0.0631999999999605,0.1945687499998784,0.19501874999987812,0.19959999999987524,0.23514999999985303,0.27319999999982925,0.2545499999998409,0.1578999999999013,0.1758374999998901,0.15895624999990066,0.0873687499999454,0.08361874999994774,0.08323749999994798,0.05924999999996297,0.04803124999996998,0.056293749999964816,0.05955624999996278,0.045943749999971285,0.054068749999966206,0.07540624999995287,0.06181874999996136,0.06819374999995738
tag.txt,0.027756249999982652,0.021831249999986355,0.023931249999985044,0.04204374999997372,0.034493749999978444,0.03733124999997667,0.06384374999996009,0.05717499999996427,0.06231249999996105,0.18507499999988433,0.1899249999998813,0.19323749999987921,0.2503562499998435,0.30118749999981176,0.2764624999998272,0.1537499999999039,0.167999999999895,0.15650624999990218,0.08014374999994991,0.07314374999995428,0.07606249999995246,0.059612499999962744,0.048068749999969955,0.05369374999996644,0.05956249999996277,0.04436874999997227,0.05222499999996736,0.07785624999995135,0.06180624999996137,0.06823749999995735
tag.txt,0.03469999999997831,0.027912499999982555,0.02951874999998155,0.04934374999996916,0.03991249999997505,0.04551874999997155,0.06623124999995861,0.05821249999996362,0.06379374999996013,0.17050624999989344,0.17495624999989065,0.1767999999998895,0.20784999999987008,0.26218749999983615,0.23958749999985027,0.1582312499999011,0.187199999999883,0.16779374999989513,0.09337499999994164,0.0844812499999472,0.08781249999994512,0.06387499999996007,0.04846249999996971,0.05657499999996464,0.065593749999959,0.04667499999997083,0.054749999999965784,0.09029374999994356,0.06999999999995625,0.07784999999995135
tag.txt,0.023512499999985306,0.019481249999987824,0.020231249999987357,0.035156249999978025,0.030331249999981044,0.03368749999997894,0.062324999999961044,0.05498749999996563,0.060899999999961936,0.2068687499998707,0.20503749999987186,0.20500624999987188,0.2478374999998451,0.2826249999998234,0.2662687499998336,0.14882499999990698,0.1662374999998961,0.1558187499999026,0.08792499999994505,0.08349374999994781,0.08402499999994749,0.05826874999996358,0.04902499999996936,0.05426874999996608,0.06262499999996086,0.05193749999996754,0.057474999999964076,0.06665624999995834,0.05684374999996447,0.06231874999996105
tag.txt,0.04343749999997285,0.030199999999981124,0.030662499999980837,0.050118749999968674,0.043362499999972895,0.045168749999971766,0.07068124999995583,0.060568749999962146,0.06366249999996021,0.17068124999989331,0.1771062499998893,0.17981874999988762,0.21060624999986838,0.2685874999998321,0.25924999999983794,0.15558124999990275,0.18731249999988292,0.17878124999988826,0.08809999999994493,0.07693124999995192,0.07781249999995137,0.06259374999996088,0.04523124999997173,0.048599999999969626,0.05820624999996362,0.04238749999997351,0.0444749999999722,0.08999374999994375,0.06831249999995731,0.07176874999995514
tag.txt,0.034318749999978554,0.023912499999985053,0.025499999999984063,0.04053124999997467,0.035349999999977906,0.036118749999977426,0.06589374999995881,0.061499999999961565,0.06313124999996055,0.19594374999987754,0.203231249999873,0.20553124999987155,0.25078749999984323,0.29096874999981814,0.2809937499998244,0.14963749999990647,0.16633749999989603,0.1634999999998978,0.07574374999995266,0.06739374999995788,0.06643124999995847,0.05607499999996495,0.04531874999997167,0.048087499999969946,0.053631249999966484,0.04359999999997275,0.04562499999997149,0.0774374999999516,0.06238749999996101,0.06508124999995932
tag.txt,0.028887499999981945,0.02328124999998545,0.024118749999984927,0.043112499999973054,0.036949999999976904,0.04177499999997389,0.06498749999995938,0.05895624999996315,0.06500624999995937,0.18802499999988248,0.1854187499998841,0.18425624999988485,0.22378124999986013,0.26054999999983713,0.24456874999984715,0.1548874999999032,0.18154374999988654,0.1686437499998946,0.0950437499999406,0.09081874999994324,0.0894374999999441,0.06119374999996175,0.04964374999996897,0.056456249999964715,0.06258124999996088,0.04946874999996908,0.055093749999965566,0.07749999999995157,0.0633687499999604,0.07064374999995585
tag.txt,0.02323124999998548,0.02299374999998563,0.026812499999983242,0.03658124999997714,0.03671874999997705,0.03864374999997585,0.06289999999996068,0.0616062499999615,0.0694374999999566,0.20984374999986885,0.2033562499998729,0.2105499999998684,0.2534437499998416,0.25913124999983805,0.23334999999985415,0.14811874999990743,0.15946874999990032,0.13539374999991538,0.086399999999946,0.08894374999994441,0.08649374999994594,0.05732499999996417,0.051987499999967504,0.06348749999996033,0.05868749999996332,0.054656249999965836,0.06399374999996,0.06346874999996033,0.06113749999996179,0.0718374999999551
tag.txt,0.03146249999998033,0.030237499999981102,0.03814374999997616,0.04862499999996961,0.05085624999996821,0.04871249999996955,0.05985624999996259,0.05735624999996415,0.06586249999995883,0.1676812499998952,0.1617874999998989,0.16973124999989392,0.3084749999998072,0.31259999999980465,0.2758624999998276,0.14634374999990854,0.15374374999990392,0.13803749999991372,0.0620812499999612,0.06533124999995917,0.06476249999995952,0.0572812499999642,0.052849999999966965,0.06419999999995987,0.04648124999997095,0.044393749999972254,0.05255624999996715,0.07171249999995517,0.07084374999995573,0.08213124999994867
tag.txt,0.027318749999982926,0.027031249999983107,0.031012499999980618,0.04233749999997354,0.04326249999997296,0.044212499999972364,0.06449374999995969,0.06197499999996126,0.07087499999995571,0.19132499999988042,0.1862187499998836,0.1942437499998786,0.25993749999983756,0.2648312499998345,0.2361749999998524,0.1570937499999018,0.16606249999989622,0.14133749999991166,0.08279374999994825,0.08419374999994737,0.0820749999999487,0.05459374999996588,0.051318749999967925,0.06228749999996107,0.05300624999996687,0.04869374999996957,0.06086249999996196,0.06709999999995807,0.06641249999995849,0.07691874999995192
tag.txt,0.02614374999998366,0.025956249999983777,0.02979374999998138,0.0427249999999733,0.044049999999972465,0.04347499999997283,0.06251249999996093,0.060906249999961935,0.06709374999995807,0.18484999999988447,0.17960624999988775,0.1907374999998808,0.29448124999981595,0.29434374999981605,0.2733999999998291,0.14823124999990736,0.15701874999990187,0.13626249999991483,0.07054999999995591,0.07314999999995428,0.06873749999995704,0.05676249999996452,0.052849999999966965,0.06253749999996092,0.047818749999970114,0.045849999999971344,0.053899999999966315,0.0659249999999588,0.06626874999995858,0.07406249999995371
tag.txt,0.02673749999998329,0.024206249999984872,0.026681249999983322,0.043012499999973114,0.04034999999997478,0.04088124999997445,0.06406874999995996,0.059031249999963106,0.06759374999995775,0.18372499999988517,0.1843124999998848,0.20118749999987426,0.26611249999983366,0.30089374999981194,0.26538749999983413,0.15743749999990161,0.1572562499999017,0.1451374999999093,0.07546874999995283,0.070393749999956,0.07290624999995443,0.05796874999996377,0.05461874999996586,0.05795624999996378,0.052693749999967066,0.04564374999997147,0.05195624999996753,0.07277499999995451,0.06329374999996044,0.07031249999995605
tag.txt,0.021031249999986856,0.018906249999988183,0.021543749999986535,0.03699999999997688,0.031843749999980096,0.03503124999997811,0.06523124999995923,0.05658124999996464,0.06754374999995778,0.21058124999986838,0.21762499999986398,0.23221249999985485,0.25142499999984286,0.28074999999982453,0.2494374999998441,0.15736874999990164,0.16381874999989762,0.13594999999991503,0.08438124999994726,0.08215624999994865,0.08282499999994823,0.054312499999966055,0.04833749999996979,0.05793749999996379,0.05264999999996709,0.04438124999997226,0.05398749999996626,0.06601874999995874,0.05559999999996525,0.0635312499999603
tag.txt,0.02582499999998386,0.023062499999985584,0.024331249999984792,0.044306249999972305,0.041674999999973955,0.04146874999997408,0.05947499999996283,0.05436874999996602,0.06526874999995921,0.17849999999988844,0.17733749999988915,0.20241249999987349,0.2711062499998306,0.3086437499998071,0.2721624999998299,0.16494374999989692,0.161637499999899,0.147168749999908,0.0785624999999509,0.07211874999995492,0.07479999999995325,0.05605624999996497,0.05306249999996684,0.05558124999996526,0.04759374999997026,0.041318749999974175,0.048587499999969634,0.07363124999995398,0.06677499999995827,0.06821874999995736
tag.txt,0.02663749999998335,0.0251187499999843,0.027793749999982627,0.04292499999997317,0.03869999999997581,0.044324999999972296,0.06024374999996235,0.05477499999996577,0.06896249999995689,0.18398124999988502,0.18845624999988222,0.19996874999987502,0.23899374999985062,0.270418749999831,0.23233749999985479,0.17672499999988955,0.17548749999989033,0.14923749999990674,0.09094374999994316,0.08626249999994609,0.08640624999994599,0.05556874999996527,0.05036874999996852,0.05864374999996335,0.050731249999968295,0.045437499999971605,0.05726249999996421,0.07324999999995421,0.06497499999995938,0.07506249999995308
tag.txt,0.0244812499999847,0.023081249999985575,0.024231249999984855,0.039256249999975464,0.03617499999997739,0.03852499999997592,0.0625624999999609,0.05894374999996316,0.0642999999999598,0.18525624999988421,0.1867187499998833,0.1911999999998805,0.2705124999998309,0.29401249999981627,0.27544999999982783,0.17303749999989185,0.17429999999989107,0.16707499999989558,0.08121874999994924,0.07688124999995195,0.07883124999995073,0.05069999999996831,0.04675624999997078,0.05016249999996865,0.0473562499999704,0.04263749999997335,0.046118749999971176,0.065618749999959,0.06049374999996219,0.06410624999995994
tag.txt,0.024893749999984442,0.023756249999985154,0.02492499999998442,0.037718749999976424,0.03496249999997815,0.039099999999975564,0.06278124999996076,0.05879999999996325,0.0652812499999592,0.18952499999988154,0.19459999999987837,0.19624374999987734,0.2554749999998403,0.2702562499998311,0.25228749999984235,0.17575624999989015,0.1801374999998874,0.16228124999989857,0.08737499999994539,0.08604999999994623,0.0866999999999458,0.052499999999967184,0.04785624999997009,0.05548124999996532,0.04946249999996909,0.044481249999972196,0.05113124999996804,0.06451249999995969,0.059099999999963064,0.06656874999995839
tag.txt,0.023256249999985466,0.021112499999986805,0.022499999999985937,0.03581874999997761,0.033443749999979094,0.03496249999997815,0.06241249999996099,0.058931249999963166,0.06250624999996093,0.19991249999987507,0.20347499999987284,0.20632499999987106,0.2749124999998282,0.29691249999981445,0.28396249999982254,0.16728749999989545,0.16674374999989577,0.15848749999990094,0.07719374999995175,0.0745562499999534,0.07527499999995295,0.04894999999996941,0.045868749999971335,0.04974999999996891,0.04651249999997093,0.041337499999974166,0.044493749999972194,0.06374374999996016,0.05761874999996399,0.061737499999961414
tag.txt,0.028762499999982025,0.027512499999982804,0.029124999999981797,0.04213749999997366,0.03946874999997533,0.04425624999997234,0.06266249999996083,0.06041874999996224,0.06515624999995928,0.17547499999989033,0.18026874999988732,0.17846874999988846,0.24891874999984442,0.26194999999983626,0.24724999999984545,0.18809374999988243,0.19147499999988032,0.1793249999998879,0.08806249999994496,0.08583749999994635,0.08693124999994567,0.05023124999996861,0.04639374999997101,0.05274374999996703,0.046356249999971025,0.04219999999997363,0.04606874999997121,0.06929999999995669,0.0644749999999597,0.07067499999995583
tag.txt,0.02097499999998689,0.023099999999985563,0.025443749999984097,0.04642499999997098,0.042699999999973315,0.0513562499999679,0.05784374999996385,0.04898124999996939,0.05726249999996421,0.1780624999998887,0.17596249999989003,0.17351249999989155,0.21773749999986391,0.22583749999985886,0.20164999999987396,0.17420624999989112,0.15797499999990128,0.15235624999990477,0.09499374999994063,0.09014999999994365,0.0910437499999431,0.05993749999996254,0.06363124999996023,0.06662499999995836,0.07203749999995497,0.08933749999994417,0.08845624999994471,0.07778124999995138,0.08232499999994855,0.09229374999994232
tag.txt,0.01785624999998884,0.020868749999986957,0.022568749999985895,0.03819999999997613,0.03705624999997684,0.04599374999997125,0.054037499999966224,0.046293749999971066,0.05483124999996573,0.18883749999988197,0.19414999999987864,0.1881374999998824,0.24246874999984847,0.23138124999985538,0.21140624999986787,0.17809999999988868,0.15494374999990315,0.14731249999990792,0.09150624999994281,0.09028749999994357,0.09116874999994302,0.05502499999996561,0.06303124999996061,0.06568124999995895,0.06782499999995761,0.08688749999994569,0.0876937499999452,0.06614374999995866,0.07509999999995307,0.08520624999994675
tag.txt,0.023881249999985074,0.02276874999998577,0.022881249999985698,0.04548749999997157,0.0371187499999768,0.041399999999974124,0.06428749999995982,0.05399999999996625,0.06071874999996205,0.1785374999998884,0.1910187499998806,0.19465624999987835,0.24372499999984767,0.26810624999983246,0.2473624999998454,0.17129999999989293,0.15754999999990152,0.1577812499999014,0.08601874999994624,0.08166874999994896,0.08373124999994767,0.055593749999965254,0.05674999999996453,0.056712499999964555,0.058406249999963494,0.06377499999996014,0.06249374999996094,0.07276249999995452,0.06724374999995797,0.07226249999995484
tag.txt,0.028049999999982467,0.028562499999982147,0.02919999999998175,0.0548812499999657,0.04897499999996939,0.056874999999964454,0.057393749999964126,0.051987499999967504,0.05779374999996388,0.15959374999990025,0.16154374999989904,0.16073124999989954,0.1970937499998768,0.20490624999987192,0.19176874999988014,0.1811499999998868,0.16118124999989927,0.15786249999990135,0.09888124999993819,0.0931312499999418,0.09283749999994198,0.06104999999996184,0.067187499999958,0.06786249999995758,0.07202499999995499,0.08954999999994404,0.08618749999994613,0.08988124999994382,0.0929749999999419,0.09888124999993819
tag.txt,0.02875624999998203,0.0323187499999798,0.028237499999982353,0.048662499999969584,0.048999999999969374,0.049624999999968986,0.056474999999964706,0.054562499999965895,0.05939999999996287,0.16253124999989843,0.16232499999989855,0.1685062499998947,0.22041874999986225,0.21060624999986838,0.2185562499998634,0.18410624999988492,0.16106874999989934,0.18011874999988742,0.09476874999994077,0.09080624999994324,0.09156874999994277,0.05766249999996396,0.06433124999995979,0.05844999999996347,0.06556249999995903,0.08341874999994786,0.06491874999995942,0.08105624999994934,0.09156249999994277,0.08061874999994961
tag.txt,0.021262499999986712,0.024662499999984586,0.021131249999986793,0.03716874999997677,0.03838749999997601,0.03769999999997644,0.058162499999963646,0.055181249999965515,0.058999999999963124,0.1911937499998805,0.19112499999988056,0.19820624999987613,0.2547374999998408,0.24054999999984966,0.2530062499998419,0.17188749999989256,0.15337499999990414,0.16778749999989515,0.08758749999994525,0.08275624999994828,0.08498124999994688,0.05246874999996721,0.06009999999996244,0.05393124999996629,0.061162499999961775,0.07913124999995054,0.06161874999996149,0.06436874999995977,0.07473124999995329,0.06263749999996085
tag.txt,0.028281249999982324,0.030756249999980778,0.02764999999998272,0.04546874999997158,0.04521249999997174,0.04609374999997119,0.06180624999996137,0.05956249999996277,0.06309374999996056,0.1715124999998928,0.1745687499998909,0.17780624999988887,0.22875624999985703,0.22215624999986114,0.22884999999985697,0.17752499999988905,0.1604749999998997,0.17834999999988854,0.09336874999994164,0.08862499999994461,0.08879999999994449,0.05559999999996525,0.06170624999996143,0.05587499999996508,0.06092499999996192,0.0734437499999541,0.058849999999963216,0.07675624999995202,0.08349374999994781,0.07463124999995335
tag.txt,0.026712499999983305,0.029893749999981317,0.0275187499999828,0.04434999999997228,0.04316874999997302,0.04313749999997304,0.059193749999963005,0.05744999999996409,0.05923124999996298,0.17244999999989222,0.17386249999989134,0.17832499999988854,0.24342499999984785,0.23480624999985325,0.24496874999984689,0.17939374999988789,0.16677499999989576,0.17961874999988775,0.08826874999994483,0.08295624999994815,0.08220624999994862,0.05350624999996656,0.058774999999963266,0.05416249999996615,0.059349999999962905,0.07110624999995556,0.057893749999963814,0.07334999999995416,0.08120624999994924,0.07293749999995441
tag.txt,0.022949999999985655,0.025943749999983785,0.02244374999998597,0.05059999999996837,0.04776874999997015,0.05093124999996817,0.05008749999996869,0.04708124999997058,0.05204374999996747,0.16341874999989786,0.15916874999990052,0.16856249999989464,0.1990374999998756,0.1931312499998793,0.20233749999987355,0.18421249999988487,0.1660749999998962,0.17845624999988846,0.1044749999999347,0.10221249999993612,0.10059999999993713,0.06333749999996041,0.06950624999995655,0.06392499999996004,0.07636874999995227,0.09430624999994106,0.07683124999995199,0.08551249999994655,0.09480624999994075,0.08386874999994758
tag.txt,0.020874999999986953,0.022968749999985643,0.021249999999986717,0.03723124999997673,0.03477499999997827,0.03641249999997724,0.054993749999965626,0.05239999999996725,0.056118749999964926,0.19010624999988118,0.19608749999987746,0.19753124999987653,0.2801937499998249,0.2807999999998245,0.27958124999982525,0.1737249999998914,0.16169374999989894,0.17331249999989168,0.08258124999994838,0.07747499999995158,0.07734999999995165,0.048406249999969744,0.053268749999966704,0.048756249999969525,0.051831249999967605,0.05766249999996396,0.05101249999996812,0.060056249999962466,0.06286874999996071,0.058674999999963326
tag.txt,0.025224999999984236,0.026068749999983706,0.024618749999984615,0.03974374999997516,0.03751249999997656,0.03861874999997586,0.06091249999996193,0.05748749999996407,0.06214999999996115,0.1783749999998885,0.18839374999988226,0.18737499999988289,0.26603124999983374,0.27314374999982927,0.2700749999998312,0.18751249999988281,0.17358124999989152,0.18678749999988326,0.08327499999994795,0.08128124999994919,0.08109374999994931,0.046968749999970645,0.049962499999968775,0.04521874999997174,0.04702499999997061,0.04964999999996897,0.043812499999972616,0.06493124999995942,0.06291874999996068,0.06024999999996234
tag.txt,0.021774999999986392,0.023693749999985192,0.02225624999998609,0.04453124999997217,0.041912499999973804,0.045174999999971766,0.05495624999996565,0.04965624999996896,0.05453124999996592,0.1793499999998879,0.17977499999988764,0.1815687499998865,0.21808749999986368,0.22401874999986,0.22628749999985856,0.1718562499998926,0.15286249999990445,0.16113124999989928,0.0969437499999394,0.09221249999994237,0.09069374999994331,0.061299999999961684,0.06483124999995948,0.06284999999996072,0.0732999999999542,0.0870312499999456,0.07674374999995204,0.07789999999995131,0.08400624999994749,0.07876249999995077
tag.txt,0.025974999999983765,0.02648124999998345,0.02747499999998283,0.051324999999967924,0.04759374999997026,0.055768749999965145,0.048156249999969904,0.0465624999999709,0.05271249999996706,0.15351249999990405,0.15724374999990173,0.15503124999990311,0.19212499999987992,0.20380624999987262,0.18299999999988562,0.1758499999998901,0.1690874999998943,0.16166874999989897,0.09799999999993875,0.09685624999993947,0.0964687499999397,0.06618749999995863,0.06602499999995873,0.06939999999995662,0.09716249999993927,0.09810624999993868,0.09738749999993913,0.09170624999994269,0.08823749999994485,0.10108749999993683
tag.txt,0.019849999999987593,0.02052499999998717,0.021162499999986772,0.0423999999999735,0.03894374999997566,0.0459124999999713,0.04564999999997147,0.044218749999972363,0.05164374999996772,0.1868874999998832,0.18886874999988196,0.18774374999988266,0.21780624999986387,0.22691249999985819,0.2041749999998724,0.1553437499999029,0.14758124999990777,0.14359999999991024,0.08923124999994422,0.08808124999994495,0.08553124999994655,0.06441874999995974,0.0649562499999594,0.06798124999995751,0.100818749999937,0.10423124999993486,0.10278124999993576,0.0775937499999515,0.0756812499999527,0.08946874999994409
tag.txt,0.023893749999985066,0.02423749999998485,0.02419374999998488,0.04384999999997259,0.0412812499999742,0.04579374999997138,0.05250624999996718,0.050312499999968556,0.05614999999996491,0.17418749999989114,0.17677499999988952,0.17686874999988947,0.22402499999985998,0.23698749999985189,0.22194999999986129,0.17125624999989297,0.16426874999989732,0.16523749999989673,0.09169374999994269,0.08983124999994385,0.08921249999994424,0.060387499999962256,0.057974999999963764,0.0615999999999615,0.07838749999995101,0.08078749999994951,0.0761624999999524,0.07981249999995012,0.07754374999995153,0.08283124999994823
tag.txt,0.022806249999985748,0.02350624999998531,0.023274999999985453,0.04709374999997057,0.04221874999997361,0.04883124999996948,0.04758124999997026,0.045424999999971606,0.051074999999968076,0.16969999999989394,0.1716999999998927,0.17346249999989158,0.21094374999986815,0.22356874999986026,0.20691874999987067,0.16538749999989663,0.1587187499999008,0.15529999999990293,0.08754999999994528,0.0833624999999479,0.08486249999994697,0.06433124999995979,0.0630437499999606,0.06636874999995852,0.10243124999993598,0.10649999999993344,0.09928124999993795,0.08217499999994864,0.08195624999994877,0.09062499999994336
tag.txt,0.021724999999986422,0.02067499999998708,0.021143749999986784,0.040712499999974554,0.03656874999997715,0.04148749999997407,0.05316249999996677,0.04993749999996879,0.05624999999996484,0.1780749999998887,0.18184374999988634,0.18089374999988694,0.25738124999983913,0.2824312499998235,0.26343749999983535,0.18652499999988342,0.1836624999998852,0.1867187499998833,0.09036874999994352,0.08716249999994552,0.08721249999994549,0.05178124999996764,0.04843124999996973,0.05019374999996863,0.05281249999996699,0.0478374999999701,0.04779999999997012,0.06745624999995783,0.06144999999996159,0.06486249999995947
tag.txt,0.018349999999988532,0.017237499999989227,0.017781249999988886,0.03501249999997812,0.03038124999998101,0.03353124999997904,0.05097499999996814,0.04682499999997074,0.05291874999996692,0.20009999999987493,0.20774999999987015,0.20970624999986892,0.2756812499998277,0.2955812499998153,0.2803562499998248,0.17885624999988822,0.17451249999989094,0.174418749999891,0.08896249999994439,0.08756249999994527,0.0871999999999455,0.04814374999996991,0.04514999999997178,0.04698124999997064,0.048087499999969946,0.044399999999972246,0.04444374999997222,0.0558312499999651,0.05059999999996837,0.05266249999996708
tag.txt,0.020999999999986876,0.019799999999987626,0.02030624999998731,0.03759374999997651,0.03404374999997872,0.03754374999997653,0.053631249999966484,0.05138124999996788,0.05868749999996332,0.18554374999988404,0.1916937499998802,0.18881249999988198,0.27573749999982766,0.2974374999998141,0.28009374999982495,0.18775624999988266,0.18119999999988676,0.18768749999988268,0.0830562499999481,0.08034374999994978,0.08162499999994899,0.04846249999996971,0.04693749999997066,0.046474999999970956,0.04705624999997059,0.042968749999973146,0.042068749999973704,0.0601624999999624,0.05419374999996613,0.05669999999996456
tag.txt,0.020712499999987054,0.01897499999998814,0.020993749999986877,0.03974999999997516,0.03526874999997796,0.040893749999974444,0.053381249999966636,0.05118124999996801,0.054824999999965734,0.18606249999988372,0.19114374999988054,0.18888749999988194,0.2589874999998381,0.2792187499998255,0.26186874999983634,0.17603124999988998,0.1750249999998906,0.17306249999989184,0.08756249999994527,0.08507499999994683,0.08531874999994668,0.05358749999996651,0.04993124999996879,0.0535937499999665,0.0567999999999645,0.05281249999996699,0.053387499999966635,0.06712499999995805,0.06136874999996164,0.06716874999995802
tag.txt,0.01876874999998827,0.014806249999990745,0.017956249999988776,0.04033124999997479,0.03011249999998118,0.040218749999974865,0.05061874999996836,0.0422374999999736,0.05162499999996773,0.17059999999989336,0.18544374999988408,0.1825562499998859,0.22308124999986056,0.26965624999983145,0.23788124999985133,0.19211874999987993,0.20563749999987146,0.18348124999988533,0.10106874999993683,0.09638749999993976,0.09672499999993954,0.05943749999996285,0.047562499999970274,0.05753124999996404,0.06894374999995691,0.052499999999967184,0.06344999999996034,0.0750312499999531,0.05565624999996521,0.06857499999995714
tag.txt,0.02142499999998661,0.019299999999987938,0.020662499999987087,0.03966249999997521,0.03384999999997884,0.038924999999975674,0.05129999999996794,0.047574999999970266,0.05204374999996747,0.1786999999998883,0.18284999999988572,0.18554999999988403,0.2603687499998373,0.29896874999981315,0.2806374999998246,0.19811874999987616,0.1987062499998758,0.19190624999988007,0.08623749999994611,0.07723124999995173,0.08046249999994971,0.04976874999996889,0.04403124999997248,0.04641249999997099,0.04803749999996998,0.03989374999997507,0.041756249999973905,0.06638124999995851,0.05759374999996401,0.06164374999996147
tag.txt,0.01986874999998758,0.016043749999989972,0.018349999999988532,0.038918749999975674,0.03150624999998031,0.038424999999975985,0.04273749999997329,0.03743124999997661,0.04317499999997301,0.18537499999988413,0.19817499999987614,0.19690624999987694,0.24764374999984523,0.28792499999982,0.2649874999998344,0.19465624999987835,0.19076249999988076,0.18595624999988378,0.09058124999994338,0.08323749999994798,0.08721874999994549,0.055943749999965035,0.04821249999996987,0.05094374999996816,0.05291874999996692,0.0438374999999726,0.04616249999997115,0.0713562499999554,0.06286874999996071,0.06787499999995758
tag.txt,0.019237499999987976,0.015374999999990391,0.017943749999988785,0.036881249999976946,0.028937499999981915,0.03562499999997774,0.05121249999996799,0.04224999999997359,0.050899999999968186,0.16985624999989385,0.1860749999998837,0.18187499999988632,0.22731874999985793,0.2696437499998315,0.24579999999984636,0.18229374999988607,0.19223124999987987,0.17939374999988789,0.09244374999994222,0.0886437499999446,0.08771874999994518,0.05589374999996507,0.04536249999997165,0.0524749999999672,0.09804374999993873,0.08139374999994912,0.08878749999994451,0.06681874999995824,0.05008749999996869,0.05948124999996282
tag.txt,0.03076874999998077,0.027206249999982998,0.02697499999998314,0.05159999999996775,0.03857499999997589,0.044656249999972086,0.07058749999995588,0.05868749999996332,0.06068749999996207,0.1716812499998927,0.18919999999988174,0.17804374999988873,0.22199999999986125,0.2600062499998375,0.2577499999998389,0.155193749999903,0.16761249999989525,0.17097499999989313,0.08938124999994414,0.08774999999994515,0.08674999999994579,0.06104374999996185,0.05478124999996576,0.05503124999996561,0.06328749999996044,0.05030624999996856,0.0515249999999678,0.08445624999994722,0.06587499999995883,0.06760624999995775
tag.txt,0.035337499999977914,0.031812499999980114,0.03025624999998109,0.05587499999996508,0.04384999999997259,0.05051249999996843,0.06701874999995812,0.05878124999996326,0.05589374999996507,0.1598499999999001,0.17692499999988942,0.16518124999989675,0.2475062499998453,0.292849999999817,0.29432499999981604,0.15229999999990482,0.15543124999990285,0.1643437499998973,0.07740624999995162,0.07062499999995586,0.07240624999995475,0.05851249999996343,0.056262499999964834,0.05434999999996603,0.056449999999964716,0.04522499999997173,0.0422374999999736,0.0897437499999439,0.06823749999995735,0.07049374999995595
tag.txt,0.02791874999998255,0.02315624999998553,0.022874999999985702,0.04994999999996878,0.03478124999997826,0.03943749999997535,0.07249999999995468,0.056443749999964724,0.05981874999996261,0.18331874999988543,0.20104999999987433,0.19302499999987935,0.21929999999986294,0.2699312499998313,0.2626062499998359,0.1454624999999091,0.1667499999998958,0.1668812499998957,0.0857624999999464,0.08604374999994623,0.08412499999994742,0.062262499999961085,0.05266874999996708,0.05369374999996644,0.06737499999995789,0.04951874999996905,0.05238124999996726,0.08614999999994616,0.05965624999996271,0.06515624999995928
tag.txt,0.035668749999977704,0.03238124999997976,0.0292812499999817,0.06373749999996016,0.04819999999996988,0.054143749999966156,0.06458124999995964,0.058499999999963435,0.056281249999964825,0.1492499999999067,0.16713749999989555,0.1561499999999024,0.2345624999998534,0.2885749999998196,0.2852562499998217,0.1507499999999058,0.15592499999990256,0.16311874999989806,0.08144999999994909,0.0732937499999542,0.07577499999995264,0.06103749999996185,0.05668749999996457,0.05588124999996508,0.05938749999996288,0.04663749999997085,0.045418749999971614,0.09957499999993777,0.07266249999995458,0.07869374999995081
tag.txt,0.030962499999980648,0.02753124999998279,0.027712499999982678,0.048674999999969576,0.03821874999997611,0.043012499999973114,0.06796249999995753,0.0572749999999642,0.058837499999963225,0.1734124999998916,0.18763749999988272,0.17881874999988823,0.22391249999986004,0.2572249999998392,0.2556499999998402,0.16467499999989707,0.17702499999988935,0.1806249999998871,0.089599999999944,0.08873124999994454,0.08711874999994555,0.058406249999963494,0.052087499999967445,0.05190624999996756,0.06033749999996229,0.048087499999969946,0.04838749999996976,0.08205624999994872,0.06618124999995864,0.06793124999995755
tag.txt,0.03139374999998038,0.028362499999982273,0.026918749999983175,0.05069374999996831,0.039512499999975303,0.04529374999997169,0.06700624999995812,0.05725624999996422,0.05668749999996457,0.17304374999989186,0.18788124999988257,0.17901874999988812,0.24679374999984574,0.2892499999998192,0.2865437499998209,0.15681874999990197,0.16331249999989794,0.171199999999893,0.07931874999995042,0.07337499999995414,0.07484999999995322,0.054324999999966046,0.05094374999996816,0.049449999999969095,0.056362499999964774,0.04514374999997178,0.04282499999997323,0.08424374999994735,0.0649624999999594,0.06721249999995799
tag.txt,0.028168749999982395,0.024931249999984417,0.024218749999984863,0.04806249999996996,0.03573749999997766,0.04057499999997464,0.07025624999995608,0.05607499999996495,0.058331249999963544,0.18071874999988705,0.1943874999998785,0.18824374999988236,0.22619999999985863,0.27059999999983086,0.26471249999983454,0.1561562499999024,0.17527499999989046,0.17589999999989006,0.08683124999994574,0.08488749999994695,0.08178749999994889,0.05795624999996378,0.050218749999968615,0.05104999999996809,0.0622374999999611,0.0471937499999705,0.04874999999996953,0.08341249999994786,0.06069374999996206,0.06643124999995847
tag.txt,0.0321562499999799,0.0275187499999828,0.025756249999983903,0.05616874999996489,0.04182499999997386,0.04819374999996988,0.06806874999995746,0.05831874999996355,0.056787499999964505,0.16269374999989833,0.17883124999988823,0.16923124999989422,0.23316874999985426,0.289574999999819,0.28474999999982203,0.1561624999999024,0.1655874999998965,0.17009374999989368,0.08436874999994727,0.07614999999995241,0.07850624999995093,0.058662499999963334,0.05084999999996822,0.05099374999996813,0.05740624999996412,0.04508749999997182,0.04453749999997216,0.09114374999994304,0.06625624999995859,0.07114999999995553
tag.txt,0.015418749999990364,0.01454374999999091,0.0164812499999897,0.02811249999998243,0.02673749999998329,0.030993749999980627,0.03768749999997645,0.03388749999997882,0.04154999999997403,0.15561249999990273,0.15401249999990374,0.1654187499998966,0.4054374999997466,0.42840624999973226,0.3838499999997601,0.20934374999986916,0.204787499999872,0.19443124999987849,0.05868749999996332,0.054837499999965726,0.06101249999996187,0.02633124999998354,0.02478749999998451,0.03156874999998027,0.026756249999983276,0.024131249999984918,0.0316874999999802,0.036612499999977115,0.03386874999997883,0.04300624999997312
tag.txt,0.012293749999992316,0.011749999999992657,0.012231249999992356,0.019862499999987585,0.01948749999998782,0.020518749999987176,0.03614999999997741,0.03281874999997949,0.038937499999975665,0.17993749999988753,0.1767999999998895,0.19234999999987978,0.41735624999973914,0.4400812499997249,0.4001812499997499,0.20619374999987114,0.19896874999987565,0.19927499999987544,0.05365624999996647,0.05016249999996865,0.05668749999996457,0.023268749999985457,0.02209374999998619,0.025187499999984257,0.02213124999998617,0.020749999999987032,0.02422499999998486,0.02914999999998178,0.02708749999998307,0.030406249999980997
tag.txt,0.016699999999989563,0.015918749999990052,0.017781249999988886,0.03021874999998111,0.02804374999998247,0.032281249999979826,0.03800624999997625,0.03473124999997829,0.04188749999997382,0.15386249999990384,0.15176874999990514,0.16293749999989815,0.4013062499997492,0.42373749999973515,0.38238124999976103,0.20612499999987116,0.2006624999998746,0.19096249999988066,0.059099999999963064,0.055424999999965356,0.06034374999996228,0.027431249999982855,0.026393749999983503,0.03298749999997938,0.027912499999982555,0.026393749999983503,0.03259374999997963,0.03933749999997541,0.03692499999997692,0.045843749999971345
tag.txt,0.012306249999992308,0.012068749999992457,0.012249999999992343,0.020587499999987133,0.01932499999998792,0.02116874999998677,0.03596874999997752,0.0340874999999787,0.03956249999997527,0.1820749999998862,0.18081874999988698,0.1939312499998788,0.41548749999974033,0.433556249999729,0.3985687499997509,0.20829374999986983,0.19991874999987505,0.20053749999987466,0.05299374999996688,0.05006249999996871,0.05484999999996572,0.023081249999985575,0.022793749999985752,0.025687499999983945,0.020843749999986973,0.020318749999987302,0.0233624999999854,0.028362499999982273,0.027049999999983095,0.0300812499999812
tag.txt,0.014449999999990968,0.014243749999991097,0.015131249999990543,0.024337499999984788,0.0233624999999854,0.026918749999983175,0.03827499999997608,0.03649999999997719,0.04274999999997328,0.18189999999988632,0.17733749999988915,0.18488124999988445,0.3815937499997615,0.39628124999975234,0.366418749999771,0.21523124999986548,0.2153562499998654,0.2024187499998735,0.06000624999996249,0.058406249999963494,0.06356874999996028,0.026649999999983343,0.02428749999998482,0.03073124999998079,0.023756249999985154,0.02257499999998589,0.02839999999998225,0.033799999999978875,0.03164999999998022,0.03878124999997576
tag.txt,0.015612499999990242,0.014812499999990743,0.015706249999990183,0.023768749999985146,0.024149999999984906,0.02648124999998345,0.03531249999997793,0.03401874999997874,0.04044374999997472,0.17516874999989052,0.17111874999989304,0.17906249999988808,0.3940687499997537,0.408062499999745,0.3774187499997641,0.22481874999985949,0.22386249999986008,0.21642499999986473,0.05377499999996639,0.050968749999968144,0.057818749999963864,0.023499999999985314,0.021974999999986266,0.02786874999998258,0.021299999999986687,0.020412499999987243,0.023649999999985218,0.032674999999979575,0.030618749999980863,0.03512499999997805
tag.txt,0.014843749999990722,0.014749999999990781,0.015924999999990048,0.024443749999984724,0.02391874999998505,0.026743749999983284,0.03890624999997568,0.03601249999997749,0.04244999999997347,0.17924999999988797,0.17868124999988833,0.18424374999988485,0.38370624999976016,0.39552499999975277,0.3681499999997699,0.21715624999986427,0.21430624999986606,0.20429374999987232,0.059531249999962794,0.05753749999996404,0.0631937499999605,0.025781249999983887,0.0249624999999844,0.030243749999981098,0.023081249999985575,0.022631249999985854,0.02691249999998318,0.033299999999979187,0.031674999999980205,0.03784374999997635
tag.txt,0.015931249999990044,0.015237499999990476,0.016306249999989808,0.024331249999984792,0.02401874999998499,0.02662499999998336,0.034843749999978225,0.032693749999979566,0.03886874999997571,0.1738999999998913,0.17078749999989326,0.17971249999988767,0.3960187499997525,0.4101687499997436,0.37909999999976307,0.22249999999986095,0.22172499999986142,0.21221249999986735,0.052618749999967115,0.05049999999996844,0.05528124999996545,0.023812499999985116,0.021962499999986274,0.027712499999982678,0.022843749999985723,0.02218749999998613,0.026949999999983158,0.03319999999997925,0.0307187499999808,0.03723124999997673
