filename,lbp_R_0,lbp_G_0,lbp_B_0,lbp_R_1,lbp_G_1,lbp_B_1,lbp_R_2,lbp_G_2,lbp_B_2,lbp_R_3,lbp_G_3,lbp_B_3,lbp_R_4,lbp_G_4,lbp_B_4,lbp_R_5,lbp_G_5,lbp_B_5,lbp_R_6,lbp_G_6,lbp_B_6,lbp_R_7,lbp_G_7,lbp_B_7,lbp_R_8,lbp_G_8,lbp_B_8,lbp_R_9,lbp_G_9,lbp_B_9
tag.txt,0.01271874999999205,0.011268749999992956,0.013287499999991695,0.02580624999998387,0.023081249999985575,0.03004999999998122,0.044824999999971984,0.04058124999997464,0.04956874999996902,0.19141874999988037,0.1860999999998837,0.18777499999988265,0.34246249999978595,0.369612499999769,0.3362812499997898,0.21076874999986828,0.21607499999986496,0.21192499999986755,0.07408749999995369,0.0678374999999576,0.07277499999995451,0.031831249999980105,0.028312499999982303,0.03313749999997929,0.028918749999981924,0.025443749999984097,0.0276812499999827,0.03716249999997678,0.0316874999999802,0.03751874999997655
tag.txt,0.012443749999992223,0.010868749999993207,0.013049999999991844,0.02554999999998403,0.02348749999998532,0.030149999999981157,0.041606249999974,0.03783749999997635,0.04699999999997063,0.18752499999988279,0.1814499999998866,0.18157499999988652,0.3628937499997732,0.3902187499997561,0.3564687499997772,0.2049374999998719,0.20858124999986963,0.2068937499998707,0.0679999999999575,0.06489999999995943,0.06766249999995771,0.032699999999979565,0.02851249999998218,0.03339374999997913,0.02855624999998215,0.02441249999998474,0.02700624999998312,0.035787499999977636,0.02973124999998142,0.036799999999977
tag.txt,0.01251249999999218,0.011274999999992954,0.013168749999991769,0.02577499999998389,0.02279999999998575,0.029931249999981292,0.043481249999972826,0.039112499999975556,0.049174999999969264,0.1913499999998804,0.1867124999998833,0.18774374999988266,0.3490937499997818,0.37464374999976585,0.33943124999978785,0.21059999999986836,0.21560624999986525,0.21220624999986737,0.07212499999995492,0.06617499999995864,0.07098749999995563,0.03196874999998002,0.027362499999982897,0.033362499999979145,0.02764999999998272,0.025162499999984274,0.027012499999983116,0.03544374999997785,0.03114999999998053,0.03698124999997689
tag.txt,0.012981249999991886,0.011481249999992824,0.014368749999991019,0.02554999999998403,0.024006249999984994,0.03258124999997963,0.042443749999973475,0.03998124999997501,0.0487937499999695,0.18503749999988436,0.18061249999988713,0.1780937499998887,0.3673312499997704,0.3889187499997569,0.35241249999977975,0.20524999999987173,0.20956249999986903,0.2067187499998708,0.06770624999995768,0.06349999999996031,0.06842499999995723,0.031849999999980096,0.027943749999982535,0.033306249999979186,0.026349999999983532,0.023187499999985508,0.02689374999998319,0.03549999999997781,0.030806249999980745,0.038406249999975994
tag.txt,0.01363124999999148,0.01222499999999236,0.013956249999991278,0.028268749999982332,0.024262499999984834,0.031218749999980488,0.04547499999997158,0.04164999999997397,0.049962499999968775,0.18777499999988265,0.1838687499998851,0.18683124999988324,0.3345624999997909,0.36404999999977244,0.3331687499997918,0.20583124999987135,0.21063749999986836,0.20756874999987027,0.07572499999995268,0.07002499999995623,0.07300624999995436,0.03538749999997788,0.031012499999980618,0.03521874999997799,0.03223749999997985,0.02743749999998285,0.029781249999981385,0.04110624999997431,0.03483124999997823,0.039287499999975446
tag.txt,0.014368749999991019,0.012706249999992059,0.014968749999990644,0.027931249999982543,0.026218749999983613,0.03323749999997923,0.04666874999997083,0.04254999999997341,0.049599999999969,0.18393749999988504,0.17976874999988765,0.18067499999988706,0.34916874999978176,0.3763374999997648,0.34278749999978575,0.20202499999987372,0.20393124999987255,0.20388124999987256,0.07211249999995493,0.0678312499999576,0.07146249999995534,0.03494999999997816,0.030868749999980707,0.034824999999978234,0.029562499999981524,0.025812499999983866,0.028699999999982063,0.039274999999975455,0.033974999999978765,0.039862499999975085
tag.txt,0.014381249999991012,0.013449999999991594,0.014849999999990718,0.027637499999982728,0.025274999999984202,0.03181874999998011,0.04594999999997128,0.042931249999973164,0.05240624999996724,0.18900624999988186,0.18434999999988477,0.18630624999988354,0.34429999999978483,0.3670374999997706,0.3339249999997913,0.20488749999987194,0.20852499999986968,0.20748124999987033,0.07289999999995443,0.06748749999995782,0.07184999999995509,0.03386874999997883,0.030212499999981116,0.03373124999997892,0.028474999999982202,0.025787499999983882,0.028218749999982362,0.038593749999975877,0.03494374999997816,0.03941249999997537
tag.txt,0.014087499999991196,0.012331249999992293,0.015506249999990309,0.027468749999982833,0.026087499999983697,0.033599999999979,0.04681874999997074,0.04289999999997319,0.051481249999967824,0.18358124999988526,0.1798499999998876,0.17779999999988888,0.35281874999977947,0.37626874999976484,0.3411124999997868,0.20036874999987478,0.20508124999987182,0.20139374999987414,0.07210624999995494,0.06746249999995783,0.07177499999995514,0.034318749999978554,0.03047499999998095,0.03573124999997767,0.029431249999981604,0.025781249999983887,0.029318749999981675,0.038999999999975624,0.0337624999999789,0.042281249999973576
tag.txt,0.013262499999991711,0.011674999999992703,0.014349999999991031,0.02857499999998214,0.025237499999984227,0.03376874999997889,0.046299999999971066,0.04204999999997372,0.05153749999996779,0.18508124999988432,0.1809499999998869,0.17999374999988751,0.33726874999978923,0.3639999999997725,0.3308437499997932,0.20951874999986905,0.21585624999986508,0.20923749999986924,0.0745562499999534,0.07138124999995539,0.0748749999999532,0.03505624999997809,0.030243749999981098,0.03554999999997778,0.030724999999980795,0.02558749999998401,0.029237499999981726,0.03965624999997521,0.03301874999997936,0.04060624999997462
tag.txt,0.012599999999992124,0.011331249999992918,0.014024999999991234,0.026249999999983592,0.024406249999984746,0.03248749999997969,0.04299374999997313,0.039787499999975134,0.048424999999969735,0.18087499999988696,0.1739124999998913,0.17434999999989104,0.3687874999997695,0.39800624999975126,0.35881874999977575,0.20598124999987127,0.20693749999987066,0.20503124999987185,0.0678499999999576,0.06348124999996033,0.06789999999995756,0.033368749999979144,0.029643749999981473,0.03486249999997821,0.026631249999983356,0.023187499999985508,0.02665624999998334,0.034662499999978336,0.029306249999981684,0.0374437499999766
tag.txt,0.013112499999991804,0.011737499999992664,0.014231249999991105,0.02825624999998234,0.025106249999984308,0.03315624999997928,0.04624999999997109,0.0423999999999735,0.05224999999996734,0.1884812499998822,0.18389374999988506,0.1817562499998864,0.33651249999978966,0.3604312499997747,0.3275499999997953,0.20407499999987244,0.212781249999867,0.21030624999986855,0.07582499999995261,0.07175624999995515,0.07402499999995374,0.035587499999977755,0.030324999999981048,0.036362499999977274,0.03195624999998003,0.027431249999982855,0.029524999999981545,0.039943749999975034,0.034137499999978664,0.04083749999997448
tag.txt,0.012937499999991914,0.011906249999992558,0.014624999999990859,0.02577499999998389,0.023787499999985133,0.03153749999998029,0.042862499999973214,0.039943749999975034,0.04742499999997036,0.177618749999889,0.17379999999989137,0.17369374999989143,0.3809062499997619,0.4043249999997473,0.36710624999977054,0.20663749999987086,0.20702499999987062,0.20539999999987163,0.06464999999995959,0.06097499999996189,0.06488124999995945,0.03136874999998039,0.027968749999982518,0.032424999999979734,0.023812499999985116,0.021093749999986817,0.02513124999998429,0.0334312499999791,0.029174999999981764,0.03777499999997639
tag.txt,0.019762499999987648,0.018531249999988418,0.020518749999987176,0.03658749999997713,0.03318124999997926,0.03802499999997624,0.0550374999999656,0.05065624999996834,0.05784374999996385,0.17912499999988804,0.17369999999989144,0.1779124999998888,0.2856562499998215,0.30998749999980624,0.2809624999998244,0.19354374999987903,0.20234999999987352,0.19621874999987737,0.08388124999994757,0.07957499999995027,0.08394999999994752,0.04401874999997249,0.03933749999997541,0.043206249999972995,0.044568749999972145,0.041068749999974334,0.04384999999997259,0.057818749999963864,0.05161249999996774,0.05751249999996406
tag.txt,0.020074999999987454,0.01862499999998836,0.02051249999998718,0.038412499999975994,0.03504999999997809,0.03996874999997502,0.056456249999964715,0.053193749999966754,0.06094374999996191,0.1809187499998869,0.17847499999988845,0.1787124999998883,0.27801249999982625,0.29928749999981297,0.2745624999998284,0.1942562499998786,0.2010812499998743,0.1912124999998805,0.0851187499999468,0.08091249999994943,0.0841499999999474,0.045081249999971824,0.04069999999997456,0.04633749999997104,0.04327499999997295,0.04022499999997486,0.04366874999997271,0.0583937499999635,0.05244999999996722,0.05993124999996254
tag.txt,0.0193624999999879,0.01793749999998879,0.01986874999998758,0.03659999999997712,0.03333124999997917,0.03779999999997637,0.0555249999999653,0.05190624999996756,0.0590437499999631,0.18371249999988518,0.17732499999988918,0.18073124999988704,0.2853562499998217,0.3109687499998056,0.2840312499998225,0.1908812499998807,0.1980812499998762,0.19115624999988054,0.08265624999994833,0.07798749999995126,0.08163749999994897,0.044568749999972145,0.04093124999997442,0.044668749999972085,0.044793749999972,0.041418749999974115,0.04382499999997261,0.05654374999996466,0.05011249999996868,0.05723749999996423
tag.txt,0.020243749999987348,0.019318749999987925,0.02091249999998693,0.038756249999975775,0.036612499999977115,0.041412499999974116,0.058074999999963704,0.054249999999966096,0.06054374999996216,0.1782312499998886,0.17530624999989045,0.17741249999988912,0.2855999999998215,0.30284374999981073,0.2794562499998253,0.19063749999988086,0.19731249999987668,0.18979374999988138,0.08359999999994774,0.08028749999994982,0.08378124999994764,0.044318749999972304,0.040999999999974376,0.04556874999997152,0.04327499999997295,0.04030624999997481,0.04246249999997346,0.05726249999996421,0.05276249999996702,0.05865624999996334
tag.txt,0.01217499999999239,0.009843749999993847,0.011874999999992577,0.028093749999982442,0.02179374999998638,0.0268812499999832,0.04359374999997275,0.03477499999997827,0.044224999999972356,0.18424999999988484,0.1793749999998879,0.1892812499998817,0.3191999999998005,0.3668187499997707,0.3294312499997941,0.21336249999986664,0.21924374999986296,0.21348749999986658,0.07992499999995005,0.07172499999995517,0.0750499999999531,0.036456249999977215,0.030231249999981107,0.0347124999999783,0.03718124999997676,0.03129999999998044,0.03373124999997892,0.045762499999971396,0.03489374999997819,0.041324999999974174
tag.txt,0.012274999999992329,0.00999999999999375,0.012537499999992164,0.02806874999998246,0.022218749999986114,0.027399999999982876,0.04323124999997298,0.035587499999977755,0.044493749999972194,0.18779999999988262,0.18643124999988347,0.19144374999988034,0.32119999999979926,0.3595937499997752,0.3277124999997952,0.21204999999986746,0.2184062499998635,0.21012499999986867,0.07851249999995093,0.07319374999995425,0.07576874999995264,0.03646249999997721,0.03065624999998084,0.034749999999978284,0.036218749999977366,0.029781249999981385,0.03376874999997889,0.04418124999997239,0.034131249999978665,0.04199999999997375
tag.txt,0.01128124999999295,0.009193749999994253,0.011249999999992969,0.025874999999983828,0.02148749999998657,0.02627499999998358,0.0423937499999735,0.034406249999978496,0.04257499999997339,0.18962499999988147,0.18116874999988677,0.19221249999987985,0.3320624999997925,0.37851249999976344,0.34229999999978605,0.2126374999998671,0.21432499999986604,0.20968749999986894,0.07606249999995246,0.06882499999995699,0.07224374999995485,0.03459374999997838,0.029449999999981595,0.0324749999999797,0.03447499999997845,0.02964999999998147,0.03228749999997982,0.04099374999997438,0.03298124999997939,0.03869374999997582
tag.txt,0.013362499999991648,0.010624999999993359,0.013206249999991745,0.03130624999998043,0.023931249999985044,0.031174999999980517,0.0440062499999725,0.036449999999977216,0.04392499999997255,0.18419999999988487,0.18233124999988604,0.18805624999988246,0.3105937499998059,0.35192499999978005,0.31771874999980143,0.21046874999986845,0.21720624999986424,0.2094124999998691,0.08022499999994986,0.07502499999995312,0.07811874999995118,0.03787499999997633,0.0316812499999802,0.03659999999997712,0.03966249999997521,0.033106249999979305,0.03656249999997715,0.04829999999996981,0.037718749999976424,0.04522499999997173
tag.txt,0.01217499999999239,0.009843749999993847,0.011874999999992577,0.028093749999982442,0.02179374999998638,0.0268812499999832,0.04359374999997275,0.03477499999997827,0.044224999999972356,0.18424999999988484,0.1793749999998879,0.1892812499998817,0.3191999999998005,0.3668187499997707,0.3294312499997941,0.21336249999986664,0.21924374999986296,0.21348749999986658,0.07992499999995005,0.07172499999995517,0.0750499999999531,0.036456249999977215,0.030231249999981107,0.0347124999999783,0.03718124999997676,0.03129999999998044,0.03373124999997892,0.045762499999971396,0.03489374999997819,0.041324999999974174
tag.txt,0.012274999999992329,0.00999999999999375,0.012537499999992164,0.02806874999998246,0.022218749999986114,0.027399999999982876,0.04323124999997298,0.035587499999977755,0.044493749999972194,0.18779999999988262,0.18643124999988347,0.19144374999988034,0.32119999999979926,0.3595937499997752,0.3277124999997952,0.21204999999986746,0.2184062499998635,0.21012499999986867,0.07851249999995093,0.07319374999995425,0.07576874999995264,0.03646249999997721,0.03065624999998084,0.034749999999978284,0.036218749999977366,0.029781249999981385,0.03376874999997889,0.04418124999997239,0.034131249999978665,0.04199999999997375
tag.txt,0.01128124999999295,0.009193749999994253,0.011249999999992969,0.025874999999983828,0.02148749999998657,0.02627499999998358,0.0423937499999735,0.034406249999978496,0.04257499999997339,0.18962499999988147,0.18116874999988677,0.19221249999987985,0.3320624999997925,0.37851249999976344,0.34229999999978605,0.2126374999998671,0.21432499999986604,0.20968749999986894,0.07606249999995246,0.06882499999995699,0.07224374999995485,0.03459374999997838,0.029449999999981595,0.0324749999999797,0.03447499999997845,0.02964999999998147,0.03228749999997982,0.04099374999997438,0.03298124999997939,0.03869374999997582
tag.txt,0.013362499999991648,0.010624999999993359,0.013206249999991745,0.03130624999998043,0.023931249999985044,0.031174999999980517,0.0440062499999725,0.036449999999977216,0.04392499999997255,0.18419999999988487,0.18233124999988604,0.18805624999988246,0.3105937499998059,0.35192499999978005,0.31771874999980143,0.21046874999986845,0.21720624999986424,0.2094124999998691,0.08022499999994986,0.07502499999995312,0.07811874999995118,0.03787499999997633,0.0316812499999802,0.03659999999997712,0.03966249999997521,0.033106249999979305,0.03656249999997715,0.04829999999996981,0.037718749999976424,0.04522499999997173
tag.txt,0.01678749999998951,0.015318749999990425,0.01742499999998911,0.034806249999978243,0.03155624999998028,0.038918749999975674,0.0521499999999674,0.04724374999997047,0.05589999999996506,0.17913749999988804,0.1765124999998897,0.1771374999998893,0.3006874999998121,0.3251187499997968,0.2957124999998152,0.198399999999876,0.20565624999987148,0.19596249999987753,0.08310624999994806,0.07907499999995057,0.08153749999994904,0.042243749999973594,0.03795624999997628,0.043468749999972835,0.04112499999997429,0.03703749999997685,0.04119999999997425,0.051556249999967774,0.04452499999997217,0.05273749999996704
tag.txt,0.016268749999989833,0.015299999999990438,0.017256249999989214,0.033812499999978866,0.030662499999980837,0.03826874999997608,0.04998749999996876,0.046787499999970755,0.054318749999966054,0.1794874999998878,0.17450624999989092,0.17627499999988983,0.3110312499998056,0.33578124999979014,0.3057437499998089,0.2009499999998744,0.20539374999987162,0.1964874999998772,0.08040624999994975,0.07739374999995163,0.0798374999999501,0.04113749999997429,0.03690624999997694,0.04333124999997292,0.03854374999997591,0.03441874999997849,0.03826874999997608,0.04837499999996977,0.04284999999997322,0.050212499999968616
tag.txt,0.016868749999989458,0.015868749999990082,0.01763124999998898,0.03489374999997819,0.03111874999998055,0.03820624999997612,0.052068749999967454,0.04881874999996949,0.05612499999996492,0.1838374999998851,0.17883124999988823,0.17996249999988753,0.302393749999811,0.3259499999997963,0.2988749999998132,0.19707499999987682,0.20248124999987344,0.19516874999987802,0.08193124999994879,0.07804374999995123,0.08131249999994918,0.04181874999997386,0.038074999999976204,0.042937499999973164,0.039268749999975455,0.036181249999977384,0.039012499999975615,0.04984374999996885,0.0446312499999721,0.05076874999996827
tag.txt,0.01601874999998999,0.015381249999990387,0.01692499999998942,0.033124999999979296,0.030962499999980648,0.03734999999997666,0.051587499999967756,0.04819374999996988,0.054468749999965954,0.1801374999998874,0.17569374999989018,0.17561874999989024,0.31809374999980117,0.3389062499997882,0.31525624999980295,0.19973124999987515,0.20449999999987217,0.19722499999987672,0.07836249999995103,0.07496249999995315,0.07713749999995179,0.039881249999975076,0.036774999999977014,0.04099374999997438,0.03656249999997715,0.033374999999979144,0.036262499999977334,0.04649999999997094,0.04124999999997422,0.048762499999969525
tag.txt,0.004868749999996957,0.00574374999999641,0.008087499999994946,0.013956249999991278,0.015812499999990116,0.019337499999987913,0.023018749999985613,0.02062499999998711,0.025318749999984177,0.1748999999998907,0.16499374999989688,0.17206249999989245,0.4468687499997207,0.46827499999970734,0.4232249999997355,0.23045624999985595,0.21706249999986432,0.2243187499998598,0.04753749999997029,0.0457562499999714,0.05217499999996739,0.01934374999998791,0.021318749999986675,0.02452499999998467,0.016487499999989694,0.017899999999988814,0.022231249999986106,0.0225624999999859,0.02251249999998593,0.02871874999998205
tag.txt,0.005468749999996582,0.006693749999995817,0.008937499999994413,0.015418749999990364,0.016056249999989964,0.02076874999998702,0.027831249999982606,0.024887499999984446,0.03089374999998069,0.18920624999988175,0.1804562499998872,0.18506874999988432,0.40616249999974613,0.42598124999973375,0.3841812499997599,0.23771249999985142,0.22843124999985723,0.22973124999985642,0.05461874999996586,0.051418749999967865,0.05779999999996387,0.021437499999986603,0.02221249999998612,0.027068749999983082,0.01786874999998883,0.019462499999987837,0.02426874999998483,0.02427499999998483,0.02439999999998475,0.03128124999998045
tag.txt,0.004581249999997137,0.005912499999996304,0.007881249999995074,0.012581249999992137,0.01598124999999001,0.017874999999988827,0.022037499999986228,0.020218749999987365,0.0257624999999839,0.17221874999989237,0.16101874999989937,0.17149999999989282,0.4460812499997212,0.4632312499997105,0.41299374999974187,0.22951874999985655,0.21203124999986747,0.22164999999986146,0.045681249999971446,0.04283749999997322,0.04938749999996913,0.020968749999986894,0.024356249999984775,0.02806874999998246,0.025799999999983874,0.031418749999980365,0.03692499999997692,0.020531249999987167,0.02299374999998563,0.027956249999982526
tag.txt,0.005212499999996742,0.007474999999995328,0.008787499999994508,0.015106249999990558,0.016468749999989707,0.02004999999998747,0.024762499999984523,0.022706249999985807,0.030006249999981246,0.1822437499998861,0.17402499999989124,0.17860624999988836,0.38294999999976065,0.4020749999997487,0.35658124999977714,0.24411249999984744,0.22919999999985674,0.23283124999985447,0.055512499999965305,0.051987499999967504,0.05990624999996256,0.026662499999983335,0.028131249999982417,0.03302499999997936,0.03851249999997593,0.043468749999972835,0.049268749999969205,0.02492499999998442,0.024462499999984712,0.030937499999980664
tag.txt,0.0056187499999964885,0.00537499999999664,0.007699999999995187,0.01731249999998918,0.01694374999998941,0.02305624999998559,0.029624999999981486,0.026693749999983318,0.0329624999999794,0.18329999999988544,0.18009999999988743,0.17993749999988753,0.42184374999973634,0.43717499999972675,0.4042687499997473,0.2231812499998605,0.22315624999986053,0.21755624999986403,0.05577499999996514,0.05224999999996734,0.058937499999963165,0.022981249999985638,0.020856249999986965,0.026756249999983276,0.01678749999998951,0.015562499999990273,0.02001249999998749,0.023574999999985264,0.02188749999998632,0.02881249999998199
tag.txt,0.002874999999998203,0.006456249999995965,0.006999999999995625,0.014793749999990754,0.015556249999990278,0.02171249999998643,0.020956249999986902,0.019606249999987745,0.025224999999984236,0.15159374999990524,0.14246249999991095,0.1467374999999083,0.45859374999971336,0.46727499999970795,0.42354374999973526,0.22242499999986098,0.2161499999998649,0.2142437499998661,0.04762499999997023,0.04737499999997039,0.05308124999996682,0.026324999999983546,0.027049999999983095,0.0345562499999784,0.03538124999997789,0.03814374999997616,0.04503124999997186,0.019431249999987854,0.019924999999987546,0.028868749999981957
tag.txt,0.004999999999996875,0.006887499999995696,0.008512499999994679,0.01697499999998939,0.01670624999998956,0.024037499999984977,0.02739374999998288,0.025274999999984202,0.03283124999997948,0.18051249999988717,0.17384374999989136,0.17436874999989102,0.4101687499997436,0.42251874999973593,0.379193749999763,0.22986874999985632,0.2279937499998575,0.2241249999998599,0.05699999999996438,0.054468749999965954,0.061674999999961455,0.024806249999984497,0.024468749999984708,0.031512499999980306,0.025149999999984282,0.02612499999998367,0.03266249999997958,0.023124999999985546,0.02171249999998643,0.031081249999980576
tag.txt,0.0030187499999981132,0.006187499999996133,0.00625624999999609,0.012749999999992032,0.01262499999999211,0.01781249999998887,0.019974999999987517,0.018212499999988616,0.02391874999998505,0.1393562499999129,0.1313874999999179,0.13955624999991278,0.45794374999971377,0.4705812499997059,0.4247749999997345,0.21911874999986306,0.21203749999986748,0.21219374999986737,0.04377499999997264,0.04433749999997229,0.04830624999996981,0.02794999999998253,0.027074999999983078,0.034837499999978226,0.058662499999963334,0.060743749999962036,0.0673499999999579,0.017449999999989092,0.016812499999989492,0.02499374999998438
tag.txt,0.002749999999998281,0.009643749999993973,0.013262499999991711,0.01331249999999168,0.01932499999998792,0.03316249999997927,0.015749999999990157,0.013068749999991832,0.02076874999998702,0.12968124999991895,0.11173749999993017,0.11129374999993044,0.2737874999998289,0.27874374999982576,0.2009437499998744,0.25743124999983913,0.236768749999852,0.20233124999987354,0.06578124999995888,0.059862499999962585,0.06623124999995861,0.03753749999997654,0.04244999999997347,0.05856874999996339,0.18294999999988565,0.20571874999987141,0.2350499999998531,0.021018749999986864,0.022681249999985824,0.05838749999996351
tag.txt,0.001068749999999332,0.01203124999999248,0.011481249999992824,0.006824999999995735,0.014649999999990844,0.028024999999982484,0.008662499999994586,0.007568749999995269,0.013149999999991781,0.09511874999994055,0.07524999999995297,0.08426249999994734,0.24085624999984948,0.23272499999985455,0.1555249999999028,0.24645624999984597,0.215999999999865,0.18061249999988713,0.05263124999996711,0.05147499999996783,0.05656249999996465,0.03827499999997608,0.046099999999971185,0.06211249999996118,0.29729374999981417,0.32750624999979533,0.35684374999977697,0.012812499999991992,0.016693749999989568,0.05142499999996786
tag.txt,0.002406249999998496,0.009637499999993977,0.010843749999993223,0.010937499999993164,0.016593749999989627,0.028618749999982113,0.013512499999991554,0.010506249999993434,0.018224999999988608,0.10847499999993221,0.09473749999994079,0.09610624999993993,0.22698749999985812,0.2315499999998553,0.1641249999998974,0.22941874999985662,0.20316874999987303,0.1726312499998921,0.056474999999964706,0.050906249999968185,0.05889999999996319,0.03390624999997881,0.039449999999975345,0.05333749999996666,0.30067499999981206,0.3244749999997972,0.34881874999978196,0.017206249999989248,0.01897499999998814,0.04839374999996975
tag.txt,0.002124999999998672,0.008468749999994706,0.009581249999994011,0.008581249999994637,0.012668749999992082,0.023493749999985315,0.011224999999992984,0.010206249999993621,0.015306249999990433,0.09371249999994143,0.08012499999994992,0.08681874999994574,0.2454312499998466,0.2470062499998456,0.18358749999988525,0.2118312499998676,0.19601874999987748,0.171206249999893,0.046712499999970805,0.04501249999997187,0.05190624999996756,0.030937499999980664,0.03462499999997836,0.04665624999997084,0.3354749999997903,0.3510687499997806,0.37204999999976746,0.01396874999999127,0.01479999999999075,0.03939374999997538
tag.txt,0.004468749999997207,0.008337499999994788,0.01622499999998986,0.015943749999990035,0.023593749999985255,0.034574999999978394,0.02295624999998565,0.02093124999998692,0.028037499999982476,0.16908124999989432,0.14968749999990644,0.14588749999990883,0.36199374999977374,0.37126249999976796,0.28602499999982123,0.2660874999998337,0.2417749999998489,0.23211249999985492,0.06368749999996019,0.05941249999996287,0.07325624999995421,0.028618749999982113,0.035081249999978074,0.04694374999997066,0.04044999999997472,0.056531249999964665,0.07786874999995133,0.026712499999983305,0.033387499999979135,0.05906874999996308
tag.txt,0.004037499999997476,0.01177499999999264,0.017374999999989142,0.01540624999999037,0.027199999999982998,0.04043124999997473,0.02036874999998727,0.019099999999988064,0.025943749999983785,0.15793749999990128,0.1335937499999165,0.12813124999991993,0.3043187499998098,0.3019249999998113,0.2116937499998677,0.26888124999983193,0.23706249999985182,0.21508124999986558,0.0702374999999561,0.06749374999995782,0.0808187499999495,0.03879374999997575,0.04798124999997001,0.06357499999996026,0.09220624999994237,0.11819374999992613,0.14621249999990862,0.02781249999998262,0.035674999999977704,0.0707374999999558
tag.txt,0.004068749999997457,0.009974999999993765,0.016568749999989644,0.01433749999999104,0.024587499999984632,0.034993749999978126,0.020331249999987294,0.018649999999988343,0.026387499999983507,0.1596937499999002,0.14009999999991243,0.13532499999991543,0.3388249999997882,0.339193749999788,0.25669374999983957,0.2658312499998339,0.22885624999985696,0.2172562499998642,0.06156874999996152,0.05881249999996324,0.07174374999995516,0.03097499999998064,0.03998124999997501,0.05299999999996687,0.08058124999994963,0.10523124999993423,0.12899999999991937,0.023787499999985133,0.03461249999997837,0.059031249999963106
tag.txt,0.004137499999997414,0.011699999999992687,0.015756249999990153,0.015018749999990613,0.0233624999999854,0.034724999999978294,0.020331249999987294,0.018874999999988203,0.026037499999983726,0.14616874999990864,0.1266937499999208,0.12397499999992251,0.28553749999982153,0.2855437499998215,0.20773749999987015,0.25524374999984045,0.22614374999985865,0.206387499999871,0.06469999999995957,0.06156874999996152,0.07169999999995519,0.03698124999997689,0.04478124999997201,0.05778749999996388,0.1464249999999085,0.1691249999998943,0.19524999999987797,0.02545624999998409,0.03220624999997987,0.060643749999962096
tag.txt,0.022274999999986077,0.02055624999998715,0.021781249999986388,0.039781249999975135,0.035862499999977586,0.041224999999974234,0.05795624999996378,0.05144999999996784,0.057649999999963966,0.17527499999989046,0.17484374999989072,0.1742562499998911,0.2723749999998298,0.2995374999998128,0.28217499999982365,0.1987312499998758,0.20567499999987146,0.20410624999987242,0.0860812499999462,0.08117499999994926,0.08104999999994934,0.045337499999971664,0.039787499999975134,0.04250624999997343,0.04178749999997388,0.03733749999997667,0.03763124999997648,0.06039999999996225,0.05377499999996639,0.05761874999996399
tag.txt,0.019031249999988106,0.017243749999989223,0.018956249999988153,0.03638124999997726,0.032868749999979456,0.039868749999975084,0.053031249999966855,0.047812499999970115,0.05390624999996631,0.17738124999988913,0.174418749999891,0.17516874999989052,0.2920624999998175,0.3197812499998001,0.2980437499998137,0.2007687499998745,0.21101249999986813,0.20663749999987086,0.08384374999994759,0.07845624999995096,0.07993749999995003,0.042606249999973374,0.03672499999997705,0.04051874999997467,0.03928124999997545,0.03377499999997889,0.03529999999997794,0.055612499999965245,0.047906249999970056,0.05166249999996771
tag.txt,0.019674999999987702,0.018106249999988683,0.019656249999987715,0.034981249999978134,0.031924999999980046,0.03750624999997656,0.05333749999996666,0.0488062499999695,0.056193749999964876,0.18183124999988634,0.17991249999988757,0.18091249999988693,0.29543124999981535,0.32486249999979694,0.29740624999981413,0.20357499999987277,0.20741874999987037,0.20818749999986988,0.0828874999999482,0.07531874999995293,0.07785624999995135,0.03974999999997516,0.0358312499999776,0.03803124999997623,0.0363187499999773,0.03188749999998007,0.033543749999979035,0.05221249999996737,0.045931249999971294,0.05070624999996831
tag.txt,0.021368749999986645,0.019468749999987833,0.021462499999986586,0.03623749999997735,0.03388749999997882,0.04075624999997453,0.055162499999965524,0.050999999999968126,0.05861874999996336,0.17722499999988922,0.17393749999989128,0.17319999999989175,0.29869999999981334,0.3236437499997977,0.29548124999981534,0.2002999999998748,0.20539999999987163,0.20389999999987257,0.08102499999994936,0.07521874999995298,0.07851249999995093,0.04151874999997405,0.037318749999976676,0.040999999999974376,0.03564999999997772,0.031837499999980104,0.0340812499999787,0.05281249999996699,0.04828749999996982,0.05298749999996688
tag.txt,0.017606249999988995,0.01564374999999022,0.017837499999988852,0.032862499999979464,0.029543749999981536,0.03478124999997826,0.05073749999996829,0.04471874999997205,0.05304374999996685,0.18361874999988523,0.17959999999988774,0.18446874999988472,0.3017562499998114,0.3363437499997898,0.30570624999980894,0.20875624999986953,0.21443749999986597,0.2126312499998671,0.0796812499999502,0.07206874999995495,0.07686874999995195,0.037731249999976416,0.033387499999979135,0.03620624999997737,0.03624999999997734,0.030874999999980703,0.03129999999998044,0.050999999999968126,0.043381249999972886,0.04715624999997053
tag.txt,0.018018749999988738,0.015562499999990273,0.01785624999998884,0.0348812499999782,0.03136874999998039,0.03939374999997538,0.052006249999967495,0.04678124999997076,0.055424999999965356,0.18358749999988525,0.1819374999998863,0.18168749999988645,0.2914874999998178,0.32296249999979815,0.2937374999998164,0.2057437499998714,0.21224374999986734,0.20756874999987027,0.08395624999994752,0.07747499999995158,0.08045624999994971,0.04091249999997443,0.03571249999997768,0.04026874999997483,0.0380812499999762,0.032262499999979835,0.033874999999978825,0.051324999999967924,0.04369374999997269,0.04973124999996892
tag.txt,0.018212499999988616,0.01644999999998972,0.0183999999999885,0.0326374999999796,0.030037499999981225,0.03451249999997843,0.05219374999996738,0.04729374999997044,0.05504999999996559,0.18664374999988334,0.18275624999988577,0.1854499999998841,0.3029937499998106,0.3345499999997909,0.30619374999980864,0.20506249999987183,0.21034999999986853,0.2115187499998678,0.07884374999995072,0.07131874999995542,0.07483124999995323,0.039018749999975615,0.03419999999997862,0.036374999999977266,0.03452499999997842,0.029943749999981284,0.031031249999980606,0.049868749999968834,0.04309999999997306,0.04663749999997085
tag.txt,0.01977499999998764,0.01820624999998862,0.020237499999987352,0.03468749999997832,0.03204374999997997,0.038681249999975825,0.05266249999996708,0.050218749999968615,0.05734374999996416,0.1849749999998844,0.18126249999988672,0.18121874999988674,0.29959999999981274,0.32766874999979523,0.2980937499998137,0.20535624999987165,0.20838124999986976,0.20635624999987104,0.07859999999995088,0.07256249999995465,0.07684374999995197,0.040131249999974916,0.035937499999977536,0.03820624999997612,0.033556249999979026,0.029212499999981743,0.03233749999997979,0.05065624999996834,0.044506249999972186,0.05068124999996832
tag.txt,0.01619374999998988,0.014756249999990777,0.016774999999989517,0.03484999999997822,0.029981249999981262,0.0364812499999772,0.05188749999996757,0.044843749999971975,0.05383124999996636,0.1822374999998861,0.180768749999887,0.18306249999988558,0.29206874999981747,0.32298749999979814,0.2949062499998157,0.19881874999987573,0.20668749999987082,0.19832499999987604,0.08523749999994673,0.07866874999995083,0.08267499999994833,0.04315624999997303,0.03743124999997661,0.04241249999997349,0.04246874999997346,0.03809999999997619,0.0401562499999749,0.05308124999996682,0.04577499999997139,0.05137499999996789
tag.txt,0.016037499999989976,0.01473749999999079,0.0169624999999894,0.03502499999997811,0.030262499999981086,0.038931249999975666,0.05128124999996795,0.04690624999997069,0.054649999999965844,0.18212499999988618,0.17819374999988863,0.17721249999988925,0.3005312499998122,0.33099374999979314,0.30185624999981137,0.1991999999998755,0.20419999999987237,0.1955499999998778,0.08117499999994926,0.0777687499999514,0.08033749999994978,0.04244999999997347,0.03715624999997678,0.04384999999997259,0.04087499999997445,0.03581874999997761,0.039449999999975345,0.05129999999996794,0.043962499999972524,0.051199999999968
tag.txt,0.015906249999990057,0.014537499999990914,0.016631249999989606,0.03258749999997963,0.0294374999999816,0.03508749999997807,0.05101874999996811,0.04691874999997068,0.054587499999965886,0.18681249999988325,0.1828562499998857,0.18563124999988398,0.3062374999998086,0.33001249999979376,0.30170624999981144,0.19833749999987604,0.203181249999873,0.1961499999998774,0.08085624999994946,0.07816249999995115,0.08178749999994889,0.04116874999997427,0.036362499999977274,0.0411124999999743,0.03848124999997595,0.03534374999997791,0.03813749999997616,0.048593749999969627,0.043187499999973004,0.04916874999996927
tag.txt,0.01639999999998975,0.015368749999990395,0.017712499999988928,0.03404374999997872,0.030868749999980707,0.03724999999997672,0.051593749999967756,0.04779999999997012,0.05558124999996526,0.1811187499998868,0.17734999999988915,0.17733124999988917,0.31108749999980556,0.3336624999997915,0.30759999999980775,0.19978124999987515,0.20463124999987212,0.1958312499998776,0.07871249999995081,0.07562499999995273,0.07739374999995163,0.04113749999997429,0.0371187499999768,0.04298124999997314,0.037831249999976356,0.034212499999978614,0.03805624999997621,0.04829374999996982,0.043362499999972895,0.05026249999996858
tag.txt,0.019668749999987706,0.017849999999988844,0.01961874999998774,0.03571249999997768,0.033131249999979295,0.038331249999976044,0.05506249999996558,0.05002499999996873,0.05838749999996351,0.18169999999988642,0.17576874999989014,0.1810937499998868,0.28323124999982296,0.3099312499998063,0.27828749999982605,0.19608124999987744,0.20346249999987284,0.1956999999998777,0.08402499999994749,0.0798499999999501,0.08314374999994803,0.04429999999997231,0.04023124999997486,0.044581249999972136,0.043781249999972634,0.03928124999997545,0.04324374999997297,0.056437499999964724,0.050468749999968456,0.05761249999996399
tag.txt,0.01961249999998774,0.01876874999998827,0.020281249999987323,0.03810624999997618,0.034324999999978546,0.04036249999997477,0.05633749999996479,0.05213124999996742,0.05874999999996328,0.17989999999988757,0.17718749999988925,0.17832499999988854,0.2795187499998253,0.30156874999981154,0.2774062499998266,0.19609999999987743,0.20331874999987293,0.1955187499998778,0.08468749999994707,0.08061249999994961,0.08326874999994796,0.04506249999997183,0.040568749999974646,0.04484999999997197,0.04332499999997292,0.03939999999997537,0.04316874999997302,0.05734999999996416,0.05211874999996743,0.058068749999963705
tag.txt,0.018987499999988132,0.018306249999988557,0.01986874999998758,0.036043749999977476,0.03313749999997929,0.03819999999997613,0.05565624999996521,0.05138749999996788,0.05703749999996435,0.18183124999988634,0.17699374999988937,0.18259999999988588,0.28971874999981895,0.31252499999980465,0.28504374999982185,0.1955499999998778,0.20003124999987498,0.19481249999987824,0.08123749999994923,0.07898749999995064,0.08171249999994892,0.04301874999997311,0.039881249999975076,0.04309999999997306,0.04291874999997317,0.03929374999997544,0.042187499999973635,0.0550374999999656,0.04945624999996909,0.05543749999996535
tag.txt,0.020618749999987113,0.01986874999998758,0.02131249999998668,0.03751249999997656,0.03528124999997795,0.04094374999997441,0.05709374999996432,0.053537499999966535,0.06025624999996234,0.17789374999988883,0.17400624999989125,0.17464999999989084,0.2838124999998226,0.30396249999981,0.2805937499998246,0.19547499999987783,0.2008062499998745,0.19596249999987753,0.08369999999994769,0.07988124999995007,0.08231249999994855,0.043899999999972565,0.04113749999997429,0.04436249999997227,0.042699999999973315,0.03894999999997566,0.04179999999997387,0.05729374999996419,0.05256874999996714,0.05780624999996387
tag.txt,0.026437499999983478,0.02563124999998398,0.02748749999998282,0.0487999999999695,0.04513749999997179,0.05172499999996767,0.06279999999996075,0.057224999999964235,0.06498749999995938,0.16548124999989658,0.1627187499998983,0.16154374999989904,0.2392312499998505,0.26088749999983696,0.23681874999985197,0.18628124999988357,0.1982437499998761,0.19182499999988012,0.09321249999994174,0.0897499999999439,0.09118124999994301,0.05139374999996788,0.04819999999996988,0.052262499999967335,0.05349999999996656,0.04633749999997104,0.049531249999969044,0.07286249999995446,0.06586874999995883,0.0726374999999546
tag.txt,0.026849999999983217,0.025337499999984164,0.027337499999982914,0.04803749999996998,0.04374374999997266,0.05130624999996793,0.06358749999996026,0.058068749999963705,0.06516249999995927,0.1630374999998981,0.1622187499998986,0.16201874999989874,0.23780624999985137,0.26259999999983585,0.2363374999998523,0.18667499999988332,0.1987124999998758,0.19031874999988105,0.0950374999999406,0.09131249999994293,0.0926374999999421,0.052856249999966964,0.0460749999999712,0.05214374999996741,0.05154374999996778,0.04583124999997135,0.049512499999969053,0.07456874999995339,0.06609999999995869,0.07322499999995423
tag.txt,0.028149999999982408,0.027024999999983108,0.02931249999998168,0.048324999999969795,0.04536249999997165,0.051418749999967865,0.0632124999999605,0.059799999999962626,0.06548124999995908,0.16541249999989663,0.16183124999989887,0.1600249999999,0.24264999999984835,0.2633187499998354,0.2412437499998492,0.18533749999988416,0.1956999999998777,0.1902312499998811,0.09035624999994353,0.08673749999994579,0.08929374999994419,0.05274374999996703,0.04758124999997026,0.05109374999996807,0.05092499999996817,0.04587499999997133,0.048587499999969634,0.07288749999995445,0.06676874999995827,0.07331249999995418
tag.txt,0.028868749999981957,0.02785624999998259,0.03043124999998098,0.04856249999996965,0.04686249999997071,0.05207499999996745,0.06322499999996048,0.060199999999962374,0.0673562499999579,0.16506874999989682,0.16145624999989908,0.158418749999901,0.24476874999984702,0.2626687499998358,0.23898749999985064,0.18538749999988413,0.19461249999987837,0.18823749999988235,0.08956249999994402,0.08522499999994673,0.08916249999994427,0.05229999999996731,0.04786249999997009,0.052099999999967436,0.04949374999996907,0.04537499999997164,0.04860624999996962,0.07276249999995452,0.06788124999995758,0.07462499999995335
tag.txt,0.022774999999985765,0.020693749999987066,0.024081249999984948,0.042168749999973644,0.03992499999997505,0.04919999999996925,0.05752499999996405,0.053124999999966796,0.06130624999996168,0.17131874999989294,0.16694374999989567,0.16388749999989757,0.26419374999983486,0.28981249999981884,0.2572499999998392,0.19578124999987764,0.20565624999987148,0.19964374999987522,0.08900624999994437,0.08601874999994624,0.08884374999994447,0.04902499999996936,0.042862499999973214,0.048937499999969415,0.045337499999971664,0.03949999999997531,0.04299999999997312,0.06286874999996071,0.05546249999996534,0.06384999999996009
tag.txt,0.02231874999998605,0.020331249999987294,0.023612499999985243,0.042343749999973535,0.039187499999975506,0.04873749999996954,0.05819999999996363,0.0540874999999662,0.062087499999961195,0.17126874999989294,0.1694562499998941,0.1657312499998964,0.26299999999983564,0.2886749999998196,0.25909999999983807,0.19668124999987707,0.20532499999987167,0.19636249999987726,0.0894249999999441,0.084787499999947,0.08733124999994542,0.04860624999996962,0.04271249999997331,0.048774999999969516,0.045706249999971436,0.040374999999974764,0.04393749999997254,0.06244999999996097,0.05506249999996558,0.0643249999999598
tag.txt,0.022887499999985694,0.021774999999986392,0.024487499999984695,0.04282499999997323,0.03966874999997521,0.04908749999996932,0.05988749999996257,0.05658749999996463,0.06289999999996068,0.17301249999989188,0.16749999999989532,0.16609374999989618,0.26370624999983516,0.28645624999982094,0.25689374999983944,0.19553124999987778,0.20648749999987095,0.19658124999987714,0.08789374999994506,0.08396874999994752,0.08807499999994495,0.047718749999970174,0.042262499999973585,0.04921874999996924,0.04459374999997213,0.039287499999975446,0.04289999999997319,0.06194374999996129,0.056006249999964994,0.06376249999996014
tag.txt,0.023224999999985483,0.021681249999986447,0.0249624999999844,0.04316874999997302,0.040643749999974596,0.049531249999969044,0.057737499999963915,0.05467499999996583,0.061924999999961296,0.16984374999989385,0.16775624999989516,0.16343124999989786,0.27433749999982854,0.29421249999981613,0.2653687499998341,0.19559374999987775,0.20331249999987294,0.19634374999987728,0.08483749999994697,0.0825687499999484,0.0857624999999464,0.046793749999970755,0.04248749999997344,0.048168749999969895,0.043012499999973114,0.03778749999997638,0.04134999999997416,0.06144999999996159,0.0548749999999657,0.06315624999996053
tag.txt,0.015531249999990292,0.011643749999992722,0.01448124999999095,0.03724374999997672,0.027412499999982867,0.034906249999978184,0.048262499999969836,0.03805624999997621,0.04836249999996977,0.18004999999988747,0.18020624999988738,0.18603749999988373,0.2679812499998325,0.3198187499998001,0.2862749999998211,0.19776249999987638,0.21049374999986845,0.19883124999987573,0.08824374999994485,0.08218124999994864,0.0854374999999466,0.047649999999970216,0.038399999999976,0.04323124999997298,0.054387499999966005,0.044906249999971934,0.04804999999996997,0.0628874999999607,0.046881249999970696,0.054387499999966005
tag.txt,0.015243749999990473,0.011187499999993009,0.013793749999991379,0.036537499999977165,0.026849999999983217,0.036118749999977426,0.048087499999969946,0.03976249999997515,0.04838124999996976,0.18100624999988688,0.18492499999988443,0.1842874999998848,0.281543749999824,0.3225499999997984,0.2947624999998158,0.1948874999998782,0.209587499999869,0.19844999999987598,0.08546249999994658,0.08008124999994995,0.08249999999994843,0.047562499999970274,0.03831249999997605,0.043631249999972734,0.050731249999968295,0.04203124999997373,0.04506874999997183,0.058937499999963165,0.04471249999997205,0.05300624999996687
tag.txt,0.014781249999990762,0.011831249999992605,0.013837499999991352,0.03564374999997772,0.02598124999998376,0.033737499999978916,0.047899999999970064,0.03803124999997623,0.047306249999970434,0.18446874999988472,0.18458749999988464,0.18903749999988184,0.2835437499998228,0.3303874999997935,0.3002062499998124,0.196781249999877,0.20851874999986966,0.19916874999987552,0.084787499999947,0.0780874999999512,0.08203749999994872,0.04538749999997163,0.03769999999997644,0.041512499999974056,0.0491187499999693,0.04101874999997436,0.043362499999972895,0.05758749999996401,0.04385624999997259,0.04979374999996888
tag.txt,0.015393749999990379,0.012081249999992449,0.014468749999990958,0.03497499999997814,0.026612499999983368,0.03573749999997766,0.04808124999996995,0.03971249999997518,0.04834999999996978,0.18040624999988725,0.1817624999998864,0.18296249999988565,0.2914874999998178,0.329593749999794,0.3019062499998113,0.19463124999987835,0.20796874999987003,0.19540624999987788,0.08421874999994736,0.07878749999995076,0.0801687499999499,0.04510624999997181,0.03718749999997676,0.043624999999972734,0.04921249999996924,0.04236874999997352,0.04493124999997192,0.0564874999999647,0.04392499999997255,0.052443749999967225
tag.txt,0.015037499999990602,0.011012499999993116,0.013624999999991484,0.03810624999997618,0.026649999999983343,0.0369562499999769,0.04691249999997068,0.0363187499999773,0.04697499999997064,0.1787249999998883,0.180793749999887,0.183987499999885,0.26601249999983373,0.31509999999980304,0.28255624999982343,0.1987562499998758,0.21727499999986422,0.20218749999987362,0.09126249999994296,0.08281249999994825,0.08603124999994623,0.04899374999996938,0.03964374999997522,0.04496874999997189,0.05501249999996562,0.04471249999997205,0.04779374999997013,0.06118124999996176,0.045681249999971446,0.054918749999965676
tag.txt,0.013181249999991762,0.009299999999994188,0.012424999999992234,0.034481249999978446,0.02476874999998452,0.034212499999978614,0.044999999999971875,0.03539999999997787,0.04414374999997241,0.17753749999988905,0.1806249999998871,0.1817874999998864,0.2961437499998149,0.34162499999978646,0.3142624999998036,0.20634374999987104,0.21971249999986267,0.2051124999998718,0.08384374999994759,0.07878749999995076,0.08054999999994966,0.04461249999997212,0.034218749999978613,0.04108749999997432,0.045924999999971294,0.036868749999976955,0.04023749999997485,0.052931249999966914,0.03869374999997582,0.046181249999971134
tag.txt,0.013099999999991813,0.009924999999993796,0.012487499999992196,0.03443124999997848,0.02449374999998469,0.03263124999997961,0.045781249999971386,0.03549999999997781,0.046406249999971,0.18364374999988523,0.18472499999988454,0.1891249999998818,0.2916937499998177,0.33562499999979023,0.3043937499998097,0.20266249999987335,0.21681874999986447,0.20485624999987195,0.08506874999994683,0.07938749999995039,0.08181249999994887,0.04428749999997232,0.03562499999997774,0.04086874999997446,0.045868749999971335,0.03838749999997601,0.040387499999974756,0.053462499999966585,0.039512499999975303,0.047031249999970604
tag.txt,0.013099999999991813,0.009449999999994093,0.012156249999992402,0.034981249999978134,0.02539374999998413,0.034387499999978505,0.0436812499999727,0.03563749999997773,0.0440062499999725,0.1761687499998899,0.1785562499998884,0.1804749999998872,0.3006937499998121,0.3432624999997855,0.31701249999980186,0.2022374999998736,0.21400624999986625,0.20226874999987357,0.08273749999994828,0.07768124999995145,0.07872499999995079,0.044993749999971876,0.03625624999997734,0.04199374999997375,0.047556249999970275,0.03916249999997552,0.04168124999997395,0.05384999999996634,0.04059374999997463,0.04729374999997044
tag.txt,0.01564999999999022,0.01396874999999127,0.015956249999990027,0.02926249999998171,0.02674999999998328,0.03059374999998088,0.047393749999970376,0.04349374999997282,0.05126249999996796,0.1844874999998847,0.17746249999988908,0.18561874999988398,0.3351499999997905,0.3702249999997686,0.33256249999979215,0.20798749999987,0.20723749999987048,0.2083187499998698,0.0731374999999543,0.0652812499999592,0.06886874999995696,0.03473124999997829,0.03153749999998029,0.03420624999997862,0.0308812499999807,0.027206249999982998,0.029749999999981406,0.041318749999974175,0.03683749999997698,0.042862499999973214
tag.txt,0.016862499999989462,0.014999999999990625,0.017574999999989016,0.030724999999980795,0.027793749999982627,0.033106249999979305,0.04971249999996893,0.046787499999970755,0.05522499999996548,0.18744374999988284,0.18376249999988514,0.18648749999988345,0.3140687499998037,0.3425249999997859,0.3073999999998079,0.20621249999987112,0.2105562499998684,0.2083062499998698,0.07855624999995091,0.07158749999995526,0.07642499999995224,0.03691249999997693,0.0334312499999791,0.03681874999997699,0.03340624999997912,0.029306249999981684,0.032262499999979835,0.046099999999971185,0.03924999999997547,0.04639374999997101
tag.txt,0.01633124999998979,0.015062499999990585,0.017018749999989362,0.028712499999982054,0.027018749999983112,0.03193749999998004,0.04914999999996928,0.0454437499999716,0.053268749999966704,0.18472499999988454,0.1806624999998871,0.1849624999998844,0.34040624999978725,0.36712499999977055,0.3324624999997922,0.2038562499998726,0.20201874999987374,0.20188124999987384,0.07218124999995489,0.06638124999995851,0.0700874999999562,0.034049999999978715,0.032324999999979794,0.034843749999978225,0.02935624999998165,0.026506249999983432,0.029656249999981465,0.04123124999997423,0.03745624999997659,0.043881249999972574
tag.txt,0.016387499999989757,0.015068749999990583,0.017637499999988978,0.030649999999980842,0.028331249999982294,0.034574999999978394,0.05051874999996842,0.04736874999997039,0.0550437499999656,0.18697499999988315,0.18107499999988683,0.18280624999988573,0.32093124999979944,0.34552499999978403,0.3092937499998067,0.20421249999987237,0.20993124999986879,0.20871874999986956,0.0779249999999513,0.07204374999995497,0.0769624999999519,0.036218749999977366,0.03289374999997944,0.03616874999997739,0.03163124999998023,0.02812499999998242,0.03139374999998038,0.044549999999972154,0.03963749999997523,0.047399999999970376
tag.txt,0.011762499999992649,0.009431249999994106,0.011768749999992644,0.021556249999986527,0.019931249999987542,0.024468749999984708,0.04010624999997493,0.03435624999997853,0.04341874999997286,0.19266249999987958,0.18371249999988518,0.1906999999998808,0.36020624999977485,0.4024374999997485,0.36068749999977456,0.2148999999998657,0.21540624999986538,0.21761249999986398,0.06874374999995704,0.060724999999962045,0.06498124999995938,0.028737499999982038,0.02513749999998429,0.027281249999982948,0.02763124999998273,0.02213124999998617,0.025031249999984354,0.03369374999997894,0.026731249999983293,0.034049999999978715
tag.txt,0.01163124999999273,0.009712499999993929,0.012293749999992316,0.022968749999985643,0.0201624999999874,0.026349999999983532,0.042349999999973534,0.03686249999997696,0.047224999999970485,0.1939187499998788,0.19073124999988078,0.19431874999987855,0.3553812499997779,0.3889062499997569,0.3454499999997841,0.2089937499998694,0.21208124999986744,0.21413749999986617,0.07187499999995507,0.06485624999995947,0.06971874999995642,0.03026874999998108,0.026562499999983398,0.02985624999998134,0.02763124999998273,0.02248124999998595,0.025399999999984126,0.034981249999978134,0.027643749999982724,0.035249999999977966
tag.txt,0.011193749999993004,0.009437499999994102,0.011506249999992809,0.022168749999986144,0.020068749999987458,0.024118749999984927,0.04043124999997473,0.034231249999978605,0.043106249999973055,0.19434374999987852,0.18524999999988423,0.19312499999987928,0.36506874999977185,0.4049499999997469,0.3641999999997724,0.2083124999998698,0.20891874999986942,0.21179999999986762,0.06728749999995795,0.06076874999996202,0.06569999999995894,0.02998749999998126,0.025881249999983823,0.028093749999982442,0.02734374999998291,0.02311874999998555,0.02494374999998441,0.03386249999997883,0.027374999999982892,0.03340624999997912
tag.txt,0.011012499999993116,0.00945624999999409,0.011762499999992649,0.02289999999998569,0.01996874999998752,0.025531249999984042,0.04178124999997389,0.03497499999997814,0.043993749999972506,0.19546874999987784,0.19040624999988098,0.19514374999987805,0.3537749999997789,0.38759374999975776,0.3481749999997824,0.21443749999986597,0.21753749999986405,0.21704374999986434,0.07035624999995603,0.0642999999999598,0.0694374999999566,0.02935624999998165,0.025043749999984346,0.02858124999998214,0.02625624999998359,0.022043749999986224,0.024899999999984438,0.034656249999978336,0.02867499999998208,0.035431249999977855
tag.txt,0.014187499999991133,0.01036874999999352,0.012712499999992055,0.0348812499999782,0.024181249999984885,0.032362499999979776,0.04554999999997153,0.03518749999997801,0.04434999999997228,0.18171249999988642,0.18166874999988647,0.18854999999988215,0.28023749999982484,0.3321562499997924,0.29881249999981324,0.2065749999998709,0.22022499999986236,0.20779999999987012,0.08725624999994547,0.07955624999995027,0.08338749999994788,0.04427499999997233,0.035512499999977805,0.040299999999974814,0.04846874999996971,0.0392062499999755,0.0419187499999738,0.05685624999996446,0.04193749999997379,0.04980624999996887
tag.txt,0.013799999999991375,0.009968749999993769,0.012537499999992164,0.033781249999978884,0.023812499999985116,0.03191874999998005,0.043981249999972515,0.03478124999997826,0.04540624999997162,0.18120624999988674,0.1838562499998851,0.1860999999998837,0.2929874999998169,0.33896249999978817,0.3080124999998075,0.20258749999987338,0.21804999999986371,0.2035124999998728,0.08589374999994631,0.07851249999995093,0.08214374999994865,0.04323124999997298,0.034843749999978225,0.0407999999999745,0.04718124999997051,0.037562499999976524,0.04134374999997416,0.055349999999965406,0.03964999999997522,0.04822499999996986
tag.txt,0.014506249999990934,0.010537499999993413,0.013399999999991625,0.035412499999977864,0.024443749999984724,0.0332749999999792,0.046618749999970864,0.0347187499999783,0.044649999999972094,0.1819312499998863,0.182393749999886,0.18747499999988282,0.27866249999982584,0.331224999999793,0.2978499999998138,0.20169999999987392,0.21505624999986558,0.20388124999987256,0.08718124999994552,0.07978749999995013,0.08283124999994823,0.04554999999997153,0.03673749999997704,0.0411124999999743,0.05058749999996838,0.04166249999997396,0.04461249999997212,0.05784999999996384,0.04343749999997285,0.05091249999996818
tag.txt,0.013349999999991657,0.009774999999993891,0.012818749999991988,0.03393749999997879,0.02417499999998489,0.03262499999997961,0.043443749999972844,0.03544374999997785,0.04393124999997254,0.18296874999988563,0.182393749999886,0.18442499999988474,0.29480624999981575,0.34135624999978664,0.3110437499998056,0.20407499999987244,0.2158312499998651,0.20538749999987163,0.0841499999999474,0.07751249999995155,0.07998749999995,0.042518749999973425,0.03496249999997815,0.040137499999974915,0.04649374999997094,0.038324999999976045,0.04129999999997419,0.05425624999996609,0.04022499999997486,0.048343749999969786
tag.txt,0.013831249999991356,0.009793749999993879,0.012231249999992356,0.03459999999997838,0.02423749999998485,0.03089374999998069,0.04549999999997156,0.03340624999997912,0.04437499999997226,0.18180624999988637,0.17971874999988768,0.18971874999988142,0.27796249999982625,0.3366874999997896,0.30039999999981226,0.20758749999987025,0.22105624999986184,0.21046874999986845,0.088006249999945,0.07891249999995067,0.08169999999994894,0.04477499999997202,0.03511249999997806,0.0404812499999747,0.04833749999996979,0.03957499999997527,0.04130624999997418,0.05759374999996401,0.041499999999974065,0.048424999999969735
tag.txt,0.014056249999991215,0.009606249999993996,0.012931249999991918,0.034393749999978504,0.024999999999984375,0.032956249999979405,0.0455999999999715,0.035081249999978074,0.04538749999997163,0.18083124999988698,0.18446874999988472,0.18821249999988238,0.2819999999998237,0.3315499999997928,0.2978749999998138,0.206393749999871,0.21874999999986328,0.2067312499998708,0.08756249999994527,0.0803312499999498,0.0828812499999482,0.044074999999972456,0.03503124999997811,0.041418749999974115,0.04833749999996979,0.03881874999997574,0.04220624999997362,0.05674999999996453,0.04136249999997415,0.04939999999996912
tag.txt,0.012574999999992141,0.009612499999993992,0.011799999999992625,0.031406249999980373,0.02188749999998632,0.028487499999982194,0.04503124999997186,0.034218749999978613,0.043618749999972735,0.185599999999884,0.1835437499998853,0.19148749999988032,0.2990062499998131,0.35109374999978055,0.3156624999998027,0.20742499999987035,0.2172812499998642,0.20891249999986944,0.08294999999994816,0.07448124999995345,0.07878749999995076,0.0409624999999744,0.03306874999997933,0.03685624999997696,0.044324999999972296,0.036518749999977174,0.03863124999997586,0.0507187499999683,0.03829374999997607,0.0457562499999714
tag.txt,0.01417499999999114,0.010568749999993394,0.012931249999991918,0.03473124999997829,0.02471874999998455,0.033968749999978766,0.04522499999997173,0.0358312499999776,0.045687499999971445,0.18096874999988688,0.18296874999988563,0.18541249999988413,0.29063749999981836,0.33404999999979124,0.30397499999981004,0.19942499999987537,0.2137937499998664,0.2023937499998735,0.08499374999994688,0.0796749999999502,0.08193749999994879,0.04461874999997211,0.03557499999997776,0.04078124999997451,0.04930624999996918,0.04054374999997466,0.04349999999997281,0.05591874999996505,0.04227499999997358,0.04941249999996912
tag.txt,0.01108749999999307,0.00774374999999516,0.010324999999993548,0.027593749999982754,0.019412499999987867,0.02678749999998326,0.03994999999997503,0.029768749999981393,0.04062499999997461,0.17944999999988784,0.17331874999989166,0.18296249999988565,0.3180687499998012,0.37924374999976296,0.33794374999978877,0.22555624999985902,0.23419374999985362,0.2228562499998607,0.08234999999994853,0.06929999999995669,0.07474374999995329,0.035449999999977846,0.027724999999982673,0.032243749999979844,0.036099999999977435,0.027881249999982573,0.03203124999997998,0.044393749999972254,0.031412499999980366,0.03948124999997532
tag.txt,0.011187499999993009,0.007693749999995191,0.01076874999999327,0.02881249999998199,0.020324999999987298,0.02814374999998241,0.04104374999997435,0.030774999999980766,0.04161874999997399,0.18410624999988492,0.18328749999988544,0.1884499999998822,0.30238124999981103,0.3600812499997749,0.32101249999979936,0.22274999999986078,0.23209999999985495,0.22151249999986156,0.08449374999994719,0.07429999999995356,0.07909374999995057,0.03881874999997574,0.02897499999998189,0.034212499999978614,0.03881249999997574,0.029549999999981532,0.033874999999978825,0.04759374999997026,0.03291249999997943,0.04131249999997418
tag.txt,0.010168749999993645,0.007256249999995465,0.009362499999994148,0.02556874999998402,0.018249999999988595,0.024681249999984573,0.037462499999976584,0.02874999999998203,0.03814374999997616,0.18218124999988614,0.17477499999989077,0.18854374999988216,0.3390062499997881,0.396837499999752,0.35205624999977997,0.22560624999985898,0.22909374999985682,0.2233937499998604,0.07531249999995293,0.06449374999995969,0.0697499999999564,0.0326374999999796,0.025837499999983853,0.03001249999998124,0.03265624999997959,0.025787499999983882,0.02865624999998209,0.03939999999997537,0.028918749999981924,0.03539999999997787
tag.txt,0.011824999999992609,0.008599999999994624,0.011637499999992727,0.030237499999981102,0.02103749999998685,0.029674999999981452,0.04178749999997388,0.03246874999997971,0.0419187499999738,0.18324374999988546,0.18264374999988583,0.18681249999988325,0.3021187499998112,0.3523124999997798,0.316799999999802,0.21768124999986393,0.23061249999985586,0.2195124999998628,0.08539999999994663,0.07554374999995278,0.07959999999995025,0.03974374999997516,0.029762499999981398,0.03614999999997741,0.04001249999997499,0.031812499999980114,0.03511249999997806,0.04794999999997003,0.035206249999978,0.042781249999973264
tag.txt,0.013106249999991808,0.01054374999999341,0.012949999999991905,0.03208124999997995,0.025368749999984144,0.033737499999978916,0.044306249999972305,0.038393749999976,0.047137499999970536,0.18233749999988605,0.1813124999998867,0.1812437499998867,0.3057499999998089,0.3425374999997859,0.315243749999803,0.21146249999986783,0.22231249999986105,0.2081562499998699,0.08404999999994747,0.07683749999995197,0.08125624999994921,0.040137499999974915,0.033112499999979304,0.03912499999997555,0.038743749999975784,0.03205624999997996,0.0358374999999776,0.04802499999996999,0.03752499999997655,0.04531249999997168
tag.txt,0.011412499999992868,0.009287499999994194,0.011987499999992508,0.029981249999981262,0.024762499999984523,0.0347124999999783,0.041237499999974225,0.03531874999997792,0.04212499999997367,0.17289374999989193,0.1720249999998925,0.1689937499998944,0.34413749999978493,0.38039999999976226,0.3543749999997785,0.21271249999986705,0.21734999999986415,0.20666249999987082,0.0745437499999534,0.06842499999995723,0.07097499999995564,0.03753749999997654,0.030437499999980976,0.0379249999999763,0.03378749999997888,0.029043749999981848,0.032349999999979784,0.041756249999973905,0.032949999999979405,0.03989374999997507
tag.txt,0.013337499999991663,0.011399999999992874,0.013462499999991585,0.03181874999998011,0.025143749999984286,0.03446249999997846,0.04583749999997135,0.03905624999997559,0.04846249999996971,0.18213124999988617,0.1832312499998855,0.18071249999988706,0.3064062499998085,0.33699999999978936,0.3131312499998043,0.2105749999998684,0.2216374999998615,0.20653749999987092,0.08243124999994848,0.07871874999995081,0.08059999999994963,0.04036249999997477,0.03314374999997929,0.04027499999997483,0.039187499999975506,0.03212499999997992,0.03639999999997725,0.047912499999970055,0.03854374999997591,0.04595624999997128
tag.txt,0.011574999999992766,0.009812499999993868,0.011993749999992503,0.0283187499999823,0.024649999999984594,0.03264999999997959,0.04068124999997457,0.03605624999997747,0.04245624999997347,0.16948749999989407,0.16812499999989491,0.16729374999989544,0.3607812499997745,0.38957499999975653,0.36701874999977063,0.21307499999986682,0.22026249999986233,0.20746249999987035,0.07092499999995568,0.06547499999995908,0.06893124999995692,0.03411874999997867,0.027862499999982585,0.03462499999997836,0.030537499999980913,0.025906249999983807,0.029162499999981772,0.04049999999997469,0.03227499999997983,0.038406249999975994
tag.txt,0.010331249999993544,0.005624999999996484,0.00716874999999552,0.02046249999998721,0.013849999999991343,0.016956249999989403,0.04040624999997475,0.02556874999998402,0.03196249999998002,0.18610624999988368,0.17284374999989197,0.18583124999988385,0.3640249999997725,0.4581749999997136,0.41507499999974057,0.22165624999986147,0.2217749999998614,0.2216124999998615,0.0692624999999567,0.05044374999996847,0.05691249999996443,0.027687499999982695,0.01726249999998921,0.020868749999986957,0.02537499999998414,0.014987499999990633,0.018837499999988225,0.03468749999997832,0.019468749999987833,0.024774999999984514
tag.txt,0.009893749999993817,0.0054937499999965665,0.007412499999995367,0.021843749999986346,0.01433749999999104,0.018837499999988225,0.04075624999997453,0.027593749999982754,0.03347499999997908,0.19514999999987803,0.18979374999988138,0.19652499999987716,0.35133124999978044,0.42246874999973594,0.3897499999997564,0.21500624999986562,0.22793749999985755,0.2199999999998625,0.07251249999995468,0.05506249999996558,0.06215624999996115,0.031074999999980576,0.019556249999987778,0.024081249999984948,0.027606249999982745,0.016987499999989383,0.021081249999986826,0.034824999999978234,0.02076874999998702,0.026681249999983322
tag.txt,0.009924999999993796,0.006474999999995953,0.007918749999995051,0.02068749999998707,0.015799999999990124,0.01849999999998844,0.039287499999975446,0.028743749999982034,0.03518749999997801,0.19317499999987928,0.17944999999988784,0.19019999999988113,0.3733124999997667,0.44763749999972025,0.40888124999974446,0.2151749999998655,0.21451249999986594,0.2158374999998651,0.06789374999995756,0.05154374999996778,0.05613124999996492,0.027012499999983116,0.019637499999987727,0.022893749999985693,0.022774999999985765,0.01563124999999023,0.018774999999988266,0.030756249999980778,0.020568749999987146,0.025674999999983954
tag.txt,0.010949999999993156,0.007249999999995468,0.009162499999994274,0.02260624999998587,0.016856249999989466,0.02113749999998679,0.04074999999997453,0.031574999999980265,0.03800624999997625,0.1966187499998771,0.18904999999988184,0.19496249999987814,0.3479124999997826,0.40598749999974626,0.3717187499997677,0.21594999999986503,0.22597499999985876,0.2203124999998623,0.07419374999995362,0.06087499999996195,0.06549999999995906,0.029212499999981743,0.020787499999987007,0.025799999999983874,0.026643749999983347,0.017981249999988763,0.022299999999986064,0.035162499999978024,0.02366249999998521,0.031099999999980563
tag.txt,0.010331249999993544,0.005624999999996484,0.00716874999999552,0.02046249999998721,0.013849999999991343,0.016956249999989403,0.04040624999997475,0.02556874999998402,0.03196249999998002,0.18610624999988368,0.17284374999989197,0.18583124999988385,0.3640249999997725,0.4581749999997136,0.41507499999974057,0.22165624999986147,0.2217749999998614,0.2216124999998615,0.0692624999999567,0.05044374999996847,0.05691249999996443,0.027687499999982695,0.01726249999998921,0.020868749999986957,0.02537499999998414,0.014987499999990633,0.018837499999988225,0.03468749999997832,0.019468749999987833,0.024774999999984514
tag.txt,0.009893749999993817,0.0054937499999965665,0.007412499999995367,0.021843749999986346,0.01433749999999104,0.018837499999988225,0.04075624999997453,0.027593749999982754,0.03347499999997908,0.19514999999987803,0.18979374999988138,0.19652499999987716,0.35133124999978044,0.42246874999973594,0.3897499999997564,0.21500624999986562,0.22793749999985755,0.2199999999998625,0.07251249999995468,0.05506249999996558,0.06215624999996115,0.031074999999980576,0.019556249999987778,0.024081249999984948,0.027606249999982745,0.016987499999989383,0.021081249999986826,0.034824999999978234,0.02076874999998702,0.026681249999983322
tag.txt,0.009924999999993796,0.006474999999995953,0.007918749999995051,0.02068749999998707,0.015799999999990124,0.01849999999998844,0.039287499999975446,0.028743749999982034,0.03518749999997801,0.19317499999987928,0.17944999999988784,0.19019999999988113,0.3733124999997667,0.44763749999972025,0.40888124999974446,0.2151749999998655,0.21451249999986594,0.2158374999998651,0.06789374999995756,0.05154374999996778,0.05613124999996492,0.027012499999983116,0.019637499999987727,0.022893749999985693,0.022774999999985765,0.01563124999999023,0.018774999999988266,0.030756249999980778,0.020568749999987146,0.025674999999983954
tag.txt,0.010949999999993156,0.007249999999995468,0.009162499999994274,0.02260624999998587,0.016856249999989466,0.02113749999998679,0.04074999999997453,0.031574999999980265,0.03800624999997625,0.1966187499998771,0.18904999999988184,0.19496249999987814,0.3479124999997826,0.40598749999974626,0.3717187499997677,0.21594999999986503,0.22597499999985876,0.2203124999998623,0.07419374999995362,0.06087499999996195,0.06549999999995906,0.029212499999981743,0.020787499999987007,0.025799999999983874,0.026643749999983347,0.017981249999988763,0.022299999999986064,0.035162499999978024,0.02366249999998521,0.031099999999980563
tag.txt,0.010199999999993626,0.005649999999996469,0.007474999999995328,0.023237499999985478,0.015431249999990355,0.02183749999998635,0.04215624999997365,0.028981249999981886,0.0361562499999774,0.19202499999988,0.18229999999988605,0.188831249999882,0.3436812499997852,0.4209874999997369,0.385618749999759,0.2182124999998636,0.23079374999985575,0.2196624999998627,0.07494374999995317,0.05806249999996371,0.06513749999995928,0.03188749999998007,0.019893749999987567,0.026568749999983394,0.02836874999998227,0.016937499999989412,0.02134374999998666,0.03528749999997795,0.020962499999986898,0.027368749999982893
tag.txt,0.009581249999994011,0.00534374999999666,0.007068749999995582,0.02252499999998592,0.01598124999999001,0.021687499999986447,0.0396812499999752,0.026949999999983158,0.03414374999997866,0.1863999999998835,0.17495624999989065,0.180781249999887,0.36504374999977185,0.44331249999972294,0.4075124999997453,0.21727499999986422,0.22610624999985868,0.21796874999986376,0.07026249999995608,0.05298124999996689,0.06043124999996223,0.030587499999980883,0.019843749999987597,0.02564999999998397,0.025699999999983937,0.015331249999990419,0.019381249999987887,0.03294374999997941,0.019193749999988005,0.02537499999998414
tag.txt,0.009668749999993956,0.005674999999996453,0.007524999999995297,0.023274999999985453,0.015943749999990035,0.02199999999998625,0.03926249999997546,0.027399999999982876,0.03563124999997773,0.19158124999988027,0.18330624999988543,0.1875062499998828,0.35259999999977965,0.42005624999973745,0.3873749999997579,0.21479999999986574,0.2291562499998568,0.2185624999998634,0.07449999999995344,0.0583937499999635,0.06442499999995974,0.03110624999998056,0.02055624999998715,0.026612499999983368,0.028106249999982433,0.018006249999988747,0.022368749999986018,0.035099999999978065,0.021506249999986557,0.027993749999982505
tag.txt,0.008712499999994554,0.005487499999996571,0.007612499999995242,0.021262499999986712,0.016793749999989505,0.022356249999986026,0.035937499999977536,0.026862499999983212,0.03366249999997896,0.18684374999988324,0.17402499999989124,0.1785374999998884,0.3805312499997622,0.438462499999726,0.40523124999974675,0.21830624999986356,0.22776874999985763,0.21958749999986277,0.067206249999958,0.053287499999966695,0.06002499999996248,0.02763124999998273,0.02004999999998747,0.025862499999983836,0.02350624999998531,0.016456249999989715,0.02008124999998745,0.030062499999981212,0.020806249999986995,0.0270437499999831
tag.txt,0.006368749999996019,0.006337499999996039,0.012081249999992449,0.01684374999998947,0.016868749999989458,0.027024999999983108,0.027324999999982922,0.023318749999985424,0.031099999999980563,0.18211874999988617,0.1718624999998926,0.17035624999989352,0.4124937499997422,0.43671249999972706,0.37286249999976695,0.22996874999985628,0.22503124999985935,0.22682499999985822,0.0567999999999645,0.05224999999996734,0.06181874999996136,0.021812499999986367,0.021268749999986708,0.02804374999998247,0.020843749999986973,0.021299999999986687,0.03073124999998079,0.02542499999998411,0.025049999999984345,0.03915624999997553
tag.txt,0.005674999999996453,0.006681249999995824,0.012056249999992465,0.016837499999989475,0.018181249999988637,0.028056249999982463,0.027581249999982762,0.0238437499999851,0.033106249999979305,0.18359374999988526,0.17219374999989237,0.169606249999894,0.39588124999975255,0.4166062499997396,0.35043749999978097,0.23467499999985333,0.22805624999985746,0.22393124999986005,0.060806249999961995,0.055256249999965465,0.06755624999995778,0.024124999999984922,0.024249999999984843,0.033187499999979254,0.02539374999998413,0.029681249999981448,0.04010624999997493,0.025431249999984105,0.02524999999998422,0.04195624999997378
tag.txt,0.005799999999996375,0.006024999999996235,0.012918749999991926,0.015974999999990015,0.016949999999989408,0.02708749999998307,0.025512499999984055,0.022356249999986026,0.03046249999998096,0.17864999999988834,0.17014999999989366,0.16730624999989543,0.41051249999974343,0.4318562499997301,0.3592937499997754,0.23370624999985393,0.22713124999985804,0.2252749999998592,0.05582499999996511,0.05137499999996789,0.0625499999999609,0.023268749999985457,0.022674999999985828,0.031318749999980425,0.026631249999983356,0.02875624999998203,0.042693749999973316,0.024118749999984927,0.022724999999985798,0.04109374999997432
tag.txt,0.005406249999996621,0.008099999999994938,0.0156812499999902,0.017687499999988945,0.017862499999988835,0.0342437499999786,0.02507499999998433,0.022118749999986177,0.03186874999998008,0.16709374999989557,0.15770624999990143,0.14773749999990765,0.3617937499997739,0.3802937499997623,0.29609999999981496,0.2420874999998487,0.23179999999985512,0.21946874999986282,0.06023749999996235,0.057387499999964134,0.06952499999995655,0.030312499999981056,0.030806249999980745,0.043224999999972986,0.06331874999996043,0.0684812499999572,0.09202499999994249,0.026987499999983133,0.025443749999984097,0.050124999999968674
tag.txt,0.008812499999994491,0.008018749999994988,0.014187499999991133,0.022487499999985946,0.02078124999998701,0.029687499999981444,0.03248749999997969,0.02977499999998139,0.036887499999976946,0.18018124999988738,0.17105624999989308,0.17098749999989313,0.3836687499997602,0.40983124999974385,0.3482874999997823,0.22199999999986125,0.2214187499998616,0.22188749999986132,0.06419999999995987,0.058262499999963586,0.06868749999995707,0.027562499999982774,0.025831249999983857,0.03233124999997979,0.024756249999984527,0.024037499999984977,0.03189999999998006,0.03384374999997885,0.03098749999998063,0.045156249999971775
tag.txt,0.007893749999995066,0.008762499999994523,0.01619374999998988,0.021493749999986565,0.022999999999985626,0.035768749999977645,0.0315249999999803,0.028181249999982387,0.03703749999997685,0.18115624999988678,0.17049999999989343,0.16171874999989894,0.3575937499997765,0.37418124999976615,0.3029874999998106,0.2337249999998539,0.22951874999985655,0.21931249999986294,0.06605624999995871,0.0630499999999606,0.07582499999995261,0.030549999999980905,0.030137499999981165,0.04112499999997429,0.03532499999997792,0.03913749999997554,0.05351874999996655,0.03468124999997833,0.03353124999997904,0.05651249999996468
tag.txt,0.008612499999994618,0.007987499999995007,0.013349999999991657,0.02078124999998701,0.020712499999987054,0.02829999999998231,0.034149999999978656,0.03051249999998093,0.03825624999997609,0.18279999999988575,0.17494374999989065,0.1755187499998903,0.38340624999976036,0.40999999999974374,0.3515374999997803,0.2233937499998604,0.2182124999998636,0.22123124999986174,0.06380624999996012,0.05882499999996323,0.06701874999995812,0.026181249999983638,0.025049999999984345,0.031143749999980534,0.025099999999984312,0.024337499999984788,0.03161249999998024,0.031768749999980146,0.029418749999981612,0.04203124999997373
tag.txt,0.008487499999994695,0.008712499999994554,0.014468749999990958,0.020981249999986885,0.02034999999998728,0.031112499999980555,0.03276874999997952,0.029706249999981435,0.03799999999997625,0.18058124999988714,0.17482499999989073,0.1718062499998926,0.36284999999977324,0.38641249999975846,0.32363749999979774,0.2343874999998535,0.22744374999985784,0.22243124999986097,0.06504374999995935,0.0611187499999618,0.07082499999995573,0.029237499999981726,0.027974999999982514,0.03529999999997794,0.03369374999997894,0.03449999999997844,0.04763124999997023,0.03196874999998002,0.028956249999981903,0.04478749999997201
tag.txt,0.011637499999992727,0.007649999999995219,0.011199999999993,0.030574999999980892,0.020981249999986885,0.02914999999998178,0.04203749999997373,0.03003124999998123,0.04211249999997368,0.17529374999989045,0.17212499999989242,0.18071249999988706,0.29862499999981335,0.36266874999977333,0.31779999999980135,0.22742499999985785,0.23863749999985084,0.2265562499998584,0.08804999999994496,0.07452499999995342,0.08036249999994978,0.03811249999997618,0.02919999999998175,0.035081249999978074,0.0396749999999752,0.029143749999981785,0.03469999999997831,0.04856874999996964,0.0350374999999781,0.042324999999973544
tag.txt,0.011881249999992575,0.008043749999994973,0.011018749999993114,0.030837499999980728,0.0211187499999868,0.028981249999981886,0.04271249999997331,0.03083124999998073,0.04204374999997372,0.1803249999998873,0.18086249999988696,0.18708749999988306,0.2924124999998172,0.35017499999978113,0.31211249999980495,0.22180624999986137,0.23453124999985342,0.222393749999861,0.08786874999994508,0.07646249999995221,0.08104999999994934,0.04086874999997446,0.030568749999980896,0.0361624999999774,0.0414437499999741,0.03198749999998001,0.03598124999997751,0.04984374999996885,0.035418749999977864,0.04316874999997302
tag.txt,0.01068749999999332,0.007143749999995535,0.009712499999993929,0.02614374999998366,0.0185562499999884,0.026068749999983706,0.038262499999976086,0.02900624999998187,0.03926249999997546,0.1798624999998876,0.17208749999989245,0.18424999999988484,0.329618749999794,0.39141249999975536,0.343937499999785,0.23036874999985602,0.2327874999998545,0.2263874999998585,0.07701249999995187,0.06644999999995847,0.07288124999995445,0.033118749999979304,0.026181249999983638,0.030037499999981225,0.03342499999997911,0.026424999999983483,0.030168749999981145,0.041499999999974065,0.02994999999998128,0.03729374999997669
tag.txt,0.0116812499999927,0.008199999999994875,0.011074999999993078,0.02966249999998146,0.021062499999986835,0.029687499999981444,0.0412812499999742,0.031574999999980265,0.042068749999973704,0.18185624999988634,0.18113124999988678,0.18635624999988354,0.3062374999998086,0.3560562499997775,0.3169437499998019,0.21813749999986368,0.22916249999985677,0.21832499999986354,0.08381874999994761,0.07510624999995306,0.08039999999994975,0.03963749999997523,0.03017499999998114,0.036124999999977425,0.039781249999975135,0.031418749999980365,0.035531249999977796,0.047906249999970056,0.03611249999997743,0.04348749999997282
tag.txt,0.018037499999988726,0.016693749999989568,0.01854374999998841,0.035506249999977806,0.030962499999980648,0.03782499999997636,0.052443749999967225,0.04791874999997005,0.05489374999996569,0.18138749999988663,0.17941249999988787,0.17796874999988876,0.28648124999982094,0.31484999999980323,0.28997499999981874,0.20484999999987197,0.21224999999986735,0.2040187499998725,0.08626874999994608,0.07955624999995027,0.08436874999994727,0.041493749999974065,0.03721249999997674,0.040743749999974536,0.03976249999997515,0.03453124999997842,0.03822499999997611,0.05376874999996639,0.046612499999970865,0.0534374999999666
tag.txt,0.017237499999989227,0.016231249999989854,0.01814374999998866,0.0361624999999774,0.03189374999998006,0.0377562499999764,0.05066874999996833,0.046474999999970956,0.05317499999996676,0.1771312499998893,0.17431249999989104,0.1742124999998911,0.29770624999981393,0.3242437499997973,0.300818749999812,0.20469999999987207,0.21186874999986757,0.20070624999987455,0.08298124999994813,0.07922499999995049,0.08214374999994865,0.04203749999997373,0.03617499999997739,0.0420812499999737,0.03900624999997562,0.03420624999997862,0.03818124999997614,0.05236874999996727,0.04536874999997165,0.052781249999967014
tag.txt,0.018262499999988586,0.017049999999989345,0.01829999999998856,0.03463124999997835,0.0313562499999804,0.03657499999997714,0.05123124999996798,0.04679999999997075,0.05411249999996618,0.18381874999988512,0.18259374999988587,0.18213124999988617,0.295974999999815,0.31898749999980064,0.2972562499998142,0.203218749999873,0.20996249999986877,0.20157499999987402,0.08322499999994798,0.07693124999995192,0.08013124999994992,0.04081874999997449,0.03719999999997675,0.041224999999974234,0.036874999999976954,0.03306874999997933,0.03672499999997705,0.05194374999996754,0.04604999999997122,0.05196874999996752
tag.txt,0.018731249999988292,0.017899999999988814,0.01914999999998803,0.03569999999997769,0.032756249999979524,0.03922499999997548,0.051749999999967655,0.048756249999969525,0.05512499999996555,0.17751874999988904,0.17482499999989073,0.17303124999989186,0.3035812499998103,0.32285624999979823,0.3022249999998111,0.20328124999987296,0.20904374999986935,0.2006249999998746,0.08085624999994946,0.07699374999995189,0.07930624999995044,0.04052499999997467,0.03595624999997753,0.04204374999997372,0.036699999999977063,0.033449999999979094,0.036262499999977334,0.0513562499999679,0.047462499999970334,0.05300624999996687
tag.txt,0.019593749999987753,0.01816249999998865,0.020393749999987255,0.03805624999997621,0.03386874999997883,0.03980624999997512,0.056299999999964816,0.051224999999967984,0.05806249999996371,0.17898749999988814,0.17389374999989132,0.17786249999988885,0.27449374999982845,0.30398124999981,0.275243749999828,0.1945749999998784,0.20106874999987434,0.19233749999987979,0.08701874999994562,0.08219374999994863,0.08553124999994655,0.045337499999971664,0.04121249999997424,0.04608749999997119,0.04679999999997075,0.041593749999974006,0.045074999999971825,0.058837499999963225,0.052799999999967,0.05959999999996275
tag.txt,0.020437499999987226,0.019131249999988043,0.021049999999986843,0.0380812499999762,0.035074999999978075,0.04119374999997425,0.05684374999996447,0.05228749999996732,0.05934374999996291,0.17994374999988755,0.179199999999888,0.17834374999988853,0.27581874999982764,0.29626874999981484,0.2707062499998308,0.19349999999987907,0.19954999999987527,0.190393749999881,0.08653124999994592,0.08289999999994818,0.08565624999994646,0.04496874999997189,0.041837499999973854,0.04736874999997039,0.04478749999997201,0.04101249999997437,0.04524374999997172,0.05908749999996307,0.05273749999996704,0.06069999999996206
tag.txt,0.01973124999998767,0.018374999999988515,0.0198374999999876,0.03594999999997753,0.03302499999997936,0.039018749999975615,0.05601249999996499,0.0516812499999677,0.059206249999963,0.18188749999988632,0.17789374999988883,0.18074999999988703,0.2850312499998219,0.3100687499998062,0.28058749999982463,0.19273749999987955,0.19727499999987672,0.19194999999988002,0.08434374999994729,0.08044999999994971,0.08269999999994831,0.04359374999997275,0.04049999999997469,0.045331249999971665,0.04386249999997258,0.039993749999975,0.04327499999997295,0.05684999999996447,0.05073749999996829,0.05734374999996416
tag.txt,0.021124999999986797,0.019643749999987723,0.02187499999998633,0.03856874999997589,0.03613124999997742,0.041156249999974276,0.0577687499999639,0.05469999999996581,0.0622312499999611,0.1790374999998881,0.1764437499998897,0.1767812499998895,0.2808687499998245,0.29788749999981384,0.27463749999982834,0.19286249999987945,0.19894999999987564,0.18965624999988145,0.0855999999999465,0.08202499999994874,0.0846374999999471,0.04408124999997245,0.04134374999997416,0.045843749999971345,0.04276874999997327,0.03990624999997506,0.043718749999972675,0.057318749999964176,0.052968749999966896,0.05946249999996284
tag.txt,0.014193749999991128,0.011593749999992754,0.01425624999999109,0.030099999999981187,0.025943749999983785,0.031924999999980046,0.047124999999970545,0.04051874999997467,0.04825624999996984,0.1851187499998843,0.18077499999988703,0.1865562499998834,0.3100687499998062,0.34603124999978374,0.31308749999980434,0.20784999999987008,0.21496874999986565,0.20809374999986993,0.08039374999994975,0.07622499999995236,0.07839374999995101,0.03883124999997573,0.032774999999979515,0.03741874999997662,0.03908749999997557,0.03278749999997951,0.03652499999997717,0.04723124999997048,0.03838124999997601,0.04548749999997157
tag.txt,0.013318749999991676,0.011512499999992805,0.014037499999991227,0.030187499999981132,0.02569374999998394,0.031768749999980146,0.046962499999970646,0.04116874999997427,0.04906874999996933,0.18395624999988502,0.18187499999988632,0.18456249999988464,0.3212874999997992,0.35219999999977986,0.32314999999979804,0.2051124999998718,0.21228749999986732,0.20298749999987314,0.07906874999995059,0.07390624999995381,0.07770624999995143,0.038581249999975885,0.033049999999979346,0.03827499999997608,0.03650624999997718,0.031206249999980496,0.03481249999997824,0.045018749999971866,0.03709999999997681,0.043631249999972734
tag.txt,0.013218749999991739,0.01174374999999266,0.013281249999991699,0.028093749999982442,0.02449374999998469,0.030756249999980778,0.04690624999997069,0.04071874999997455,0.04862499999996961,0.18837499999988228,0.1849499999998844,0.1884499999998822,0.3270062499997956,0.355181249999778,0.3254874999997966,0.2062624999998711,0.21362499999986648,0.20713124999987054,0.07691249999995194,0.07210624999995494,0.0760062499999525,0.036624999999977106,0.03178124999998014,0.03548124999997782,0.03399999999997875,0.029449999999981595,0.032756249999979524,0.042599999999973374,0.03594999999997753,0.042024999999973736
tag.txt,0.013587499999991507,0.012131249999992417,0.014199999999991124,0.030212499999981116,0.02601874999998374,0.03238124999997976,0.04726874999997046,0.0425624999999734,0.04963749999996898,0.18308749999988558,0.18074999999988703,0.1828749999998857,0.32873124999979453,0.35255624999977964,0.3255687499997965,0.2065312499998709,0.21414374999986616,0.20485624999987195,0.07641874999995224,0.0727999999999545,0.07706249999995184,0.036618749999977114,0.03220624999997987,0.037124999999976795,0.03453124999997842,0.030293749999981065,0.032612499999979616,0.043012499999973114,0.036537499999977165,0.0436812499999727
tag.txt,0.013081249999991823,0.010024999999993735,0.011462499999992836,0.026118749999983676,0.021318749999986675,0.02503749999998435,0.04391249999997256,0.035418749999977864,0.04246249999997346,0.1864062499998835,0.17574374999989015,0.1852999999998842,0.3438374999997851,0.40693124999974567,0.3693874999997691,0.21520624999986548,0.21773749999986391,0.21703124999986437,0.07361874999995399,0.06009374999996244,0.065606249999959,0.030981249999980635,0.023499999999985314,0.026887499999983196,0.027799999999982623,0.02098749999998688,0.02341249999998537,0.0390374999999756,0.02824374999998235,0.03341249999997912
tag.txt,0.013156249999991777,0.009474999999994078,0.01177499999999264,0.02716874999998302,0.022756249999985777,0.027018749999983112,0.04617499999997114,0.03756874999997652,0.045418749999971614,0.18996249999988127,0.18537499999988413,0.18978749999988137,0.33044999999979346,0.3780687499997637,0.34806874999978243,0.21451249999986594,0.22606249999985872,0.21926249999986297,0.07731874999995167,0.0643249999999598,0.06968124999995645,0.032599999999979624,0.0249624999999844,0.02910624999998181,0.0291187499999818,0.021437499999986603,0.02505624999998434,0.03953749999997529,0.02996874999998127,0.034824999999978234
tag.txt,0.012712499999992055,0.010074999999993704,0.011493749999992817,0.024681249999984573,0.021012499999986868,0.02436874999998477,0.04221249999997362,0.034662499999978336,0.04203749999997373,0.18807499999988245,0.17717499999988925,0.18669999999988332,0.3562124999997774,0.411249999999743,0.37243124999976723,0.21418124999986612,0.21353124999986653,0.2156624999998652,0.07029999999995606,0.05886874999996321,0.06358749999996026,0.02961249999998149,0.024356249999984775,0.027074999999983078,0.026056249999983714,0.020962499999986898,0.02329374999998544,0.03595624999997753,0.028106249999982433,0.03334999999997915
tag.txt,0.012524999999992173,0.009968749999993769,0.012181249999992387,0.025893749999983815,0.021718749999986426,0.025599999999984,0.04426874999997233,0.03806249999997621,0.04539374999997163,0.19224374999987984,0.18756874999988277,0.19003124999988122,0.3401812499997874,0.38154374999976154,0.35163124999978024,0.21726249999986422,0.22279374999986076,0.21961874999986275,0.07352499999995404,0.0641499999999599,0.06861249999995711,0.030918749999980677,0.02457499999998464,0.028281249999982324,0.02644999999998347,0.020837499999986978,0.023606249999985247,0.036731249999977046,0.028781249999982012,0.0350437499999781
tag.txt,0.009531249999994043,0.0055249999999965466,0.007668749999995207,0.023893749999985066,0.015418749999990364,0.022324999999986047,0.03800624999997625,0.026612499999983368,0.03579374999997763,0.1892749999998817,0.1815937499998865,0.18787499999988258,0.3469937499997831,0.41748749999973905,0.37819374999976363,0.22084999999986196,0.23221249999985485,0.22495624999985941,0.07571249999995268,0.05985624999996259,0.0663999999999585,0.03116874999998052,0.020981249999986885,0.026418749999983487,0.02923124999998173,0.01874999999998828,0.022856249999985714,0.035337499999977914,0.021562499999986523,0.027512499999982804
tag.txt,0.007962499999995024,0.0046312499999971056,0.006624999999995859,0.02020624999998737,0.01457499999999089,0.021156249999986776,0.035099999999978065,0.0241562499999849,0.03198749999998001,0.18061249999988713,0.17066874999989334,0.1764437499998897,0.3886687499997571,0.4620374999997112,0.42265624999973583,0.21974374999986265,0.21957499999986277,0.21746874999986407,0.06532499999995917,0.04963124999996898,0.05591874999996505,0.027156249999983027,0.019031249999988106,0.02411249999998493,0.024506249999984683,0.017018749999989362,0.01945624999998784,0.0307187499999808,0.01867499999998833,0.02417499999998489
tag.txt,0.008156249999994902,0.004931249999996918,0.007318749999995426,0.02073749999998704,0.014393749999991004,0.020199999999987374,0.035506249999977806,0.024931249999984417,0.03445624999997846,0.1907124999998808,0.18308749999988558,0.18950624999988155,0.3710562499997681,0.4334374999997291,0.39206874999975494,0.21961874999986275,0.22763124999985773,0.22357499999986027,0.06834999999995728,0.05569999999996519,0.061481249999961574,0.02892499999998192,0.019606249999987745,0.024612499999984615,0.02594999999998378,0.017324999999989172,0.02065624999998709,0.03098749999998063,0.018956249999988153,0.02612499999998367
tag.txt,0.007249999999995468,0.00465624999999709,0.007474999999995328,0.020412499999987243,0.015393749999990379,0.022243749999986098,0.03302499999997936,0.02406249999998496,0.0326437499999796,0.18024999999988733,0.17162499999989272,0.1745749999998909,0.3990562499997506,0.4556812499997152,0.41321874999974173,0.21783124999986386,0.22134374999986167,0.21699999999986438,0.06381249999996012,0.05179374999996763,0.0588749999999632,0.026431249999983482,0.01987499999998758,0.025674999999983954,0.0235187499999853,0.01636874999998977,0.02068749999998707,0.028412499999982244,0.019199999999988,0.027606249999982745
tag.txt,0.0316812499999802,0.03137499999998039,0.03828124999997608,0.04939999999996912,0.04955624999996903,0.06379999999996012,0.0603249999999623,0.058074999999963704,0.0684812499999572,0.15688124999990194,0.1515187499999053,0.14123124999991174,0.25104999999984307,0.26364999999983524,0.20684374999987074,0.1908687499998807,0.1980687499998762,0.17995624999988752,0.08699374999994564,0.0827124999999483,0.09276874999994202,0.05238749999996726,0.0484812499999697,0.05796249999996377,0.0454437499999716,0.04289999999997319,0.055237499999965474,0.07496874999995315,0.07366249999995396,0.09543749999994035
tag.txt,0.030968749999980644,0.03028749999998107,0.039874999999975076,0.04931874999996918,0.050468749999968456,0.06708749999995807,0.06075624999996203,0.05701874999996436,0.06837499999995726,0.15608749999990246,0.15019999999990613,0.13719999999991425,0.25461874999984085,0.26901249999983184,0.19812499999987618,0.18981249999988137,0.1993374999998754,0.17768749999988895,0.08757499999994527,0.08214999999994865,0.0939124999999413,0.051068749999968084,0.0467187499999708,0.06011249999996243,0.04539374999997163,0.042674999999973325,0.05726249999996421,0.0743999999999535,0.07213124999995492,0.10036249999993728
tag.txt,0.03059374999998088,0.030818749999980737,0.03889374999997569,0.04904999999996934,0.04929374999996919,0.06392499999996004,0.06286249999996071,0.059099999999963064,0.06908749999995682,0.158406249999901,0.15288124999990446,0.14089374999991194,0.25451249999984094,0.2683249999998323,0.20757499999987025,0.18981249999988137,0.19589999999987756,0.1771187499998893,0.08491249999994693,0.08071249999994956,0.09186874999994259,0.05139374999996788,0.047637499999970224,0.05870624999996331,0.044993749999971876,0.042874999999973205,0.05531874999996542,0.07346249999995409,0.07245624999995472,0.09661249999993962
tag.txt,0.030874999999980703,0.030362499999981023,0.03956249999997527,0.049362499999969146,0.051574999999967765,0.06694999999995815,0.06083749999996198,0.058262499999963586,0.06894374999995691,0.15707499999990182,0.1510187499999056,0.13779374999991387,0.26013124999983744,0.2676874999998327,0.2009187499998744,0.18851874999988216,0.19442499999987847,0.17600624999989,0.08490624999994693,0.08156874999994902,0.09269374999994207,0.05079999999996825,0.04732499999997042,0.060649999999962095,0.04468124999997208,0.043443749999972844,0.05741874999996411,0.0728124999999545,0.07433124999995354,0.09906249999993809
tag.txt,0.026674999999983327,0.026499999999983436,0.034481249999978446,0.043468749999972835,0.04349999999997281,0.0580812499999637,0.05787499999996383,0.05508749999996557,0.067206249999958,0.16228749999989858,0.15706249999990182,0.14868749999990707,0.2695999999998315,0.2862812499998211,0.21770624999986393,0.19799999999987625,0.2043187499998723,0.1868999999998832,0.08493749999994692,0.07974999999995015,0.09098124999994314,0.04666249999997084,0.043381249999972886,0.05589999999996506,0.042599999999973374,0.0388874999999757,0.05161874999996774,0.06789374999995756,0.06523124999995923,0.08843749999994473
tag.txt,0.026443749999983474,0.025149999999984282,0.036299999999977316,0.04331874999997293,0.044399999999972246,0.061656249999961464,0.05784374999996385,0.05544374999996535,0.06845624999995721,0.16251874999989843,0.15746874999990157,0.14390624999991006,0.27173749999983016,0.28614999999982116,0.20797499999987,0.19703124999987687,0.20501249999987187,0.18219999999988612,0.0855999999999465,0.08043124999994973,0.09362499999994148,0.04711249999997055,0.042524999999973424,0.0572812499999642,0.04180624999997387,0.03913749999997554,0.0547187499999658,0.06658749999995839,0.06428124999995982,0.09388124999994132
tag.txt,0.026168749999983646,0.025943749999983785,0.0347124999999783,0.043374999999972894,0.04365624999997272,0.05804999999996372,0.05756874999996402,0.056456249999964715,0.06745624999995783,0.16557499999989653,0.15817499999990114,0.14856249999990714,0.2732874999998292,0.2862687499998211,0.22004374999986248,0.19701874999987687,0.20278124999987326,0.18378124999988513,0.08439374999994725,0.0790374999999506,0.09114374999994304,0.04638124999997101,0.043199999999973,0.05591249999996505,0.04057499999997464,0.03906249999997559,0.051843749999967596,0.06565624999995896,0.06541874999995911,0.08849374999994469
tag.txt,0.0263999999999835,0.02696249999998315,0.03671874999997705,0.044999999999971875,0.045943749999971285,0.0630562499999606,0.057643749999963974,0.055868749999965085,0.0663937499999585,0.163231249999898,0.1566437499999021,0.14106874999991184,0.2775874999998265,0.2860812499998212,0.2135749999998665,0.19531874999987792,0.20134999999987416,0.18123124999988674,0.08313749999994804,0.0796749999999502,0.09249374999994218,0.046262499999971084,0.043968749999972516,0.05805624999996371,0.04009374999997494,0.038681249999975825,0.054131249999966165,0.06532499999995917,0.06482499999995948,0.0932749999999417
tag.txt,0.023162499999985525,0.022837499999985727,0.025756249999983903,0.04433749999997229,0.04024374999997485,0.04811874999996993,0.05384374999996635,0.051143749999968034,0.05941874999996286,0.16163124999989897,0.1651374999998968,0.1639749999998975,0.25291874999984193,0.2643124999998348,0.23156874999985527,0.19478749999987827,0.19714999999987678,0.18331874999988543,0.08987499999994383,0.09005624999994372,0.09269999999994206,0.05124999999996797,0.04914999999996928,0.056693749999964564,0.057637499999963974,0.05479999999996575,0.061256249999961716,0.0705562499999559,0.06516874999995927,0.07719374999995175
tag.txt,0.023531249999985293,0.02283124999998573,0.02521874999998424,0.04296249999997315,0.038756249999975775,0.04786249999997009,0.05240624999996724,0.052187499999967385,0.05958749999996276,0.1619124999998988,0.1639624999998975,0.16378124999989763,0.26630624999983354,0.27549374999982784,0.24413124999984742,0.19698749999987689,0.19844999999987598,0.18314999999988554,0.08603749999994623,0.08694999999994565,0.0899062499999438,0.04966874999996896,0.047393749999970376,0.05539999999996537,0.052343749999967285,0.04999999999996875,0.05682499999996449,0.0678437499999576,0.06397499999996002,0.07413749999995366
tag.txt,0.02363124999998523,0.023243749999985474,0.025862499999983836,0.043362499999972895,0.03947499999997533,0.047643749999970224,0.05504999999996559,0.05350624999996656,0.061224999999961734,0.16437499999989727,0.16614374999989617,0.1671812499998955,0.2587437499998383,0.2700437499998312,0.23781249999985138,0.19657499999987715,0.1966499999998771,0.18409999999988494,0.08804999999994496,0.08914374999994429,0.09162499999994274,0.049543749999969036,0.04715624999997053,0.05522499999996548,0.05246874999996721,0.05083124999996823,0.05614374999996491,0.06819999999995738,0.06380624999996012,0.07318124999995426
tag.txt,0.022724999999985798,0.023162499999985525,0.02554999999998403,0.04196874999997377,0.03947499999997533,0.04694374999997066,0.0521562499999674,0.051406249999967873,0.06011249999996243,0.1611124999998993,0.16216249999989865,0.1627437499998983,0.27784374999982636,0.2830499999998231,0.25098749999984316,0.1987124999998758,0.199974999999875,0.18516249999988427,0.08453124999994717,0.08558124999994651,0.08857499999994464,0.04724999999997047,0.046181249999971134,0.053281249999966696,0.049431249999969104,0.04839374999996975,0.054918749999965676,0.06426874999995984,0.06061249999996212,0.07172499999995517
tag.txt,0.021624999999986485,0.016243749999989846,0.018087499999988696,0.046731249999970796,0.03451874999997843,0.04468124999997208,0.049193749999969255,0.04247499999997345,0.051399999999967874,0.1606624999998996,0.17096249999989316,0.1724937499998922,0.20661249999987086,0.25259374999984213,0.2305624999998559,0.18774374999988266,0.20612499999987116,0.19978749999987513,0.10211874999993617,0.0969624999999394,0.09801874999993873,0.06034999999996228,0.05078749999996826,0.05386874999996633,0.07954999999995029,0.06484374999995947,0.06136249999996165,0.08541249999994661,0.06448749999995969,0.06973749999995642
tag.txt,0.020749999999987032,0.016756249999989526,0.018681249999988325,0.04620624999997112,0.03546249999997784,0.044762499999972026,0.05053749999996841,0.04276249999997327,0.050381249999968514,0.16468749999989707,0.17448124999989095,0.17505624999989058,0.2140937499998662,0.2563437499998398,0.2371374999998518,0.18676874999988327,0.2027312499998733,0.19484374999987822,0.09930624999993794,0.09396249999994127,0.09674999999993954,0.05982499999996261,0.0504062499999685,0.052781249999967014,0.07521874999995298,0.06298124999996063,0.06051249999996218,0.08260624999994837,0.06411249999995992,0.06909374999995682
tag.txt,0.02051249999998718,0.016593749999989627,0.01705624999998934,0.04668749999997082,0.03419374999997863,0.04249374999997344,0.04947499999996908,0.04092499999997442,0.05016249999996865,0.16395624999989752,0.17377499999989138,0.17714999999988928,0.2139312499998663,0.26009999999983746,0.23939999999985037,0.18723749999988298,0.20042499999987473,0.1980687499998762,0.09961249999993774,0.09289999999994193,0.09729374999993919,0.05923124999996298,0.05094374999996816,0.05099374999996813,0.07732499999995167,0.06738749999995788,0.06148749999996157,0.08203124999994874,0.06275624999996078,0.06589374999995881
tag.txt,0.02089374999998694,0.016662499999989585,0.01836874999998852,0.0460749999999712,0.03512499999997805,0.0433562499999729,0.05022499999996861,0.044324999999972296,0.051149999999968034,0.16474374999989702,0.17304374999989186,0.17504374999989059,0.21744999999986409,0.2581249999998387,0.23945624999985035,0.18758749999988275,0.19990624999987505,0.19302499999987935,0.09826249999993858,0.09389999999994131,0.0955249999999403,0.05959374999996275,0.0504062499999685,0.05350624999996656,0.07384999999995384,0.06490624999995943,0.06211874999996118,0.08131874999994917,0.06359999999996024,0.06844999999995721
tag.txt,0.022368749999986018,0.016874999999989454,0.018887499999988195,0.0523124999999673,0.03819374999997613,0.04914999999996928,0.04916249999996927,0.04221874999997361,0.050474999999968455,0.15362499999990398,0.1665499999998959,0.16826249999989484,0.18871249999988204,0.23365624999985396,0.21416874999986615,0.17964374999988772,0.2008124999998745,0.19138124999988038,0.10372499999993517,0.1006562499999371,0.1017499999999364,0.0667124999999583,0.056181249999964884,0.05810624999996368,0.09075624999994328,0.07381249999995387,0.07116874999995552,0.09298124999994188,0.0710437499999556,0.07664999999995209
tag.txt,0.020587499999987133,0.016162499999989897,0.01817499999998864,0.04878749999996951,0.03603124999997748,0.04530624999997168,0.0500812499999687,0.04266249999997333,0.05017499999996864,0.1612812499998992,0.17016874999989365,0.17005624999989372,0.20739999999987038,0.2525249999998422,0.23491249999985317,0.18714374999988304,0.20293124999987316,0.1954937499998778,0.100818749999937,0.09684374999993947,0.09684999999993947,0.06194374999996129,0.051418749999967865,0.054824999999965734,0.07718749999995175,0.06568124999995895,0.06354999999996028,0.08476874999994702,0.06557499999995901,0.07065624999995584
tag.txt,0.020793749999987003,0.016174999999989892,0.01858124999998839,0.04689374999997069,0.03496249999997815,0.044468749999972204,0.05074999999996828,0.04345624999997284,0.0507187499999683,0.16345624999989783,0.17179999999989262,0.17282499999989198,0.21268124999986707,0.25637499999983976,0.23736249999985165,0.18811874999988243,0.206387499999871,0.1964437499998772,0.10056874999993715,0.09521874999994048,0.09661874999993961,0.06033124999996229,0.05001249999996874,0.05229999999996731,0.07466874999995333,0.06224999999996109,0.061849999999961346,0.08173749999994892,0.0633624999999604,0.06883124999995698
tag.txt,0.02094374999998691,0.01683124999998948,0.018018749999988738,0.04796874999997002,0.035418749999977864,0.04467499999997208,0.04971874999996893,0.04204374999997372,0.04908749999996932,0.15882499999990074,0.1698999999998938,0.1708874999998932,0.21808749999986368,0.2605812499998371,0.24314374999984803,0.18963124999988148,0.2060874999998712,0.19702499999987685,0.09996249999993752,0.09434999999994104,0.09475624999994078,0.05923124999996298,0.04945624999996909,0.05307499999996683,0.07376874999995389,0.06206249999996121,0.06057499999996214,0.08186249999994884,0.06326874999996046,0.06875624999995703
tag.txt,0.023043749999985597,0.018968749999988144,0.020649999999987095,0.050712499999968304,0.03991249999997505,0.0510374999999681,0.050999999999968126,0.045412499999971614,0.052518749999967175,0.15958124999990025,0.1677062499998952,0.16609374999989618,0.19579999999987763,0.23418124999985362,0.22002499999986247,0.17463124999989085,0.1916687499998802,0.18425624999988485,0.10072499999993705,0.09783749999993885,0.09829999999993856,0.06618749999995863,0.05667499999996458,0.05844374999996347,0.08899999999994437,0.07628124999995232,0.07258124999995463,0.08931874999994417,0.0713562499999554,0.07609374999995244
tag.txt,0.021774999999986392,0.018874999999988203,0.020649999999987095,0.047993749999970005,0.03812499999997617,0.04886249999996946,0.053268749999966704,0.04664374999997085,0.0548749999999657,0.16246249999989845,0.1713687499998929,0.16529374999989668,0.22068749999986206,0.25548124999984034,0.2361437499998524,0.18074999999988703,0.1943749999998785,0.18709999999988305,0.09768124999993895,0.09419374999994112,0.09483124999994073,0.06056249999996215,0.05174374999996766,0.0561624999999649,0.07386874999995383,0.06466249999995959,0.06358124999996026,0.08094999999994941,0.06453124999995967,0.07249999999995468
tag.txt,0.02201249999998624,0.01894374999998816,0.020024999999987483,0.04786874999997008,0.03723124999997673,0.04665624999997084,0.053387499999966635,0.04698749999997063,0.05453124999996592,0.16425624999989735,0.1716937499998927,0.17197499999989252,0.2152124999998655,0.25308124999984183,0.2358499999998526,0.17964374999988772,0.19283124999987947,0.1878187499998826,0.0998312499999376,0.0950374999999406,0.0958499999999401,0.06077499999996201,0.05171874999996767,0.054924999999965675,0.07523124999995298,0.0665499999999584,0.06286249999996071,0.08178124999994889,0.0659249999999588,0.06950624999995655
tag.txt,0.02174374999998641,0.018856249999988216,0.01987499999998758,0.04821874999996986,0.038662499999975834,0.0484812499999697,0.051593749999967756,0.04518749999997176,0.05324374999996672,0.16166874999989897,0.16904374999989435,0.16504374999989685,0.21876874999986326,0.2519937499998425,0.23988124999985008,0.183993749999885,0.19419374999987862,0.18773124999988267,0.09749999999993907,0.09410624999994119,0.09393749999994129,0.061149999999961784,0.053974999999966265,0.05672499999996455,0.07594999999995253,0.0673624999999579,0.06460624999995962,0.07941249999995037,0.06661874999995836,0.07047499999995595
tag.txt,0.02516874999998427,0.02478124999998451,0.025287499999984194,0.04693124999997067,0.044324999999972296,0.049112499999969306,0.054724999999965794,0.05194374999996754,0.05812499999996367,0.16091249999989943,0.1604749999998997,0.1614624999998991,0.24337499999984788,0.26068124999983705,0.24530624999984668,0.18779374999988263,0.19411249999987867,0.18668124999988334,0.09068749999994331,0.08739999999994537,0.09032499999994355,0.054481249999965946,0.05074999999996828,0.054318749999966054,0.06174374999996141,0.05572499999996517,0.05705624999996434,0.07418124999995364,0.06980624999995637,0.0723249999999548
tag.txt,0.024999999999984375,0.02430624999998481,0.02537499999998414,0.04725624999997047,0.044056249999972465,0.049699999999968936,0.05489374999996569,0.05238124999996726,0.05831874999996355,0.15973749999990017,0.1590499999999006,0.15861249999990087,0.24786249999984508,0.2674499999998328,0.2486437499998446,0.1870562499998831,0.1927999999998795,0.18560624999988398,0.08934374999994416,0.08649999999994594,0.08904374999994434,0.054837499999965726,0.049274999999969205,0.055706249999965186,0.06066874999996208,0.05606874999996496,0.05707499999996433,0.07334374999995416,0.06811249999995743,0.07191874999995505
tag.txt,0.025862499999983836,0.025556249999984026,0.025862499999983836,0.045593749999971504,0.04214999999997365,0.04819999999996988,0.05708749999996432,0.05451249999996593,0.05923124999996298,0.1617687499998989,0.1609749999998994,0.1607812499998995,0.24888749999984444,0.2673624999998329,0.25177499999984265,0.18813124999988243,0.1924937499998797,0.18724374999988297,0.08945624999994409,0.08662499999994586,0.08866874999994458,0.053012499999966864,0.0487937499999695,0.05374999999996641,0.05830624999996356,0.05383749999996635,0.05426874999996608,0.07189374999995507,0.0676937499999577,0.07021874999995611
tag.txt,0.025493749999984067,0.025206249999984245,0.02546874999998408,0.04582499999997136,0.043818749999972616,0.04855624999996965,0.05459374999996588,0.05291874999996692,0.05804999999996372,0.16001874999989998,0.1591749999999005,0.1585937499999009,0.2576874999998389,0.27398749999982874,0.2597937499998376,0.19073124999988078,0.19511874999987805,0.18996249999988127,0.08821249999994486,0.08509999999994682,0.08591249999994631,0.051156249999968026,0.04784999999997009,0.052693749999967066,0.05566249999996521,0.05131249999996793,0.0519937499999675,0.07061874999995586,0.06551249999995905,0.06897499999995689
tag.txt,0.014237499999991101,0.012662499999992086,0.018518749999988426,0.033599999999979,0.02836874999998227,0.043031249999973105,0.04039999999997475,0.036874999999976954,0.049874999999968826,0.17416874999989115,0.17096249999989316,0.16956249999989403,0.28155624999982404,0.3001187499998124,0.24486249999984697,0.22116874999986177,0.22257499999986088,0.19866874999987583,0.08685624999994572,0.08695624999994565,0.09363749999994148,0.04219999999997363,0.04075624999997453,0.051668749999967706,0.05076249999996827,0.0497562499999689,0.05984999999996259,0.05504999999996559,0.050968749999968144,0.07032499999995605
tag.txt,0.013699999999991438,0.012062499999992461,0.018468749999988456,0.03326249999997921,0.027843749999982598,0.04105624999997434,0.04168749999997395,0.03624999999997734,0.049787499999968884,0.17529374999989045,0.17413749999989117,0.17179999999989262,0.28980624999981885,0.30875624999980705,0.25513749999984053,0.2217562499998614,0.22778749999985765,0.20214999999987365,0.08613749999994616,0.08393124999994754,0.09259999999994213,0.04043124999997473,0.03881249999997574,0.04926249999996921,0.044393749999972254,0.04238749999997351,0.05301874999996686,0.05353124999996654,0.04803124999996998,0.0667187499999583
tag.txt,0.013899999999991312,0.013131249999991794,0.018424999999988485,0.033206249999979245,0.028506249999982185,0.04246249999997346,0.0409624999999744,0.0364874999999772,0.04964999999996897,0.17449374999989095,0.16979374999989388,0.1694124999998941,0.2901687499998186,0.30680624999980827,0.25497499999984063,0.22257499999986088,0.22491874999985942,0.19994374999987505,0.08643124999994597,0.0857624999999464,0.09061249999994336,0.04084999999997447,0.03994999999997503,0.050968749999968144,0.04556249999997152,0.045749999999971404,0.05495624999996565,0.051849999999967596,0.04889374999996944,0.06859374999995713
tag.txt,0.013737499999991415,0.01239999999999225,0.01859374999998838,0.03360624999997899,0.028562499999982147,0.042524999999973424,0.041156249999974276,0.036987499999976886,0.04862499999996961,0.17420624999989112,0.17336874999989163,0.16901874999989436,0.2932562499998167,0.30906249999980684,0.2605312499998372,0.2171312499998643,0.21861874999986336,0.19544999999987783,0.08454374999994715,0.08401874999994749,0.08968124999994395,0.042099999999973686,0.04083124999997448,0.05144374999996785,0.046449999999970966,0.0465687499999709,0.056531249999964665,0.053812499999966366,0.04958124999996901,0.06759999999995775
tag.txt,0.0324812499999797,0.029912499999981305,0.03189999999998006,0.0574437499999641,0.049362499999969146,0.05852499999996342,0.05974374999996266,0.054743749999965785,0.06309374999996056,0.14740624999990787,0.1544062499999035,0.1510437499999056,0.17291249999989192,0.20119374999987424,0.17909374999988806,0.16139999999989912,0.1737374999998914,0.16259999999989838,0.10354999999993528,0.1027312499999358,0.10293124999993566,0.07084999999995571,0.06292499999996067,0.06931874999995667,0.09221249999994237,0.08205624999994872,0.08373124999994767,0.10199999999993625,0.08893124999994442,0.0977624999999389
tag.txt,0.031581249999980264,0.030087499999981195,0.0315249999999803,0.05469999999996581,0.049687499999968944,0.057899999999963814,0.06163124999996148,0.057049999999964345,0.06417499999995989,0.15463749999990334,0.15771874999990143,0.15351874999990406,0.18856874999988216,0.21142499999986786,0.18985624999988135,0.1634999999998978,0.17731874999988917,0.1668749999998957,0.10198124999993625,0.10164999999993647,0.10116874999993677,0.06609999999995869,0.06006249999996246,0.06658124999995839,0.08183124999994885,0.07148124999995532,0.07506874999995308,0.09546874999994033,0.0835187499999478,0.09333124999994166
tag.txt,0.03246249999997971,0.030424999999980985,0.03178749999998013,0.05581874999996511,0.04808124999996995,0.056006249999964994,0.061837499999961354,0.055849999999965094,0.0644749999999597,0.15369374999990393,0.15753124999990153,0.15529999999990293,0.18066874999988708,0.20887499999986944,0.1862062499998836,0.1609874999998994,0.17291249999989192,0.16501874999989685,0.10454374999993465,0.10109374999993681,0.10246249999993597,0.06709374999995807,0.061337499999961666,0.06610624999995868,0.08568749999994645,0.07788124999995133,0.07906249999995059,0.09720624999993925,0.08601249999994624,0.09357499999994151
tag.txt,0.029643749999981473,0.028587499999982134,0.029849999999981343,0.059868749999962584,0.050899999999968186,0.06277499999996076,0.056731249999964546,0.053037499999966854,0.05811249999996368,0.14442499999990974,0.151999999999905,0.14678749999990826,0.16405624999989746,0.18793124999988253,0.17059999999989336,0.15399999999990374,0.1611374999998993,0.15325624999990423,0.1022374999999361,0.1025624999999359,0.10163124999993647,0.0756749999999527,0.06935624999995665,0.07461874999995337,0.10596249999993378,0.10076249999993703,0.09973124999993767,0.10739999999993287,0.09372499999994142,0.10263749999993585
tag.txt,0.02858124999998214,0.02598124999998376,0.0283187499999823,0.053206249999966745,0.04408124999997245,0.05488749999996569,0.056949999999964404,0.0526374999999671,0.05989999999996256,0.15601874999990248,0.16103749999989936,0.15711249999990182,0.19282499999987948,0.2247999999998595,0.1990812499998756,0.16886874999989446,0.18430624999988482,0.17154374999989278,0.10181249999993637,0.10063124999993711,0.10098749999993688,0.06519374999995925,0.05746874999996408,0.06388124999996007,0.08394374999994754,0.07196874999995502,0.07588749999995258,0.09259999999994213,0.07708749999995182,0.08839999999994474
tag.txt,0.02870624999998206,0.026762499999983272,0.02875624999998203,0.053118749999966804,0.04553749999997154,0.055356249999965405,0.05852499999996342,0.0532749999999667,0.060893749999961944,0.15454374999990342,0.16035624999989978,0.15259999999990462,0.19955624999987528,0.2284374999998572,0.20563124999987148,0.17306249999989184,0.18499999999988437,0.17477499999989077,0.10193124999993629,0.09886874999993821,0.09971874999993767,0.06401874999995999,0.05716249999996428,0.06341874999996036,0.07571874999995268,0.06669374999995832,0.07061249999995586,0.09081874999994324,0.07790624999995131,0.08823749999994485
tag.txt,0.028168749999982395,0.025749999999983907,0.027331249999982918,0.05658124999996464,0.046706249999970806,0.05708749999996432,0.05478749999996576,0.04934374999996916,0.05658124999996464,0.15142499999990536,0.15970624999990018,0.15656874999990214,0.16958124999989402,0.20083749999987446,0.17998124999988752,0.16356249999989778,0.17421874999989112,0.1636374999998977,0.10506249999993433,0.10539374999993413,0.10421874999993486,0.07078124999995576,0.06344999999996034,0.0678499999999576,0.09854374999993841,0.08946874999994409,0.09032499999994355,0.10150624999993656,0.0851249999999468,0.09641874999993974
tag.txt,0.026981249999983137,0.024918749999984426,0.02723124999998298,0.05678124999996451,0.04750624999997031,0.059206249999963,0.05528749999996545,0.051318749999967925,0.05709999999996431,0.14890624999990693,0.15669999999990206,0.15172499999990516,0.1859062499998838,0.21188124999986757,0.19291249999987942,0.16525624999989671,0.17497499999989063,0.16308124999989806,0.1027124999999358,0.10104999999993684,0.09822499999993861,0.06996249999995627,0.06310624999996056,0.06899999999995687,0.09303124999994186,0.08548749999994656,0.0881687499999449,0.09517499999994052,0.0830562499999481,0.09334999999994166
tag.txt,0.0206374999999871,0.018387499999988507,0.019531249999987794,0.038681249999975825,0.03307499999997933,0.037906249999976306,0.05217499999996739,0.04519999999997175,0.05356874999996652,0.1831937499998855,0.18506249999988433,0.18674374999988327,0.2484812499998447,0.2838124999998226,0.2580624999998387,0.19114374999988054,0.19865624999987583,0.19384999999987884,0.09278124999994201,0.08915624999994427,0.09290624999994193,0.05053749999996841,0.04392499999997255,0.0471999999999705,0.05708749999996432,0.049268749999969205,0.05006874999996871,0.0652812499999592,0.05345624999996659,0.0601624999999624
tag.txt,0.017537499999989038,0.01625624999998984,0.017162499999989273,0.03388749999997882,0.028906249999981933,0.034487499999978445,0.04973124999996892,0.0446374999999721,0.051837499999967604,0.19079374999988075,0.19558749999987776,0.19415624999987866,0.2747499999998283,0.2962874999998148,0.27846874999982596,0.18331249999988544,0.18780624999988263,0.1819249999998863,0.08662499999994586,0.08437499999994727,0.08507499999994683,0.04761249999997024,0.04256874999997339,0.04702499999997061,0.05721249999996424,0.053562499999966526,0.053781249999966384,0.05853749999996341,0.05001249999996874,0.05608124999996495
tag.txt,0.01923124999998798,0.017862499999988835,0.01879999999998825,0.03668124999997707,0.03179374999998013,0.03513749999997804,0.05315624999996678,0.04663749999997085,0.05361249999996649,0.18663124999988334,0.1879874999998825,0.19229999999987982,0.25988749999983757,0.29049999999981846,0.27001249999983123,0.19047499999988096,0.19629999999987732,0.19333124999987916,0.09202499999994249,0.08824374999994485,0.08874999999994453,0.04780624999997012,0.04254374999997341,0.045431249999971605,0.05309374999996681,0.04708749999997057,0.04707499999997058,0.06101249999996187,0.0510437499999681,0.05554999999996528
tag.txt,0.017049999999989345,0.016337499999989787,0.01641249999998974,0.0337624999999789,0.02966249999998146,0.03469999999997831,0.04839374999996975,0.043799999999972625,0.05028749999996857,0.19114999999988053,0.19139374999988037,0.1942249999998786,0.27944999999982534,0.29880624999981326,0.28119999999982426,0.18263749999988585,0.185599999999884,0.18152499999988655,0.0841437499999474,0.08388749999994757,0.08318749999994801,0.04633749999997104,0.043537499999972785,0.04613749999997117,0.05959374999996275,0.0566374999999646,0.05723124999996423,0.057481249999964075,0.05033749999996854,0.055093749999965566
tag.txt,0.023799999999985125,0.022681249999985824,0.023218749999985487,0.04228749999997357,0.037318749999976676,0.042006249999973745,0.0567999999999645,0.05099374999996813,0.058849999999963216,0.17924999999988797,0.18005624999988745,0.18069374999988708,0.23285624999985446,0.25908749999983804,0.24001874999984998,0.17195624999989254,0.17811874999988866,0.17658124999988964,0.09426874999994109,0.09019999999994363,0.09309374999994181,0.0566437499999646,0.05111874999996805,0.05262499999996711,0.07005624999995622,0.06551874999995905,0.06418749999995989,0.07208124999995495,0.06490624999995943,0.06872499999995704
tag.txt,0.02341249999998537,0.022612499999985866,0.02238749999998601,0.04039999999997475,0.036218749999977366,0.04236874999997352,0.05746874999996408,0.05194374999996754,0.06116874999996177,0.18389999999988507,0.1854624999998841,0.1830437499998856,0.2440062499998475,0.2644749999998347,0.2476562499998452,0.17554374999989028,0.18217499999988615,0.17699374999988937,0.09145624999994284,0.09054374999994341,0.08999999999994375,0.053812499999966366,0.048756249999969525,0.05325624999996671,0.06268749999996082,0.05751249999996406,0.05785624999996384,0.06731249999995793,0.060299999999962314,0.06526874999995921
tag.txt,0.024162499999984897,0.023462499999985335,0.023462499999985335,0.040374999999974764,0.03591874999997755,0.04041249999997474,0.05809999999996369,0.05240624999996724,0.05958124999996276,0.18141249999988662,0.18272499999988578,0.1838687499998851,0.23928749999985044,0.2627499999998358,0.24707499999984558,0.17414999999989114,0.17798124999988876,0.17559999999989026,0.09148749999994282,0.08916874999994427,0.09068749999994331,0.05460624999996587,0.05111249999996805,0.05179374999996763,0.06562499999995898,0.061074999999961826,0.06041249999996224,0.07079374999995576,0.06339999999996038,0.06710624999995805
tag.txt,0.0230374999999856,0.022168749999986144,0.022043749999986224,0.03996874999997502,0.03624999999997734,0.040999999999974376,0.05595624999996503,0.051481249999967824,0.05836874999996352,0.18309999999988555,0.18381874999988512,0.18418749999988487,0.24979374999984388,0.26951874999983155,0.2529437499998419,0.17788749999988882,0.17818749999988864,0.1777499999998889,0.0897624999999439,0.089587499999944,0.08968749999994395,0.05314999999996678,0.04976874999996889,0.05219999999996738,0.061674999999961455,0.05932499999996292,0.057649999999963966,0.06566874999995896,0.05989374999996257,0.06416874999995989
tag.txt,0.018093749999988692,0.01708749999998932,0.01773124999998892,0.035331249999977915,0.030999999999980626,0.037649999999976466,0.04946249999996909,0.044037499999972474,0.05298124999996689,0.1880187499998825,0.1897687499998814,0.18838749999988225,0.26966249999983144,0.29067499999981833,0.2711499999998305,0.18534999999988416,0.1897562499998814,0.1833249999998854,0.08573124999994641,0.08554374999994653,0.08605624999994621,0.04914999999996928,0.04417499999997239,0.048743749999969534,0.06084999999996197,0.05675624999996453,0.05719999999996425,0.05834999999996353,0.051199999999968,0.056774999999964514
tag.txt,0.018924999999988174,0.017831249999988856,0.01836874999998852,0.03964374999997522,0.03475624999997828,0.04369374999997269,0.05236874999996727,0.04769374999997019,0.056099999999964935,0.17958124999988775,0.1811124999998868,0.17788124999988883,0.26875624999983205,0.29448749999981594,0.27354999999982904,0.18980624999988138,0.19781249999987638,0.18804999999988248,0.092793749999942,0.08953749999994404,0.08885624999994446,0.05036249999996852,0.043212499999972995,0.051581249999967764,0.049543749999969036,0.043462499999972835,0.04579374999997138,0.05821874999996361,0.05009374999996869,0.05612499999996492
tag.txt,0.01816249999998865,0.017749999999988907,0.017699999999988936,0.036712499999977055,0.03189374999998006,0.03861249999997587,0.049781249999968885,0.04391249999997256,0.052262499999967335,0.18461874999988462,0.1864062499998835,0.18694374999988317,0.2665624999998334,0.28506874999982185,0.2673937499998329,0.1836812499998852,0.18902499999988187,0.182399999999886,0.0872062499999455,0.08524374999994672,0.08679374999994575,0.050556249999968404,0.046024999999971235,0.050293749999968565,0.06298124999996063,0.06126874999996171,0.059018749999963115,0.05973749999996266,0.05340624999996662,0.058581249999963385
tag.txt,0.019687499999987694,0.01913749999998804,0.019143749999988035,0.04078749999997451,0.036437499999977224,0.045006249999971874,0.050981249999968135,0.04732499999997042,0.054981249999965634,0.1768249999998895,0.1789187499998882,0.17373124999989142,0.2745374999998284,0.29240624999981724,0.2763749999998273,0.1891312499998818,0.1953437499998779,0.18841874999988223,0.08995624999994378,0.08740624999994537,0.0871874999999455,0.05009374999996869,0.04556874999997152,0.05163124999996773,0.04918124999996926,0.045099999999971815,0.04669999999997081,0.05881874999996324,0.052356249999967276,0.05682499999996449
tag.txt,0.02434999999998478,0.024793749999984505,0.024643749999984598,0.04289374999997319,0.04213124999997367,0.04554999999997153,0.057831249999963856,0.056624999999964606,0.060824999999961986,0.17127499999989296,0.16866249999989458,0.17096874999989314,0.2761687499998274,0.28801874999981997,0.27165624999983023,0.19205624999987997,0.1940812499998787,0.18993124999988129,0.08434999999994729,0.08099374999994938,0.083199999999948,0.047031249999970604,0.04483124999997198,0.04856874999996964,0.041749999999973905,0.03937499999997539,0.04135624999997415,0.06229374999996107,0.060487499999962197,0.06329999999996044
tag.txt,0.02439999999998475,0.02428749999998482,0.024874999999984455,0.04332499999997292,0.04263124999997336,0.04628749999997107,0.05847499999996345,0.057381249999964135,0.061656249999961464,0.1729562499998919,0.1718374999998926,0.17124999999989296,0.2769499999998269,0.28856249999981964,0.2738562499998288,0.18838749999988225,0.1910437499998806,0.1881812499998824,0.08392499999994754,0.08039999999994975,0.08306874999994808,0.04770624999997018,0.04523124999997173,0.048068749999969955,0.04084999999997447,0.03861249999997587,0.040712499999974554,0.06302499999996061,0.06001249999996249,0.06204374999996122
tag.txt,0.025906249999983807,0.026162499999983647,0.025668749999983958,0.04284999999997322,0.04219999999997363,0.04555624999997153,0.05906874999996308,0.057649999999963966,0.06350624999996031,0.17098124999989314,0.17132499999989292,0.16988749999989383,0.27196249999983,0.2794812499998253,0.26824999999983234,0.19191249999988005,0.19244999999987972,0.18809374999988243,0.08396874999994752,0.08243124999994848,0.08508749999994682,0.048487499999969694,0.04649999999997094,0.04945624999996909,0.04105624999997434,0.03938749999997538,0.04084374999997447,0.06380624999996012,0.06241249999996099,0.06364999999996022
tag.txt,0.024918749999984426,0.024499999999984687,0.02508749999998432,0.04284999999997322,0.042437499999973476,0.04537499999997164,0.05788124999996382,0.05769374999996394,0.06084374999996197,0.17339374999989163,0.17181249999989262,0.1715124999998928,0.2807999999998245,0.29009999999981867,0.2765624999998271,0.18986249999988133,0.19002499999988123,0.18707499999988308,0.08249999999994843,0.0796749999999502,0.08252499999994842,0.04646874999997096,0.04519999999997175,0.04776874999997015,0.04014999999997491,0.03812499999997617,0.04002499999997498,0.06117499999996177,0.06043124999996223,0.06322499999996048
tag.txt,0.014068749999991206,0.013006249999991872,0.014331249999991042,0.0294374999999816,0.02714999999998303,0.033012499999979364,0.044224999999972356,0.04102499999997436,0.046399999999971,0.1806499999998871,0.18028124999988732,0.18236874999988603,0.3177874999998014,0.34103124999978685,0.3181312499998012,0.214412499999866,0.21781249999986388,0.21044374999986848,0.08054999999994966,0.0756937499999527,0.07959374999995025,0.03683749999997698,0.03246249999997971,0.03656249999997715,0.03521874999997799,0.030399999999981,0.033556249999979026,0.04681249999997074,0.04113749999997429,0.0455999999999715
tag.txt,0.013518749999991551,0.013249999999991718,0.0140812499999912,0.029318749999981675,0.026818749999983238,0.03335624999997915,0.04426874999997233,0.04197499999997376,0.0491187499999693,0.18181249999988636,0.18104999999988683,0.1810937499998868,0.32488124999979695,0.34508749999978433,0.3217249999997989,0.21315624999986676,0.21571874999986518,0.20939374999986912,0.07881874999995074,0.0742374999999536,0.07783749999995135,0.03603124999997748,0.032756249999979524,0.03709374999997682,0.03414374999997866,0.02969374999998144,0.03236874999997977,0.044049999999972465,0.03941249999997537,0.04393124999997254
tag.txt,0.014012499999991242,0.013581249999991512,0.014262499999991086,0.029724999999981423,0.027712499999982678,0.033112499999979304,0.0446312499999721,0.04120624999997424,0.04846249999996971,0.18265624999988583,0.18257499999988588,0.18423124999988486,0.3193499999998004,0.3386937499997883,0.3159999999998025,0.21559999999986526,0.21673749999986452,0.2110312499998681,0.07989999999995007,0.07528749999995295,0.07879374999995076,0.03577499999997764,0.03272499999997955,0.036887499999976946,0.03425624999997859,0.03033749999998104,0.0323124999999798,0.04409374999997244,0.041143749999974284,0.044906249999971934
tag.txt,0.014381249999991012,0.013756249999991402,0.014468749999990958,0.02982499999998136,0.028743749999982034,0.033299999999979187,0.044056249999972465,0.0409499999999744,0.04828124999996982,0.17991249999988757,0.17956249999988777,0.18056249999988716,0.3274062499997954,0.3451437499997843,0.3228874999997982,0.21394999999986627,0.21463749999986584,0.21031874999986855,0.07796249999995128,0.07436249999995352,0.0774312499999516,0.03573124999997767,0.03299999999997937,0.036774999999977014,0.03283124999997948,0.029549999999981532,0.031493749999980315,0.04394374999997253,0.040293749999974815,0.044481249999972196
tag.txt,0.024393749999984754,0.024437499999984725,0.024593749999984628,0.04246249999997346,0.04091249999997443,0.0459124999999713,0.059962499999962525,0.05657499999996464,0.06229374999996107,0.17036874999989352,0.16731874999989543,0.16936874999989415,0.2584249999998385,0.27481249999982826,0.2561249999998399,0.1875312499998828,0.1931124999998793,0.1848124999998845,0.08871874999994456,0.08566249999994646,0.08804374999994498,0.05006249999996871,0.0465687499999709,0.051849999999967596,0.05066874999996833,0.047556249999970275,0.0494374999999691,0.06740624999995787,0.0630437499999606,0.06756249999995777
tag.txt,0.025987499999983756,0.02526249999998421,0.026056249999983714,0.04244999999997347,0.04166249999997396,0.046518749999970924,0.058262499999963586,0.05683124999996448,0.06179999999996137,0.1683124999998948,0.1657874999998964,0.1654312499998966,0.2613937499998366,0.27498749999982813,0.2587374999998383,0.1899374999998813,0.1939312499998788,0.18717499999988302,0.08649374999994594,0.0857562499999464,0.0871874999999455,0.05001874999996874,0.046368749999971016,0.051243749999967975,0.04981249999996887,0.04566249999997146,0.04836874999996977,0.06733124999995792,0.06374999999996016,0.06748124999995782
tag.txt,0.02518124999998426,0.025599999999984,0.02569374999998394,0.0439999999999725,0.04084999999997447,0.04502499999997186,0.0590437499999631,0.05701249999996437,0.06264374999996085,0.17025624999989358,0.16821249999989488,0.17031249999989356,0.25889374999983816,0.2727937499998295,0.2562874999998398,0.18677499999988326,0.19050624999988094,0.18560624999988398,0.08791249999994505,0.08513749999994678,0.08626249999994609,0.050199999999968624,0.04729374999997044,0.05074999999996828,0.05032499999996855,0.04776249999997015,0.049274999999969205,0.06741249999995787,0.06483124999995948,0.06814374999995741
tag.txt,0.026106249999983684,0.026056249999983714,0.02635624999998353,0.0433562499999729,0.041574999999974015,0.046949999999970654,0.05786874999996383,0.0561562499999649,0.06097499999996189,0.16579999999989636,0.16265624999989833,0.16266249999989835,0.26660624999983334,0.2818937499998238,0.2644999999998347,0.188787499999882,0.19035624999988102,0.18551249999988406,0.08711874999994555,0.08475624999994703,0.0859187499999463,0.049962499999968775,0.04724999999997047,0.05130624999996793,0.04871249999996955,0.04614374999997116,0.04821874999996986,0.06568124999995895,0.06315624999996053,0.06759999999995775
tag.txt,0.01863749999998835,0.018424999999988485,0.019543749999987786,0.03949999999997531,0.03587499999997758,0.04404374999997247,0.051512499999967806,0.04919999999996925,0.055674999999965204,0.172787499999892,0.17010624999989368,0.1685999999998946,0.28093124999982444,0.30054374999981215,0.2766562499998271,0.1993624999998754,0.2073687499998704,0.19772499999987642,0.08798749999994501,0.0844749999999472,0.08605624999994621,0.04615624999997115,0.04153749999997404,0.048249999999969845,0.04588749999997132,0.04059374999997463,0.0446374999999721,0.05723749999996423,0.05187499999996758,0.05881249999996324
tag.txt,0.018843749999988224,0.017831249999988856,0.020037499999987475,0.03929374999997544,0.03774999999997641,0.045868749999971335,0.05249374999996719,0.04949374999996907,0.05678124999996451,0.17244999999989222,0.17077499999989326,0.1657624999998964,0.2802124999998249,0.29848124999981346,0.2782999999998261,0.1980687499998762,0.20550624999987155,0.19238749999987975,0.0883249999999448,0.08505624999994683,0.08631249999994606,0.04799999999997,0.042868749999973206,0.05178124999996764,0.04426874999997233,0.04025624999997484,0.04376249999997265,0.05804374999996372,0.05198124999996751,0.05900624999996312
tag.txt,0.01982499999998761,0.01896249999998815,0.020087499999987445,0.03938749999997538,0.03699374999997688,0.045337499999971664,0.0534374999999666,0.05093749999996816,0.05729374999996419,0.17309374999989183,0.17098124999989314,0.1670562499998956,0.27494999999982817,0.2919937499998175,0.2742187499998286,0.19751249999987655,0.20555624999987152,0.19483749999987823,0.0868812499999457,0.08459374999994713,0.08669374999994582,0.04754374999997028,0.04276249999997327,0.04921874999996924,0.0483124999999698,0.043556249999972776,0.04579374999997138,0.05905624999996309,0.05366249999996646,0.05946249999996284
tag.txt,0.02033749999998729,0.019931249999987542,0.02078124999998701,0.03997499999997502,0.03783749999997635,0.04605624999997122,0.052187499999967385,0.050137499999968665,0.056362499999964774,0.16963124999989398,0.16998124999989375,0.1657562499998964,0.28904374999981935,0.3027124999998108,0.2854437499998216,0.1995124999998753,0.203199999999873,0.19491249999987817,0.08595624999994628,0.08302499999994811,0.0839999999999475,0.04623124999997111,0.04326249999997296,0.04931874999996918,0.04179999999997387,0.037912499999976305,0.041324999999974174,0.05532499999996542,0.0519999999999675,0.056043749999964976
tag.txt,0.016087499999989947,0.013737499999991415,0.015281249999990448,0.03426874999997858,0.030099999999981187,0.03684999999997697,0.04250624999997343,0.03869374999997582,0.04536249999997165,0.16557499999989653,0.16887499999989444,0.17043749999989347,0.2838499999998226,0.3126749999998046,0.2936249999998165,0.22430624999985982,0.23248749999985469,0.2209624999998619,0.0884812499999447,0.08236874999994852,0.08421249999994737,0.04361249999997274,0.03579374999997763,0.041493749999974065,0.04377499999997264,0.03597499999997752,0.03837499999997602,0.05753749999996404,0.04929374999996919,0.05339999999996663
tag.txt,0.01653124999998967,0.014324999999991046,0.015731249999990166,0.034649999999978344,0.030443749999980972,0.03820624999997612,0.041987499999973754,0.03933124999997542,0.04583124999997135,0.16459999999989713,0.1662499999998961,0.1684812499998947,0.2817874999998239,0.31334374999980413,0.29044999999981846,0.22386249999986008,0.23016249999985613,0.219162499999863,0.0894437499999441,0.08195624999994877,0.08621874999994611,0.043718749999972675,0.03724999999997672,0.04134999999997416,0.04471249999997205,0.03671874999997705,0.039031249999975606,0.05870624999996331,0.050218749999968615,0.05553749999996529
tag.txt,0.015868749999990082,0.01425624999999109,0.015393749999990379,0.033374999999979144,0.029737499999981414,0.03691874999997693,0.04401249999997249,0.03958749999997526,0.04761874999997024,0.1670562499998956,0.16857499999989464,0.1724562499998922,0.28936874999981915,0.3191999999998005,0.29463749999981587,0.22398749999986,0.23034374999985605,0.220781249999862,0.08811249999994493,0.08045624999994971,0.08499374999994688,0.04121249999997424,0.035193749999978007,0.03992499999997505,0.04212499999997367,0.03496249999997815,0.03622499999997736,0.0548812499999657,0.0476874999999702,0.05104999999996809
tag.txt,0.01542499999999036,0.014349999999991031,0.01607499999998995,0.03418124999997864,0.030006249999981246,0.038424999999975985,0.04331249999997293,0.03991874999997505,0.04740624999997037,0.16643124999989597,0.16731874999989543,0.16844374999989473,0.29001874999981875,0.31719999999980175,0.2923312499998173,0.22390624999986006,0.22986249999985633,0.21987499999986257,0.08780624999994512,0.0820624999999487,0.08423124999994736,0.041237499999974225,0.03585624999997759,0.04101874999997436,0.04194374999997379,0.035274999999977956,0.03830624999997606,0.05573749999996516,0.048149999999969904,0.05388749999996632
tag.txt,0.02167499999998645,0.019681249999987698,0.021437499999986603,0.04042499999997473,0.03782499999997636,0.047131249999970544,0.05117499999996802,0.04759999999997025,0.05605624999996497,0.1633937499998979,0.16300624999989813,0.16296874999989813,0.2633687499998354,0.2892937499998192,0.25986249999983757,0.20674374999987077,0.21554374999986528,0.206412499999871,0.09322499999994173,0.08677499999994577,0.0905687499999434,0.0478374999999701,0.041156249999974276,0.04691874999997068,0.04758124999997026,0.04146874999997408,0.04403124999997248,0.06457499999995964,0.057649999999963966,0.06461249999995962
tag.txt,0.021881249999986325,0.020281249999987323,0.021612499999986493,0.039687499999975194,0.03689374999997694,0.046774999999970764,0.0507187499999683,0.04800624999997,0.05707499999996433,0.16537499999989663,0.16211249999989868,0.16204374999989873,0.26226874999983607,0.2905999999998184,0.26243124999983597,0.20786249999987008,0.21604374999986498,0.20589999999987132,0.0919812499999425,0.08598749999994626,0.08984999999994385,0.04825624999996984,0.04071874999997455,0.04649374999997094,0.04732499999997042,0.041237499999974225,0.043462499999972835,0.0646437499999596,0.05811874999996368,0.06435624999995977
tag.txt,0.022218749999986114,0.02046249999998721,0.0220812499999862,0.03959374999997525,0.0377562499999764,0.046549999999970906,0.05290624999996693,0.04949999999996906,0.058412499999963494,0.16453124999989716,0.16393749999989754,0.1625562499998984,0.26519374999983425,0.2900312499998187,0.2612499999998367,0.20798749999987,0.21275624999986703,0.2041937499998724,0.09194374999994254,0.08662499999994586,0.09061874999994336,0.04633749999997104,0.041143749999974284,0.046806249999970746,0.04534374999997166,0.0396749999999752,0.042537499999973416,0.06394374999996004,0.05811249999996368,0.06499374999995938
tag.txt,0.02193124999998629,0.02052499999998717,0.022612499999985866,0.03997499999997502,0.03706874999997683,0.04701249999997062,0.05193749999996754,0.049349999999969155,0.05650624999996468,0.1638687499998976,0.16279374999989826,0.1612749999998992,0.2729624999998294,0.2972812499998142,0.26708124999983307,0.20612499999987116,0.21435624999986602,0.20501874999987185,0.08793749999994503,0.08169999999994894,0.0859187499999463,0.046962499999970646,0.04065624999997459,0.04741874999997036,0.044793749999972,0.03870624999997581,0.04212499999997367,0.06350624999996031,0.057562499999964024,0.06503124999995935
tag.txt,0.021949999999986283,0.019031249999988106,0.022456249999985963,0.0401562499999749,0.035681249999977696,0.048418749999969736,0.049862499999968835,0.045449999999971596,0.0550374999999656,0.1623999999998985,0.1638312499998976,0.15861249999990087,0.25150624999984283,0.2837374999998227,0.24647499999984596,0.2059187499998713,0.2174437499998641,0.20532499999987167,0.09425624999994109,0.08823124999994486,0.09293749999994191,0.05128124999996795,0.04254374999997341,0.050887499999968194,0.05412499999996617,0.044549999999972154,0.049256249999969214,0.06854374999995716,0.05949999999996281,0.07059374999995588
tag.txt,0.021299999999986687,0.01851249999998843,0.02259374999998588,0.03956874999997527,0.03451874999997843,0.04652499999997092,0.0484812499999697,0.04411874999997242,0.05351249999996655,0.16035624999989978,0.16149374999989907,0.15814374999990116,0.2572874999998392,0.2921437499998174,0.25364374999984146,0.2087874999998695,0.22173749999986142,0.20667499999987082,0.09238749999994225,0.08554999999994653,0.09185624999994259,0.04949999999996906,0.04178749999997388,0.049349999999969155,0.053387499999966635,0.04333749999997291,0.04838124999996976,0.06894374999995691,0.0567999999999645,0.06931874999995667
tag.txt,0.02179374999998638,0.01974374999998766,0.0243187499999848,0.04156249999997402,0.036449999999977216,0.050212499999968616,0.05053749999996841,0.045256249999971715,0.05749374999996407,0.16284374999989823,0.16322499999989798,0.15928749999990044,0.2504937499998434,0.284799999999822,0.23636874999985227,0.20422499999987237,0.21501874999986562,0.1985374999998759,0.09411874999994117,0.08688749999994569,0.09361874999994149,0.04958749999996901,0.04253124999997342,0.052856249999966964,0.055237499999965474,0.046368749999971016,0.05219374999996738,0.0695999999999565,0.05971874999996268,0.07511249999995305
tag.txt,0.0211187499999868,0.019543749999987786,0.022549999999985908,0.03834999999997603,0.034037499999978724,0.04470624999997206,0.048156249999969904,0.04477499999997202,0.054649999999965844,0.16488124999989695,0.16409374999989745,0.1619187499998988,0.2718499999998301,0.29927499999981294,0.2614812499998366,0.20898749999986937,0.2204999999998622,0.20594374999987128,0.0897687499999439,0.08147499999994907,0.08746874999994533,0.04579999999997138,0.0403249999999748,0.047893749999970064,0.04711874999997055,0.03946874999997533,0.046037499999971226,0.06396874999996002,0.05650624999996468,0.0673499999999579
tag.txt,0.016406249999989745,0.014849999999990718,0.015993749999990006,0.032781249999979514,0.029274999999981705,0.033637499999978976,0.04375624999997265,0.039349999999975405,0.04631249999997106,0.16749999999989532,0.16926874999989422,0.17323749999989171,0.28812499999981994,0.3150749999998031,0.29483749999981573,0.22151249999986156,0.22629374999985857,0.21834999999986354,0.08898749999994439,0.08302499999994811,0.08439374999994725,0.04229374999997357,0.03674999999997703,0.0411124999999743,0.04376249999997265,0.037387499999976634,0.039787499999975134,0.0548749999999657,0.04872499999996955,0.05233749999996729
tag.txt,0.016712499999989555,0.01564999999999022,0.016262499999989837,0.03385624999997884,0.03043124999998098,0.034818749999978235,0.04521249999997174,0.04230624999997356,0.047974999999970014,0.1705499999998934,0.1708874999998932,0.17477499999989077,0.28246874999982347,0.3086124999998071,0.28986249999981883,0.21813749999986368,0.22304999999986058,0.21670624999986457,0.0891187499999443,0.08268124999994832,0.08546874999994658,0.043799999999972625,0.0375999999999765,0.04023124999997486,0.043124999999973046,0.03796249999997627,0.03981249999997512,0.05701874999996436,0.05081874999996824,0.0540874999999662
tag.txt,0.016199999999989875,0.014981249999990637,0.015468749999990332,0.0321499999999799,0.02838124999998226,0.03250624999997968,0.04358124999997276,0.04049999999997469,0.047049999999970595,0.17083124999989324,0.1691437499998943,0.1753437499998904,0.2937437499998164,0.32339374999979786,0.30246874999981094,0.2227124999998608,0.22501249999985937,0.21792499999986378,0.08507499999994683,0.07989999999995007,0.08318749999994801,0.040724999999974545,0.0353687499999779,0.03817499999997614,0.04078124999997451,0.035749999999977654,0.03736249999997665,0.05419999999996612,0.04756874999997027,0.05051249999996843
tag.txt,0.016743749999989534,0.016137499999989913,0.01694374999998941,0.033981249999978765,0.031043749999980597,0.034993749999978126,0.046006249999971244,0.042437499999973476,0.04798124999997001,0.17066874999989334,0.17047499999989346,0.1739187499998913,0.2861374999998212,0.307262499999808,0.2921437499998174,0.21939999999986287,0.22501249999985937,0.21574999999986516,0.08794999999994503,0.08231249999994855,0.08477499999994702,0.04171249999997393,0.03684374999997697,0.040549999999974655,0.04216249999997365,0.03714999999997678,0.03907499999997558,0.055237499999965474,0.051324999999967924,0.05386874999996633
tag.txt,0.031006249999980622,0.031593749999980256,0.030874999999980703,0.049868749999968834,0.04921249999996924,0.05079999999996825,0.05945624999996284,0.057218749999964236,0.062243749999961094,0.1556874999999027,0.1531187499999043,0.15512499999990303,0.24509374999984682,0.2569562499998394,0.2452999999998467,0.18644374999988347,0.19043124999988098,0.18606249999988372,0.0871874999999455,0.08323749999994798,0.08596874999994628,0.05358749999996651,0.05139374999996788,0.05461874999996586,0.0519999999999675,0.048499999999969685,0.0502437499999686,0.0796687499999502,0.07833749999995104,0.07876249999995077
tag.txt,0.03146249999998033,0.03138124999998038,0.031049999999980593,0.04948749999996907,0.04971874999996893,0.051843749999967596,0.061318749999961675,0.059943749999962534,0.06282499999996073,0.15718749999990175,0.15539374999990288,0.1566499999999021,0.24296874999984813,0.2531249999998418,0.24474374999984702,0.18651249999988342,0.19049999999988093,0.18409374999988495,0.08843124999994473,0.08394374999994754,0.08659374999994587,0.05291874999996692,0.05091249999996818,0.053981249999966265,0.051074999999968076,0.048343749999969786,0.049962499999968775,0.07863749999995086,0.07673749999995204,0.0782562499999511
tag.txt,0.03054374999998091,0.03128124999998045,0.031031249999980606,0.04947499999996908,0.04939374999996913,0.0502437499999686,0.06139374999996163,0.06041874999996224,0.06409999999995994,0.15820624999990113,0.15657499999990215,0.15773749999990141,0.24357499999984777,0.25351874999984153,0.2435437499998478,0.18499999999988437,0.18819999999988238,0.18476874999988452,0.08708124999994557,0.08322499999994798,0.0871874999999455,0.05324374999996672,0.05179999999996762,0.053806249999966374,0.051931249999967545,0.0491187499999693,0.05022499999996861,0.07954999999995029,0.0764687499999522,0.07735624999995165
tag.txt,0.03178749999998013,0.032674999999979575,0.03171249999998018,0.05077499999996826,0.05121249999996799,0.05243124999996723,0.06315624999996053,0.0603187499999623,0.0647874999999595,0.15523749999990297,0.15337499999990414,0.15543124999990285,0.243218749999848,0.2541124999998412,0.24364374999984773,0.1844812499998847,0.18551249999988406,0.18322499999988548,0.0878374999999451,0.08370624999994768,0.08618124999994614,0.053387499999966635,0.05129374999996794,0.053643749999966475,0.049862499999968835,0.0491249999999693,0.049956249999968776,0.08025624999994983,0.07866874999995083,0.07898749999995064
tag.txt,0.030574999999980892,0.029381249999981637,0.028999999999981874,0.04916874999996927,0.04467499999997208,0.04939999999996912,0.058581249999963385,0.05433749999996604,0.05993124999996254,0.15819999999990111,0.1619374999998988,0.163206249999898,0.19988749999987507,0.22515624999985928,0.21115624999986804,0.16423124999989736,0.17194374999989254,0.1670562499998956,0.09572499999994018,0.09364999999994147,0.09343124999994161,0.06454374999995965,0.0590437499999631,0.06203124999996123,0.08986249999994383,0.08094999999994941,0.08178749999994889,0.08922499999994424,0.07892499999995067,0.08299999999994813
tag.txt,0.0305562499999809,0.02961874999998149,0.028506249999982185,0.04931249999996918,0.04494999999997191,0.04938749999996913,0.05833749999996354,0.053806249999966374,0.06076249999996202,0.15864999999990084,0.16353749999989778,0.16344999999989784,0.2084874999998697,0.23252499999985468,0.2199874999998625,0.16661249999989586,0.17247499999989221,0.17046874999989345,0.09616874999993989,0.09394374999994129,0.09359374999994151,0.0635249999999603,0.05873124999996329,0.06177499999996139,0.0822312499999486,0.07449374999995344,0.07301249999995436,0.08611874999994618,0.07591874999995255,0.07905624999995059
tag.txt,0.029674999999981452,0.028774999999982016,0.027893749999982568,0.04698124999997064,0.043806249999972624,0.0473562499999704,0.05926249999996296,0.054306249999966055,0.05988749999996257,0.16202499999989872,0.16374999999989764,0.16584999999989633,0.20218124999987364,0.22563124999985898,0.21639999999986476,0.16748749999989532,0.16979999999989387,0.16869374999989456,0.09598124999994001,0.09304999999994185,0.0923124999999423,0.06279999999996075,0.05913749999996304,0.06088124999996195,0.08761874999994523,0.08284374999994822,0.08042499999994973,0.08598749999994626,0.07889999999995069,0.08029999999994981
tag.txt,0.03177499999998014,0.03217499999997989,0.03062499999998086,0.049787499999968884,0.0465687499999709,0.05052499999996842,0.059093749999963065,0.05573749999996516,0.06069999999996206,0.1587562499999008,0.15864999999990084,0.16040624999989975,0.21052499999986843,0.22727499999985795,0.21958749999986277,0.1666937499998958,0.17041874999989348,0.1676812499998952,0.09498749999994063,0.09194999999994254,0.09206874999994245,0.06402499999995999,0.05988749999996257,0.06282499999996073,0.07836874999995101,0.0760124999999525,0.07416874999995364,0.08598749999994626,0.08132499999994917,0.08141249999994912
tag.txt,0.019256249999987964,0.019274999999987955,0.019881249999987576,0.03236874999997977,0.03271249999997956,0.03496874999997814,0.04924374999996922,0.04795624999997003,0.05353124999996654,0.17907499999988807,0.17691874999988944,0.1836937499998852,0.31382499999980384,0.3238499999997976,0.3059937499998088,0.21413749999986617,0.2148812499998657,0.20487499999987197,0.07831249999995106,0.07469999999995332,0.07871874999995081,0.03506874999997808,0.03409999999997869,0.038843749999975724,0.03164374999998022,0.029249999999981718,0.03138124999998038,0.04706874999997058,0.046356249999971025,0.04811249999996993
tag.txt,0.018599999999988376,0.019018749999988115,0.019418749999987862,0.032774999999979515,0.03316249999997927,0.036474999999977206,0.04771249999997018,0.046618749999970864,0.05164999999996772,0.17873749999988828,0.1779124999998888,0.17993124999988755,0.32739374999979537,0.3321624999997924,0.3191624999998005,0.21143124999986784,0.21289999999986695,0.2030312499998731,0.07483124999995323,0.07259999999995463,0.07573124999995266,0.03518749999997801,0.033299999999979187,0.03801249999997624,0.028412499999982244,0.027324999999982922,0.029412499999981617,0.044918749999971926,0.044999999999971875,0.04717499999997052
tag.txt,0.01884999999998822,0.019287499999987946,0.019737499999987664,0.03188124999998007,0.0321499999999799,0.034906249999978184,0.04889374999996944,0.048587499999969634,0.052681249999967074,0.18170624999988644,0.18005624999988745,0.1838687499998851,0.3149124999998032,0.32090624999979944,0.30824999999980734,0.2131312499998668,0.21498124999986565,0.20633124999987104,0.07588124999995258,0.07353749999995404,0.07571874999995268,0.03613749999997742,0.034393749999978504,0.03787499999997633,0.03025624999998109,0.02919999999998175,0.031018749999980614,0.04834999999996978,0.04689999999997069,0.049612499999968994
tag.txt,0.01804374999998872,0.01854374999998841,0.019306249999987934,0.03237499999997977,0.03369374999997894,0.03646874999997721,0.04740624999997037,0.0462437499999711,0.05148749999996782,0.17726249999988922,0.17383124999989136,0.17929374999988795,0.329631249999794,0.3350562499997906,0.31844999999980095,0.2126437499998671,0.21369999999986644,0.20248749999987345,0.07343124999995411,0.07226874999995483,0.07566249999995271,0.034806249999978243,0.032949999999979405,0.038674999999975826,0.028806249999981996,0.028131249999982417,0.03021874999998111,0.045593749999971504,0.04558124999997151,0.04794999999997003
tag.txt,0.01859374999998838,0.01870624999998831,0.0199999999999875,0.02914999999998178,0.02781249999998262,0.033306249999979186,0.046281249999971075,0.04493124999997192,0.05341874999996661,0.1804687499998872,0.18126249999988672,0.18544374999988408,0.3302812499997936,0.33846249999978845,0.302387499999811,0.211168749999868,0.20908124999986932,0.2033624999998729,0.07494999999995315,0.07361249999995399,0.07892499999995067,0.034324999999978546,0.03254999999997966,0.038231249999976104,0.031249999999980467,0.030724999999980795,0.035168749999978016,0.04353124999997279,0.042856249999973214,0.0497562499999689
tag.txt,0.018693749999988317,0.018199999999988625,0.020168749999987395,0.02982499999998136,0.02951874999998155,0.033899999999978815,0.04904999999996934,0.04666874999997083,0.05418749999996613,0.18210624999988617,0.18375624999988516,0.18544374999988408,0.32501874999979685,0.3347437499997908,0.3027374999998108,0.20424374999987235,0.2036499999998727,0.19735624999987667,0.07815624999995115,0.07626874999995233,0.08167499999994896,0.03707499999997683,0.03402499999997873,0.040987499999974385,0.030018749999981238,0.02892499999998192,0.03326249999997921,0.04581249999997137,0.04424374999997235,0.05028124999996857
tag.txt,0.019606249999987745,0.01916874999998802,0.02089374999998694,0.029924999999981296,0.029368749999981646,0.03316249999997927,0.04870624999996956,0.04666874999997083,0.054143749999966156,0.1785562499998884,0.18012499999988743,0.18343124999988536,0.3326562499997921,0.3409624999997869,0.31143749999980536,0.20466874999987208,0.20171249999987392,0.19446874999987845,0.07489999999995318,0.07294999999995441,0.07816249999995115,0.03524374999997797,0.0339187499999788,0.03932499999997542,0.03128749999998044,0.03137499999998039,0.035206249999978,0.04444999999997222,0.04374999999997266,0.04976874999996889
tag.txt,0.019962499999987525,0.020487499999987197,0.021818749999986363,0.03153749999998029,0.03086249999998071,0.03558124999997776,0.050568749999968396,0.048743749999969534,0.05559999999996525,0.17909999999988807,0.1800124999998875,0.18453124999988466,0.32042499999979973,0.3270812499997956,0.2948187499998157,0.2087999999998695,0.20693124999987067,0.20051249999987467,0.07691249999995194,0.0753624999999529,0.08248749999994845,0.035531249999977796,0.035256249999977965,0.040824999999974486,0.030899999999980686,0.02937499999998164,0.033118749999979304,0.046262499999971084,0.04588749999997132,0.05070624999996831
tag.txt,0.02046249999998721,0.020212499999987366,0.021081249999986826,0.03190624999998006,0.03091249999998068,0.034406249999978496,0.04857499999996964,0.04664999999997085,0.053468749999966585,0.17899374999988812,0.1790499999998881,0.18184999999988635,0.31716874999980177,0.3274624999997953,0.2970937499998143,0.2025437499998734,0.20342499999987285,0.2004687499998747,0.08008124999994995,0.07548124999995283,0.08168124999994895,0.0371187499999768,0.03577499999997764,0.03998749999997501,0.03511874999997805,0.034224999999978606,0.03732499999997667,0.04803124999996998,0.046806249999970746,0.0526374999999671
tag.txt,0.020199999999987374,0.01979374999998763,0.02124374999998672,0.034249999999978596,0.032681249999979574,0.035668749999977704,0.0504062499999685,0.047818749999970114,0.05485624999996572,0.18488124999988445,0.18373749999988517,0.18391249999988504,0.3108812499998057,0.32388749999979755,0.29718749999981425,0.1992124999998755,0.2011249999998743,0.198418749999876,0.0777624999999514,0.07684999999995197,0.08242499999994848,0.03958124999997526,0.03682499999997699,0.041924999999973796,0.03339374999997913,0.03110624999998056,0.03323124999997923,0.049431249999969104,0.04617499999997114,0.05113124999996804
tag.txt,0.02124374999998672,0.021099999999986813,0.022287499999986072,0.03288749999997945,0.03186874999998008,0.03434999999997853,0.051081249999968076,0.048924999999969424,0.05443124999996598,0.18042499999988723,0.18058749999988713,0.1833562499998854,0.31236249999980475,0.32183124999979884,0.29924999999981294,0.2011124999998743,0.2009437499998744,0.19702499999987685,0.07751249999995155,0.07543749999995285,0.08069374999994956,0.03803124999997623,0.0363249999999773,0.0403249999999748,0.035943749999977535,0.03496249999997815,0.03666249999997709,0.04939999999996912,0.04801874999996999,0.05161874999996774
tag.txt,0.0220812499999862,0.02209374999998619,0.023143749999985534,0.036518749999977174,0.035843749999977595,0.03916249999997552,0.05239374999996725,0.050212499999968616,0.05803749999996373,0.1798624999998876,0.1811499999998868,0.1826937499998858,0.302343749999811,0.307231249999808,0.2792687499998255,0.19686249999987696,0.1988937499998757,0.19438124999987852,0.08107499999994933,0.08041874999994973,0.08591249999994631,0.042537499999973416,0.03963749999997523,0.044999999999971875,0.03433749999997854,0.03334999999997915,0.03657499999997714,0.051987499999967504,0.05116874999996802,0.05582499999996511
tag.txt,0.011762499999992649,0.010974999999993141,0.012337499999992289,0.026393749999983503,0.022668749999985832,0.029174999999981764,0.04076249999997452,0.036124999999977425,0.0446374999999721,0.18018124999988738,0.17971874999988768,0.1857624999998839,0.34594999999978376,0.380824999999762,0.34724374999978297,0.22243749999986098,0.220806249999862,0.21281249999986698,0.07310624999995431,0.06631874999995856,0.07101249999995561,0.032093749999979944,0.027581249999982762,0.03386874999997883,0.02776249999998265,0.022762499999985773,0.0260749999999837,0.03954999999997528,0.03221874999997986,0.03707499999997683
tag.txt,0.010824999999993234,0.009762499999993898,0.012087499999992445,0.027718749999982674,0.023949999999985032,0.030668749999980833,0.03838749999997601,0.035412499999977864,0.043187499999973004,0.17752499999988905,0.17674374999988954,0.1809562499998869,0.3575749999997765,0.39094999999975566,0.3603562499997748,0.21989374999986255,0.21788124999986383,0.20601249999987123,0.07153749999995529,0.0636812499999602,0.06771874999995768,0.03195624999998003,0.028412499999982244,0.03589999999997756,0.026674999999983327,0.021943749999986287,0.025781249999983887,0.037906249999976306,0.03126249999998046,0.03733124999997667
tag.txt,0.011974999999992516,0.010356249999993527,0.01246249999999221,0.02599999999998375,0.022681249999985824,0.02812499999998242,0.03993749999997504,0.036274999999977325,0.04417499999997239,0.18230624999988607,0.18166874999988647,0.18841249999988224,0.34708749999978306,0.38086874999976195,0.34761874999978276,0.22041249999986223,0.2182249999998636,0.21221249999986735,0.07146249999995534,0.06524999999995922,0.06987499999995633,0.03251249999997968,0.028262499999982336,0.03368124999997895,0.028218749999982362,0.022874999999985702,0.025499999999984063,0.04008749999997494,0.033537499999979035,0.03793749999997629
tag.txt,0.011593749999992754,0.009537499999994039,0.011806249999992621,0.027037499999983103,0.023731249999985167,0.03171874999998017,0.03801249999997624,0.034068749999978706,0.041243749999974225,0.16929999999989417,0.16868124999989456,0.17063124999989335,0.3523499999997798,0.38868749999975705,0.3581312499997762,0.22269999999986081,0.22183124999986134,0.2121749999998674,0.07079374999995576,0.06365624999996021,0.067193749999958,0.0347124999999783,0.02983749999998135,0.03749374999997657,0.03403124999997873,0.02785624999998259,0.03171249999998018,0.03946874999997533,0.03211249999997993,0.037893749999976314
tag.txt,0.011762499999992649,0.010974999999993141,0.012337499999992289,0.026393749999983503,0.022668749999985832,0.029174999999981764,0.04076249999997452,0.036124999999977425,0.0446374999999721,0.18018124999988738,0.17971874999988768,0.1857624999998839,0.34594999999978376,0.380824999999762,0.34724374999978297,0.22243749999986098,0.220806249999862,0.21281249999986698,0.07310624999995431,0.06631874999995856,0.07101249999995561,0.032093749999979944,0.027581249999982762,0.03386874999997883,0.02776249999998265,0.022762499999985773,0.0260749999999837,0.03954999999997528,0.03221874999997986,0.03707499999997683
tag.txt,0.010824999999993234,0.009762499999993898,0.012087499999992445,0.027718749999982674,0.023949999999985032,0.030668749999980833,0.03838749999997601,0.035412499999977864,0.043187499999973004,0.17752499999988905,0.17674374999988954,0.1809562499998869,0.3575749999997765,0.39094999999975566,0.3603562499997748,0.21989374999986255,0.21788124999986383,0.20601249999987123,0.07153749999995529,0.0636812499999602,0.06771874999995768,0.03195624999998003,0.028412499999982244,0.03589999999997756,0.026674999999983327,0.021943749999986287,0.025781249999983887,0.037906249999976306,0.03126249999998046,0.03733124999997667
tag.txt,0.011974999999992516,0.010356249999993527,0.01246249999999221,0.02599999999998375,0.022681249999985824,0.02812499999998242,0.03993749999997504,0.036274999999977325,0.04417499999997239,0.18230624999988607,0.18166874999988647,0.18841249999988224,0.34708749999978306,0.38086874999976195,0.34761874999978276,0.22041249999986223,0.2182249999998636,0.21221249999986735,0.07146249999995534,0.06524999999995922,0.06987499999995633,0.03251249999997968,0.028262499999982336,0.03368124999997895,0.028218749999982362,0.022874999999985702,0.025499999999984063,0.04008749999997494,0.033537499999979035,0.03793749999997629
tag.txt,0.011593749999992754,0.009537499999994039,0.011806249999992621,0.027037499999983103,0.023731249999985167,0.03171874999998017,0.03801249999997624,0.034068749999978706,0.041243749999974225,0.16929999999989417,0.16868124999989456,0.17063124999989335,0.3523499999997798,0.38868749999975705,0.3581312499997762,0.22269999999986081,0.22183124999986134,0.2121749999998674,0.07079374999995576,0.06365624999996021,0.067193749999958,0.0347124999999783,0.02983749999998135,0.03749374999997657,0.03403124999997873,0.02785624999998259,0.03171249999998018,0.03946874999997533,0.03211249999997993,0.037893749999976314
tag.txt,0.014856249999990715,0.014231249999991105,0.01572499999999017,0.028818749999981987,0.026443749999983474,0.03169999999998019,0.043874999999972575,0.041081249999974326,0.04715624999997053,0.183962499999885,0.18516874999988428,0.18779374999988263,0.33014999999979366,0.35601249999977747,0.33004374999979375,0.21763124999986397,0.21521874999986548,0.20956249999986903,0.07489374999995319,0.06806249999995746,0.07389374999995382,0.03284999999997947,0.030274999999981077,0.03451249999997843,0.028087499999982446,0.02443124999998473,0.026756249999983276,0.04487499999997195,0.03907499999997558,0.042856249999973214
tag.txt,0.013724999999991421,0.012343749999992285,0.01399999999999125,0.02851249999998218,0.02516874999998427,0.031224999999980484,0.04254999999997341,0.039431249999975354,0.045612499999971495,0.17824999999988858,0.17901874999988812,0.18050624999988718,0.3415562499997865,0.3688374999997695,0.3459624999997838,0.21624374999986484,0.21764999999986398,0.20766249999987021,0.07331874999995418,0.0667187499999583,0.07019374999995613,0.03326249999997921,0.028474999999982202,0.0342437499999786,0.02939374999998163,0.025243749999984223,0.028456249999982215,0.043187499999973004,0.0371124999999768,0.04213749999997366
tag.txt,0.013399999999991625,0.012906249999991933,0.014412499999990992,0.02674999999998328,0.024293749999984817,0.028437499999982227,0.04341249999997287,0.03911874999997555,0.04667499999997083,0.1876812499998827,0.18723124999988297,0.1926374999998796,0.33669999999978956,0.3627562499997733,0.33429999999979104,0.2147312499998658,0.21419374999986612,0.20716249999987052,0.07424999999995359,0.0683249999999573,0.07260624999995462,0.03299999999997937,0.029624999999981486,0.03394374999997878,0.028824999999981983,0.024843749999984472,0.028731249999982042,0.04124999999997422,0.036706249999977056,0.04109374999997432
tag.txt,0.013218749999991739,0.01228749999999232,0.01371249999999143,0.028681249999982075,0.024906249999984434,0.03094374999998066,0.03974999999997516,0.037306249999976684,0.04219999999997363,0.17718124999988927,0.17605624999988997,0.17980624999988762,0.3427249999997858,0.374443749999766,0.3498562499997813,0.21811249999986368,0.21787499999986382,0.21003124999986872,0.07240624999995475,0.06488124999995945,0.06870624999995706,0.033443749999979094,0.029762499999981398,0.03506874999997808,0.02978749999998138,0.024837499999984476,0.027793749999982627,0.04469374999997207,0.037643749999976474,0.04188124999997382
tag.txt,0.020024999999987483,0.01790624999998881,0.02564374999998397,0.043968749999972516,0.03559999999997775,0.051512499999967806,0.04904374999996935,0.04264374999997335,0.056437499999964724,0.15619374999990238,0.1574437499999016,0.15590624999990255,0.2355374999998528,0.2764687499998272,0.2083062499998698,0.2135999999998665,0.22268124999986083,0.1875312499998828,0.09524999999994047,0.08986874999994383,0.09844374999993848,0.052806249999967,0.045356249999971655,0.06034999999996228,0.05879999999996325,0.0502374999999686,0.06887499999995696,0.07477499999995327,0.06179374999996138,0.08699374999994564
tag.txt,0.021274999999986704,0.017893749999988818,0.025093749999984316,0.0462374999999711,0.03784374999997635,0.05206249999996746,0.04886249999996946,0.043699999999972684,0.055412499999965364,0.15430624999990356,0.15729999999990169,0.155174999999903,0.22579374999985888,0.2629874999998356,0.2108874999998682,0.2103874999998685,0.2219312499998613,0.1875312499998828,0.0999999999999375,0.0945624999999409,0.10169999999993644,0.05501249999996562,0.04805624999996996,0.059868749999962584,0.05996874999996252,0.05093124999996817,0.0665624999999584,0.07815624999995115,0.0647937499999595,0.08570624999994643
tag.txt,0.020531249999987167,0.017968749999988768,0.023943749999985036,0.0422374999999736,0.034481249999978446,0.04711249999997055,0.04922499999996923,0.04299999999997312,0.054918749999965676,0.1572687499999017,0.16136874999989914,0.16294999999989815,0.24694999999984565,0.28677499999982076,0.2295999999998565,0.2129624999998669,0.22038749999986226,0.19380624999987886,0.09453749999994092,0.08714999999994553,0.09575624999994015,0.049443749999969096,0.04314999999997303,0.05512499999996555,0.05419374999996613,0.04646874999997096,0.059781249999962635,0.0726499999999546,0.05924999999996297,0.07700624999995187
tag.txt,0.022881249999985698,0.018899999999988187,0.024649999999984594,0.04473124999997204,0.036262499999977334,0.04906874999996933,0.05137499999996789,0.045074999999971825,0.05701249999996437,0.15528124999990295,0.1604749999998997,0.15966874999990022,0.23611249999985243,0.2814062499998241,0.2283312499998573,0.20722499999987049,0.2179124999998638,0.1899187499998813,0.097593749999939,0.08900624999994437,0.09770624999993893,0.05276874999996702,0.04419374999997238,0.05606874999996496,0.055531249999965296,0.04522499999997173,0.05813124999996367,0.07649999999995219,0.06154374999996153,0.07944374999995035
tag.txt,0.03170624999998018,0.02849374999998219,0.02913749999998179,0.05959374999996275,0.049274999999969205,0.05946874999996283,0.05049999999996844,0.047143749999970536,0.054406249999965996,0.134418749999916,0.14805624999990746,0.1433499999999104,0.13974374999991265,0.17249999999989218,0.15672499999990205,0.1555124999999028,0.17016874999989365,0.16052499999989966,0.10578124999993388,0.10727499999993295,0.10538124999993413,0.08149999999994906,0.0702312499999561,0.07482499999995323,0.1274937499999203,0.11368749999992894,0.11609999999992744,0.11374999999992891,0.09316874999994176,0.10008124999993745
tag.txt,0.031418749999980365,0.028412499999982244,0.029349999999981655,0.05923749999996298,0.05006249999996871,0.06248124999996095,0.0502374999999686,0.0483124999999698,0.05188124999996757,0.1335624999999165,0.14454374999990965,0.1383624999999135,0.14904374999990685,0.18043124999988722,0.16744999999989535,0.16023749999989986,0.17273124999989203,0.1640187499998975,0.10354374999993528,0.10514999999993428,0.09990624999993755,0.08021874999994986,0.06931874999995667,0.07625624999995234,0.1225499999999234,0.1097624999999314,0.11071249999993081,0.10994999999993128,0.09127499999994296,0.09958124999993777
tag.txt,0.02971249999998143,0.028518749999982176,0.02820624999998237,0.05613749999996492,0.04829374999996982,0.05753124999996404,0.05069374999996831,0.04823749999996985,0.055237499999965474,0.13971874999991268,0.150393749999906,0.145624999999909,0.15003124999990622,0.1783624999998885,0.1643124999998973,0.1614187499998991,0.1683187499998948,0.1628812499998982,0.10581874999993386,0.10420624999993487,0.10388749999993507,0.07693124999995192,0.06873124999995704,0.07351249999995406,0.12369374999992269,0.11384374999992884,0.11116249999993053,0.10584374999993384,0.09109374999994306,0.09764374999993897
tag.txt,0.029912499999981305,0.029093749999981815,0.028537499999982164,0.054999999999965625,0.05032499999996855,0.059287499999962946,0.051324999999967924,0.04966874999996896,0.05428124999996607,0.13786874999991383,0.1452812499999092,0.14328749999991044,0.1673312499998954,0.19239374999987977,0.18083749999988696,0.16726874999989547,0.17093124999989318,0.16557499999989653,0.10217499999993614,0.10213749999993617,0.09904999999993809,0.07399374999995376,0.06775624999995765,0.07326874999995421,0.11444374999992847,0.1057624999999339,0.10247499999993595,0.10068124999993708,0.08664999999994584,0.09339999999994163
tag.txt,0.03347499999997908,0.03051249999998093,0.03128749999998044,0.05907499999996308,0.049543749999969036,0.05861249999996337,0.054568749999965895,0.05174374999996766,0.05733124999996417,0.13965624999991272,0.15021874999990611,0.14658124999990838,0.15093124999990568,0.18594374999988378,0.16810624999989493,0.15514374999990305,0.16724374999989547,0.15883749999990074,0.10691874999993317,0.10554374999993403,0.10490624999993443,0.07671249999995206,0.06846249999995721,0.07213124999995492,0.11223749999992985,0.09741874999993912,0.10044999999993721,0.11128124999993044,0.09336874999994164,0.1017562499999364
tag.txt,0.03402499999997873,0.03255624999997965,0.0321562499999799,0.05782499999996386,0.04980624999996887,0.05931874999996293,0.05643124999996473,0.0526374999999671,0.06066874999996208,0.13946874999991282,0.14886249999990697,0.1435437499999103,0.16994374999989378,0.19559374999987775,0.18154999999988652,0.1612437499998992,0.17171874999989267,0.16152499999989905,0.10340624999993538,0.1035187499999353,0.10136874999993664,0.07456874999995339,0.06693749999995817,0.0723249999999548,0.09911249999993806,0.08851874999994468,0.0899249999999438,0.10397499999993501,0.08984999999994385,0.09761874999993898
tag.txt,0.032424999999979734,0.030643749999980846,0.031174999999980517,0.05732499999996417,0.04810624999996993,0.05698749999996438,0.056874999999964454,0.05384999999996634,0.05957499999996276,0.1435437499999103,0.1512249999999055,0.14935624999990665,0.16151249999989906,0.19064374999988085,0.1748624999998907,0.15933124999990042,0.17014999999989366,0.16233124999989854,0.10588749999993383,0.1048062499999345,0.10369999999993519,0.07298124999995438,0.06551249999995905,0.07016874999995615,0.10485624999993447,0.09425624999994109,0.0953624999999404,0.10526249999993421,0.09080624999994324,0.0964812499999397
tag.txt,0.03258124999997963,0.03169999999998019,0.030924999999980673,0.056037499999964976,0.049543749999969036,0.05811249999996368,0.05557499999996526,0.052068749999967454,0.058756249999963275,0.14093749999991192,0.14946249999990657,0.14486874999990945,0.1741187499998912,0.19754374999987653,0.1868812499998832,0.16283124999989823,0.16924374999989422,0.1623812499998985,0.10083749999993698,0.10123749999993673,0.09664999999993959,0.07387499999995382,0.06568124999995895,0.07161874999995524,0.10164999999993647,0.09526249999994046,0.0950499999999406,0.10155624999993652,0.08825624999994484,0.09475624999994078
tag.txt,0.03162499999998023,0.03081249999998074,0.030818749999980737,0.06204374999996122,0.05335624999996665,0.06145624999996159,0.049099999999969314,0.04546249999997159,0.0510312499999681,0.12938124999991912,0.13505624999991558,0.13674999999991452,0.1436812499999102,0.17073124999989328,0.15490624999990318,0.1539124999999038,0.16264999999989835,0.15627499999990233,0.10099999999993688,0.10088749999993694,0.10054999999993716,0.07703749999995185,0.07222499999995485,0.075212499999953,0.13431249999991604,0.1257562499999214,0.1260749999999212,0.11790624999992631,0.10306249999993558,0.10692499999993317
tag.txt,0.034481249999978446,0.03251249999997968,0.03306874999997933,0.061581249999961514,0.054581249999965886,0.06062499999996211,0.05411874999996617,0.05041874999996849,0.05556249999996527,0.13367499999991644,0.13734999999991415,0.13914374999991302,0.1585624999999009,0.18603749999988373,0.17095624999989315,0.15365624999990396,0.16473124999989705,0.15916249999990054,0.10186249999993634,0.10102499999993686,0.1006562499999371,0.07628124999995232,0.06907499999995682,0.07228124999995482,0.11498124999992813,0.10585624999993384,0.10482499999993448,0.11079999999993075,0.0984124999999385,0.10371874999993518
tag.txt,0.032068749999979954,0.03204374999997997,0.03161874999998024,0.05994999999996253,0.052774999999967015,0.05929374999996294,0.053443749999966594,0.05068749999996832,0.05511249999996556,0.13638749999991476,0.1404687499999122,0.14141249999991162,0.16203124999989874,0.18280624999988573,0.1718312499998926,0.15805624999990123,0.1634999999998978,0.1589062499999007,0.10247499999993595,0.10003124999993748,0.09991249999993755,0.07486249999995322,0.06861874999995711,0.07174374999995516,0.11353749999992904,0.11098749999993063,0.10808749999993245,0.107187499999933,0.0980812499999387,0.1020812499999362
tag.txt,0.03065624999998084,0.030824999999980736,0.030468749999980956,0.05956249999996277,0.054899999999965685,0.06131249999996168,0.049356249999969154,0.04658749999997088,0.05052499999996842,0.1329812499999169,0.1331437499999168,0.13436874999991602,0.16155624999989904,0.18025624999988735,0.16984999999989384,0.15876874999990076,0.16068124999989958,0.1585499999999009,0.09860624999993838,0.09782499999993886,0.09524374999994047,0.07458124999995339,0.07065624999995584,0.07446249999995345,0.12560624999992148,0.124806249999922,0.1211187499999243,0.1083249999999323,0.1003187499999373,0.10409999999993494
tag.txt,0.03369374999997894,0.03510624999997806,0.03461874999997836,0.059206249999963,0.05582499999996511,0.06369999999996019,0.06113749999996179,0.05836874999996352,0.06368749999996019,0.14856874999990716,0.15239999999990475,0.1479999999999075,0.21114374999986804,0.21794999999986378,0.20166249999987396,0.1777687499998889,0.18136249999988666,0.18119999999988676,0.09661249999993962,0.0953749999999404,0.09916874999993802,0.06438749999995975,0.06022499999996236,0.06164374999996147,0.059193749999963005,0.056374999999964766,0.05614374999996491,0.08828749999994483,0.08701249999994562,0.09017499999994363
tag.txt,0.034918749999978176,0.03469374999997832,0.03672499999997705,0.058849999999963216,0.05573749999996516,0.06666249999995834,0.05786874999996383,0.055249999999965466,0.061406249999961623,0.1412687499999117,0.1460749999999087,0.13719999999991425,0.20003749999987497,0.21143749999986786,0.18566249999988396,0.16956249999989403,0.17499999999989063,0.16996249999989377,0.09688124999993945,0.09730624999993918,0.09936874999993789,0.06861874999995711,0.0651249999999593,0.06834374999995728,0.07291249999995443,0.0665624999999584,0.07068124999995583,0.09908124999993807,0.092812499999942,0.103987499999935
tag.txt,0.032518749999979675,0.031074999999980576,0.033387499999979135,0.06813749999995741,0.05691874999996443,0.07272499999995455,0.050631249999968354,0.04856249999996965,0.05317499999996676,0.12548749999992156,0.13809999999991368,0.12964999999991897,0.1324937499999172,0.15073124999990578,0.13718749999991425,0.15430624999990356,0.16338749999989788,0.15893749999990067,0.10908749999993182,0.11139374999993037,0.11006249999993122,0.08478124999994702,0.07879374999995076,0.08113749999994929,0.11881874999992574,0.10866249999993209,0.10226249999993609,0.12373749999992266,0.11237499999992977,0.12147499999992407
tag.txt,0.034068749999978706,0.034549999999978404,0.037031249999976854,0.060724999999962045,0.056362499999964774,0.06906249999995684,0.05928124999996295,0.05665624999996459,0.06217499999996114,0.14283749999991072,0.14668749999990832,0.13572499999991516,0.20567499999987146,0.21815624999986366,0.18937499999988164,0.16860624999989463,0.1723249999998923,0.1660999999998962,0.09474374999994079,0.094399999999941,0.09749999999993907,0.07001874999995623,0.06486874999995945,0.06971249999995643,0.06979374999995638,0.0659187499999588,0.0705749999999559,0.09424999999994109,0.0900749999999437,0.10274374999993578
tag.txt,0.03294374999997941,0.034568749999978395,0.03403124999997873,0.05572499999996517,0.05349374999996657,0.06475624999995953,0.05941249999996287,0.058324999999963545,0.06478124999995952,0.15117499999990552,0.152018749999905,0.14576874999990888,0.21669374999986457,0.22363124999986023,0.20666874999987084,0.18023749999988736,0.1820562499998862,0.17930624999988792,0.09798749999993876,0.09502499999994062,0.09861249999993836,0.06201874999996124,0.059543749999962786,0.0609562499999619,0.05822499999996361,0.0558312499999651,0.05620624999996487,0.08558124999994651,0.08550624999994656,0.08891249999994442
tag.txt,0.032093749999979944,0.03110624999998056,0.03563749999997773,0.060043749999962474,0.055674999999965204,0.07052499999995591,0.05511249999996556,0.052849999999966965,0.05869374999996332,0.13637499999991476,0.14357499999991027,0.13198749999991752,0.18882499999988198,0.20500624999987188,0.17653749999988966,0.1719999999998925,0.1793249999998879,0.1652999999998967,0.10102499999993686,0.1001562499999374,0.10141249999993662,0.07081249999995574,0.06633124999995854,0.07394374999995379,0.0825562499999484,0.07399999999995376,0.07843749999995098,0.10115624999993678,0.09197499999994252,0.1075249999999328
tag.txt,0.032324999999979794,0.031218749999980488,0.03325624999997921,0.06268749999996082,0.05366249999996646,0.07014374999995616,0.05163749999996772,0.049256249999969214,0.05585624999996509,0.1323187499999173,0.14233124999991104,0.1316874999999177,0.1484749999999072,0.16646874999989594,0.14876874999990702,0.16195624999989877,0.1687999999998945,0.1620874999998987,0.10836874999993226,0.11058749999993088,0.10931874999993167,0.07989999999995007,0.07446874999995345,0.07798124999995126,0.10749374999993282,0.09914999999993804,0.09405624999994121,0.11483749999992822,0.10405624999993496,0.11684374999992697
tag.txt,0.03351249999997905,0.03478124999997826,0.03514374999997803,0.0548812499999657,0.052856249999966964,0.06299999999996063,0.05914999999996303,0.058424999999963485,0.06474999999995953,0.1492624999999067,0.15002499999990623,0.14418749999990987,0.2260562499998587,0.23426249999985357,0.2137937499998664,0.1774312499998891,0.1771249999998893,0.17478749999989077,0.09169374999994269,0.09049999999994343,0.0948687499999407,0.061749999999961405,0.059443749999962846,0.06169374999996144,0.05922499999996298,0.05640624999996475,0.057462499999964084,0.0870374999999456,0.08617499999994614,0.09031249999994355
tag.txt,0.02441249999998474,0.02034999999998728,0.01947499999998783,0.036199999999977375,0.030587499999980883,0.034818749999978235,0.0551999999999655,0.0457562499999714,0.05558124999996526,0.18253124999988593,0.18254999999988591,0.19371249999987894,0.26231874999983607,0.31444374999980346,0.2819249999998238,0.19253749999987965,0.2104124999998685,0.21253749999986715,0.08734374999994542,0.07704374999995185,0.07845624999995096,0.04579374999997138,0.03547499999997783,0.03726249999997671,0.05016249999996865,0.035493749999977814,0.03496874999997814,0.06349999999996031,0.04788749999997007,0.05126249999996796
tag.txt,0.02366249999998521,0.02004374999998747,0.02029999999998731,0.03521249999997799,0.030906249999980682,0.035937499999977536,0.05271249999996706,0.04487499999997195,0.053812499999966366,0.1828687499998857,0.18090624999988694,0.1900624999998812,0.2788937499998257,0.3244062499997972,0.29033749999981856,0.19446249999987847,0.21036874999986852,0.2100749999998687,0.0841499999999474,0.0729749999999544,0.07574374999995266,0.04326249999997296,0.035449999999977846,0.037318749999976676,0.04521249999997174,0.03319999999997925,0.03479374999997825,0.05956249999996277,0.046868749999970705,0.05161874999996774
tag.txt,0.025068749999984333,0.02124374999998672,0.021656249999986464,0.035424999999977856,0.031412499999980366,0.03585624999997759,0.05530624999996543,0.046868749999970705,0.056537499999964665,0.18133124999988667,0.1804562499998872,0.1889562499998819,0.27268124999982957,0.31725624999980173,0.28180624999982384,0.1959812499998775,0.21000624999986875,0.2118437499998676,0.08384999999994759,0.07527499999995295,0.07738124999995163,0.04341249999997287,0.03528124999997795,0.0374437499999766,0.04613124999997117,0.03418749999997863,0.03518749999997801,0.060812499999961994,0.04801249999996999,0.05333124999996667
tag.txt,0.025112499999984304,0.021131249999986793,0.021787499999986384,0.03726249999997671,0.032599999999979624,0.03869374999997582,0.05616874999996489,0.047906249999970056,0.05701874999996436,0.177606249999889,0.17788124999988883,0.18469999999988457,0.27341249999982914,0.31671249999980206,0.28293749999982315,0.19258749999987962,0.20810624999986993,0.20519999999987176,0.08530624999994668,0.07687499999995195,0.07853124999995091,0.045006249999971874,0.03609374999997744,0.03889374999997569,0.0462437499999711,0.03417499999997864,0.036362499999977274,0.06129374999996169,0.048518749999969676,0.05587499999996508
tag.txt,0.02388749999998507,0.019831249999987605,0.0195187499999878,0.03913749999997554,0.03276249999997952,0.03940624999997537,0.053637499999966476,0.04615624999997115,0.05489374999996569,0.1715312499998928,0.17371249999989144,0.1785812499998884,0.2654749999998341,0.3129874999998044,0.29031874999981855,0.18751249999988281,0.20546874999987158,0.1993562499998754,0.08866249999994459,0.08146249999994909,0.08108749999994933,0.051081249999968076,0.04067499999997458,0.043799999999972625,0.05365624999996647,0.03788124999997632,0.038762499999975775,0.06541874999995911,0.04906249999996934,0.05427499999996608
tag.txt,0.021849999999986342,0.018262499999988586,0.018424999999988485,0.03428749999997857,0.030068749999981208,0.03701874999997686,0.04828749999996982,0.04213749999997366,0.04649999999997094,0.16260624999989837,0.15846249999990095,0.16331874999989793,0.3165187499998022,0.3640249999997725,0.3418999999997863,0.1990124999998756,0.20966874999986895,0.20524999999987173,0.07459999999995337,0.06668124999995832,0.06589374999995881,0.043306249999972936,0.03579374999997763,0.038424999999975985,0.04536874999997165,0.032793749999979506,0.035006249999978124,0.05416249999996615,0.042106249999973686,0.048262499999969836
tag.txt,0.023649999999985218,0.020531249999987167,0.020574999999987142,0.03801874999997624,0.03237499999997977,0.03896249999997565,0.05376874999996639,0.04628749999997107,0.05659999999996462,0.17286249999989195,0.17365624999989146,0.17865624999988833,0.2764749999998272,0.3195624999998003,0.2901437499998187,0.1921687499998799,0.20746249999987035,0.20216249999987365,0.08624374999994609,0.08027499999994983,0.08106249999994934,0.04728749999997044,0.038406249999975994,0.04195624999997378,0.04759374999997026,0.033812499999978866,0.036531249999977165,0.061931249999961295,0.04763124999997023,0.05334999999996665
tag.txt,0.022868749999985706,0.018731249999988292,0.01916874999998802,0.034899999999978185,0.03131249999998043,0.03846249999997596,0.049012499999969365,0.04246249999997346,0.047556249999970275,0.16283749999989822,0.15956249999990027,0.1625437499998984,0.3149187499998032,0.36196874999977374,0.33941249999978784,0.1974437499998766,0.20636249999987102,0.20252499999987342,0.07388749999995382,0.06813749999995741,0.06738749999995788,0.04391874999997255,0.035781249999977637,0.038837499999975725,0.044412499999972245,0.03283749999997947,0.034643749999978345,0.05579999999996513,0.04284374999997322,0.04946249999996909
tag.txt,0.03062499999998086,0.029162499999981772,0.0283187499999823,0.05828124999996357,0.051243749999967975,0.05660624999996462,0.0483124999999698,0.04709374999997057,0.04988749999996882,0.13524374999991548,0.14179374999991137,0.1430249999999106,0.16026874999989982,0.18507499999988433,0.17851874999988843,0.1566749999999021,0.16294374999989816,0.1617749999998989,0.09828749999993858,0.09738749999993913,0.09607499999993996,0.07613749999995241,0.07069999999995581,0.07234374999995478,0.12788749999992008,0.11989999999992507,0.11513749999992803,0.10828124999993233,0.09469999999994082,0.09831249999993856
tag.txt,0.029799999999981376,0.028074999999982454,0.027068749999983082,0.05510624999996556,0.04921249999996924,0.055249999999965466,0.0503999999999685,0.04725624999997047,0.05178124999996764,0.136024999999915,0.13914374999991302,0.1401749999999124,0.18354999999988528,0.21493124999986565,0.20507499999987183,0.16760624999989523,0.17193124999989254,0.17252499999989218,0.09406249999994121,0.0931374999999418,0.08983749999994385,0.07168749999995519,0.06472499999995955,0.06758749999995775,0.11334999999992916,0.10674999999993329,0.10259999999993588,0.0984124999999385,0.08483749999994697,0.08809999999994493
tag.txt,0.028362499999982273,0.028137499999982413,0.026712499999983305,0.054406249999965996,0.048418749999969736,0.0534312499999666,0.050474999999968455,0.0475249999999703,0.051068749999968084,0.14663124999990834,0.14759374999990776,0.14969374999990645,0.17740624999988913,0.19699374999987687,0.19442499999987847,0.16134374999989917,0.16408749999989744,0.16546874999989658,0.0974249999999391,0.09581249999994011,0.0924874999999422,0.07095624999995565,0.06696874999995814,0.06771249999995768,0.11606874999992746,0.11418749999992864,0.11016249999993115,0.09692499999993942,0.09027499999994358,0.08883749999994447
tag.txt,0.02932499999998167,0.0291187499999818,0.02817499999998239,0.05368124999996645,0.04999374999996875,0.054399999999965996,0.0487937499999695,0.04557499999997151,0.04871874999996955,0.13621874999991487,0.13929374999991295,0.13883124999991323,0.20153124999987404,0.21827499999986358,0.21609374999986494,0.1718312499998926,0.1716874999998927,0.1737812499998914,0.08905624999994434,0.08893749999994441,0.08547499999994658,0.06888749999995694,0.06503749999995935,0.06813749999995741,0.10888124999993194,0.10664999999993334,0.10126249999993671,0.09179374999994262,0.0854312499999466,0.0851249999999468
tag.txt,0.025874999999983828,0.024899999999984438,0.02488124999998445,0.049349999999969155,0.04488124999997195,0.050568749999968396,0.05307499999996683,0.04906249999996934,0.054568749999965895,0.15076874999990578,0.15354999999990404,0.15212499999990492,0.23196249999985502,0.25756874999983903,0.24729374999984544,0.17393749999989128,0.18300624999988563,0.17644999999988972,0.09106874999994308,0.08883749999994447,0.08840624999994474,0.06144999999996159,0.055424999999965356,0.05864999999996334,0.08259374999994838,0.07305624999995435,0.07301874999995436,0.07991874999995005,0.06971249999995643,0.07403749999995372
tag.txt,0.025781249999983887,0.024249999999984843,0.02454374999998466,0.048162499999969896,0.043124999999973046,0.04971874999996893,0.051318749999967925,0.0483124999999698,0.051593749999967756,0.150387499999906,0.150424999999906,0.14899999999990687,0.24036249999984977,0.2697999999998314,0.2619437499998363,0.1761687499998899,0.1847999999998845,0.18261249999988588,0.08716874999994552,0.0843187499999473,0.08386249999994759,0.06026874999996233,0.054749999999965784,0.05716874999996427,0.08129999999994919,0.07189374999995507,0.06948124999995657,0.07908124999995057,0.0683249999999573,0.0700749999999562
tag.txt,0.026324999999983546,0.025656249999983966,0.024856249999984464,0.05078124999996826,0.04580624999997137,0.051399999999967874,0.052187499999967385,0.04947499999996908,0.05445624999996596,0.14967499999990647,0.14996874999990628,0.1516562499999052,0.23126249999985546,0.2551437499998405,0.2444624999998472,0.17401874999989123,0.18132499999988666,0.17686249999988946,0.09208124999994245,0.08996249999994377,0.08931874999994417,0.06067499999996208,0.056962499999964396,0.05972499999996267,0.08156874999994902,0.07395624999995377,0.07235624999995478,0.08142499999994911,0.07174374999995516,0.07490624999995318
tag.txt,0.02460624999998462,0.0238374999999851,0.023149999999985533,0.04711874999997055,0.044387499999972255,0.047818749999970114,0.04941249999996912,0.047306249999970434,0.05111874999996805,0.14827499999990731,0.1461124999999087,0.14868749999990707,0.25331874999984166,0.2758874999998276,0.2691624999998318,0.1819374999998863,0.18337499999988538,0.18222499999988612,0.08582499999994636,0.08323749999994798,0.08084999999994946,0.05759374999996401,0.05374999999996641,0.056199999999964875,0.07798124999995126,0.07531874999995293,0.0723062499999548,0.07393124999995379,0.06678749999995826,0.0684812499999572
tag.txt,0.028424999999982235,0.026262499999983587,0.02428749999998482,0.05402499999996623,0.04588124999997133,0.05113749999996804,0.04971874999996893,0.04624999999997109,0.04950624999996906,0.14500624999990938,0.14873124999990706,0.1547187499999033,0.18500624999988438,0.21808749999986368,0.22244999999986098,0.16362499999989774,0.1748812499998907,0.17784374999988883,0.09560624999994025,0.09573749999994016,0.09258749999994213,0.07003749999995623,0.06247499999996095,0.06053124999996217,0.11131249999993043,0.10071874999993705,0.09030624999994356,0.09723749999993922,0.08097499999994939,0.0766312499999521
tag.txt,0.028262499999982336,0.026862499999983212,0.024612499999984615,0.05204374999996747,0.04581249999997137,0.050456249999968464,0.05188749999996757,0.04709374999997057,0.049093749999969315,0.14364374999991023,0.1448062499999095,0.14661249999990836,0.21463749999986584,0.24456249999984714,0.252812499999842,0.17563124999989024,0.1816124999998865,0.18756874999988277,0.09267499999994208,0.08999374999994375,0.08640624999994599,0.06501874999995937,0.05860624999996337,0.05580624999996512,0.09015624999994365,0.08573124999994641,0.07529999999995293,0.08604374999994623,0.07491874999995317,0.07133124999995542
tag.txt,0.028774999999982016,0.027981249999982513,0.02545624999998409,0.054249999999966096,0.04786874999997008,0.05134374999996791,0.05284374999996697,0.047556249999970275,0.051931249999967545,0.14404374999990996,0.14683124999990824,0.1511999999999055,0.19115624999988054,0.21499374999986562,0.22148749999986156,0.16679374999989574,0.17490624999989068,0.17993749999988753,0.09587499999994008,0.0934437499999416,0.09316249999994178,0.06845624999995721,0.06334999999996041,0.06053749999996216,0.10361249999993524,0.09898749999993814,0.08568749999994645,0.09419374999994112,0.08408124999994745,0.07925624999995047
tag.txt,0.02834999999998228,0.026918749999983175,0.024987499999984383,0.051581249999967764,0.04628749999997107,0.04900624999996937,0.05101874999996811,0.046274999999971075,0.049099999999969314,0.14003749999991247,0.1430312499999106,0.14491249999990943,0.21834999999986354,0.24989374999984382,0.2587249999998383,0.17307499999989182,0.1786999999998883,0.18036249999988727,0.09045624999994346,0.08624999999994609,0.08293749999994816,0.06366874999996021,0.05724999999996422,0.05658124999996464,0.0969437499999394,0.09172499999994267,0.0811187499999493,0.08651874999994592,0.07366874999995396,0.07226874999995483
tag.txt,0.02076874999998702,0.02011249999998743,0.020856249999986965,0.04036249999997477,0.037306249999976684,0.042099999999973686,0.04938124999996914,0.046518749999970924,0.05213124999996742,0.15587499999990256,0.15668749999990206,0.1602999999998998,0.31306874999980433,0.3317374999997927,0.31274374999980453,0.2043312499998723,0.20634374999987104,0.1950374999998781,0.0743874999999535,0.07265624999995458,0.0750499999999531,0.04468124999997208,0.04017499999997489,0.04690624999997069,0.0401562499999749,0.03651249999997718,0.039268749999975455,0.05698749999996438,0.05194999999996753,0.055606249999965246
tag.txt,0.020937499999986914,0.02081249999998699,0.02119999999998675,0.039531249999975294,0.036356249999977275,0.04116874999997427,0.0451249999999718,0.043224999999972986,0.048149999999969904,0.14521874999990925,0.14572499999990893,0.15036874999990602,0.34918749999978177,0.36661874999977084,0.3458562499997838,0.20178124999987387,0.2011249999998743,0.19333124999987916,0.06853124999995716,0.06654374999995841,0.06842499999995723,0.040812499999974494,0.038668749999975834,0.043962499999972524,0.03528124999997795,0.03163749999998022,0.035349999999977906,0.0535937499999665,0.049287499999969196,0.052187499999967385
tag.txt,0.022118749999986177,0.021506249999986557,0.02153749999998654,0.04041249999997474,0.03813124999997617,0.04228749999997357,0.05004999999996872,0.04634374999997103,0.052699999999967065,0.1553374999999029,0.156768749999902,0.16051249999989967,0.31122499999980546,0.33063749999979336,0.3092874999998067,0.20579999999987136,0.20649374999987094,0.19999374999987501,0.0780937499999512,0.07425624999995359,0.0772874999999517,0.043112499999973054,0.040006249999975,0.044331249999972296,0.03750624999997656,0.03383124999997886,0.037399999999976626,0.05634374999996478,0.052024999999967486,0.054662499999965836
tag.txt,0.021606249999986497,0.02051249999998718,0.020668749999987083,0.038587499999975884,0.03724374999997672,0.04134374999997416,0.04633124999997104,0.043968749999972516,0.04913124999996929,0.14622499999990862,0.14682499999990822,0.14984999999990634,0.3461312499997837,0.3660312499997712,0.34870624999978206,0.2001562499998749,0.19779374999987637,0.1910062499998806,0.06904374999995684,0.06678749999995826,0.06755624999995778,0.04206249999997371,0.039524999999975295,0.044312499999972305,0.036124999999977425,0.032956249999979405,0.036024999999977485,0.05373124999996642,0.04835624999996978,0.051399999999967874
tag.txt,0.020137499999987415,0.020056249999987466,0.01944374999998785,0.03943749999997535,0.039362499999975396,0.04026874999997483,0.049368749999969146,0.04853749999996966,0.05190624999996756,0.15783124999990136,0.15609374999990244,0.15976249999990014,0.31671249999980206,0.3292874999997942,0.32131874999979915,0.2071687499998705,0.20458749999987214,0.20228124999987357,0.07784374999995135,0.07546249999995283,0.07633749999995229,0.04229999999997356,0.04129999999997419,0.04376874999997264,0.036024999999977485,0.03453749999997841,0.03436249999997852,0.05317499999996676,0.05077499999996826,0.050549999999968405
tag.txt,0.020743749999987036,0.020824999999986986,0.020393749999987255,0.03803749999997623,0.0379249999999763,0.03966874999997521,0.0465624999999709,0.045168749999971766,0.04689374999997069,0.14921874999990672,0.14954374999990652,0.15275624999990453,0.3491062499997818,0.35990624999977505,0.35224999999977985,0.19699374999987687,0.1937687499998789,0.19219999999987988,0.06953749999995654,0.0694312499999566,0.06887499999995696,0.04233124999997354,0.040712499999974554,0.04292499999997317,0.03605624999997747,0.03409374999997869,0.034318749999978554,0.051412499999967866,0.04862499999996961,0.04971874999996893
tag.txt,0.021899999999986312,0.021781249999986388,0.020956249999986902,0.03990624999997506,0.039862499999975085,0.041256249999974216,0.0508812499999682,0.04903749999996935,0.05178124999996764,0.16040624999989975,0.16134999999989916,0.16263124999989836,0.31568749999980267,0.32469374999979705,0.32131249999979916,0.19638749999987726,0.196768749999877,0.19435624999987852,0.07582499999995261,0.07286249999995446,0.07375624999995391,0.04511249999997181,0.0435187499999728,0.044231249999972355,0.03768124999997645,0.03643124999997723,0.03625624999997734,0.05621249999996487,0.05369374999996644,0.053462499999966585
tag.txt,0.020437499999987226,0.020937499999986914,0.02025624999998734,0.03766249999997646,0.037381249999976635,0.03843124999997598,0.04577499999997139,0.044906249999971934,0.0467187499999708,0.1516999999999052,0.15197499999990502,0.15306249999990434,0.36486249999977194,0.37288749999976695,0.36775624999977014,0.19255624999987966,0.18777499999988265,0.18741249999988285,0.06468749999995957,0.06364999999996022,0.06420624999995987,0.040649999999974595,0.04050624999997468,0.04146249999997408,0.032756249999979524,0.03160624999998025,0.03233124999997979,0.04891249999996943,0.04837499999996977,0.04836249999996977
tag.txt,0.020937499999986914,0.02136249999998665,0.020218749999987365,0.03918124999997551,0.0388749999999757,0.04131249999997418,0.04837499999996977,0.04817499999996989,0.05283749999996697,0.1611374999998993,0.1598499999999001,0.16246249999989845,0.3114562499998053,0.3182437499998011,0.3094624999998066,0.20557499999987153,0.20614374999987115,0.20329374999987293,0.07871874999995081,0.07688749999995194,0.07573124999995266,0.04214999999997365,0.04092499999997442,0.0441624999999724,0.03803749999997623,0.03628749999997732,0.036949999999976904,0.05443124999996598,0.05324999999996672,0.05356874999996652
tag.txt,0.021043749999986847,0.02166249999998646,0.02083124999998698,0.038506249999975935,0.037731249999976416,0.040312499999974806,0.0465562499999709,0.045962499999971276,0.04814374999996991,0.15259374999990463,0.1526374999999046,0.15383749999990384,0.3411249999997868,0.34851874999978216,0.34273124999978577,0.20118749999987426,0.19991249999987507,0.19659374999987714,0.07020624999995612,0.06965624999995647,0.07000624999995625,0.04203749999997373,0.04086874999997446,0.04231249999997355,0.03498749999997813,0.03308749999997932,0.0339187499999788,0.051756249999967655,0.049962499999968775,0.05131249999996793
tag.txt,0.02182499999998636,0.022312499999986055,0.021381249999986637,0.039687499999975194,0.03860624999997587,0.041143749999974284,0.05126874999996796,0.049193749999969255,0.052093749999967444,0.15814374999990116,0.1592062499999005,0.1609874999998994,0.3089687499998069,0.3166499999998021,0.31033124999980605,0.20571249999987143,0.20803749999986998,0.20473124999987205,0.07991249999995005,0.0764749999999522,0.07826249999995108,0.04331874999997293,0.040981249999974385,0.042362499999973525,0.036368749999977266,0.03504999999997809,0.03469374999997832,0.05479374999996575,0.05348749999996657,0.05401249999996624
tag.txt,0.022774999999985765,0.02294374999998566,0.022199999999986123,0.040312499999974806,0.040387499999974756,0.042068749999973704,0.047393749999970376,0.04760624999997025,0.04993124999996879,0.1481624999999074,0.14746874999990783,0.1489812499999069,0.3462687499997836,0.3530937499997793,0.34744374999978284,0.1961437499998774,0.193562499999879,0.19181249999988012,0.06850624999995718,0.0681624999999574,0.06775624999995765,0.04233749999997354,0.041849999999973846,0.04388749999997257,0.0358374999999776,0.03429999999997856,0.034399999999978496,0.052262499999967335,0.05062499999996836,0.0515187499999678
tag.txt,0.012149999999992406,0.011687499999992695,0.0131187499999918,0.029412499999981617,0.028468749999982206,0.03365624999997897,0.038668749999975834,0.03741874999997662,0.04273124999997329,0.17005624999989372,0.16648124999989594,0.16539374999989662,0.34056249999978716,0.3531124999997793,0.33510624999979055,0.22324374999986046,0.22833749999985728,0.21992499999986254,0.07271249999995455,0.07016249999995615,0.07334374999995416,0.036218749999977366,0.03332499999997917,0.03766249999997646,0.033381249999979136,0.030062499999981212,0.03298749999997938,0.04359374999997275,0.04094374999997441,0.0460749999999712
tag.txt,0.011224999999992984,0.011074999999993078,0.012724999999992046,0.030331249999981044,0.028662499999982084,0.0339187499999788,0.033637499999978976,0.03300624999997937,0.03524374999997797,0.15006874999990621,0.15094999999990566,0.14953124999990655,0.3689437499997694,0.3810937499997618,0.3644062499997722,0.23243124999985473,0.23094374999985565,0.2246249999998596,0.06675624999995827,0.06476874999995952,0.06834374999995728,0.0350374999999781,0.0323124999999798,0.036443749999977224,0.02910624999998181,0.027062499999983086,0.029506249999981558,0.04246249999997346,0.040124999999974924,0.045256249999971715
tag.txt,0.011824999999992609,0.011831249999992605,0.013349999999991657,0.030293749999981065,0.027912499999982555,0.03399999999997875,0.03785624999997634,0.035924999999977544,0.04018124999997489,0.1640062499998975,0.1633499999998979,0.16081874999989948,0.3409312499997869,0.35716874999977677,0.33751874999978904,0.23009374999985618,0.23063124999985585,0.22474999999985953,0.07400624999995374,0.0697687499999564,0.07429999999995356,0.03699999999997688,0.03383124999997886,0.03820624999997612,0.03148749999998032,0.02923124999998173,0.03146249999998033,0.042499999999973434,0.04034999999997478,0.045412499999971614
tag.txt,0.011031249999993106,0.010449999999993468,0.01388749999999132,0.030074999999981204,0.02828749999998232,0.035331249999977915,0.03264999999997959,0.0321499999999799,0.03404374999997872,0.1492749999999067,0.1483124999999073,0.14484374999990948,0.37304374999976686,0.38776249999975765,0.364812499999772,0.23312499999985428,0.23353124999985403,0.22406249999985997,0.06598749999995876,0.06411874999995992,0.06825624999995734,0.03441874999997849,0.03130624999998043,0.03769999999997644,0.02881249999998199,0.025781249999983887,0.030231249999981107,0.041581249999974014,0.03829999999997606,0.04683124999997073
tag.txt,0.02978749999998138,0.028131249999982417,0.02761249999998274,0.05051249999996843,0.042343749999973535,0.048743749999969534,0.05339374999996663,0.04922499999996923,0.053874999999966325,0.1516937499999052,0.15814374999990116,0.1578999999999013,0.18174999999988642,0.21083124999986824,0.20169999999987392,0.16551249999989656,0.17688749999988945,0.1723187499998923,0.1001499999999374,0.09868749999993832,0.09898749999993814,0.06826874999995733,0.06136874999996164,0.06374374999996016,0.10459374999993463,0.09450624999994094,0.09144999999994284,0.09433749999994104,0.07987499999995008,0.08366874999994771
tag.txt,0.028137499999982413,0.02747499999998283,0.026987499999983133,0.049031249999969356,0.04473124999997204,0.04908749999996932,0.050387499999968506,0.046806249999970746,0.05156249999996777,0.14858124999990713,0.15226249999990485,0.1521437499999049,0.21029374999986858,0.22744999999985785,0.22363124999986023,0.1721687499998924,0.1758312499998901,0.17097499999989313,0.09291874999994193,0.09208124999994245,0.08979374999994388,0.06322499999996048,0.05989999999996256,0.062243749999961094,0.09866874999993833,0.09475624999994078,0.09173749999994267,0.08658749999994589,0.07870624999995081,0.08183749999994885
tag.txt,0.028937499999981915,0.028356249999982278,0.027081249999983074,0.04630624999997106,0.04199999999997375,0.0460812499999712,0.054581249999965886,0.050293749999968565,0.056037499999964976,0.1585562499999009,0.16214374999989867,0.1628749999998982,0.20356874999987276,0.22438749999985977,0.2183999999998635,0.17197499999989252,0.1752124999998905,0.17529999999989043,0.0998374999999376,0.09641249999993974,0.09467499999994083,0.06404374999995997,0.06061874999996211,0.060131249999962416,0.08831249999994481,0.08494374999994692,0.08291874999994818,0.08388124999994757,0.07563124999995273,0.07649999999995219
tag.txt,0.027206249999982998,0.02739374999998288,0.02572499999998392,0.046274999999971075,0.0422312499999736,0.046618749999970864,0.050131249999968666,0.048593749999969627,0.05048124999996845,0.15341874999990412,0.1545499999999034,0.15558749999990276,0.22524374999985922,0.2387562499998508,0.23669374999985207,0.1774312499998891,0.17668749999988956,0.17658749999988962,0.08891249999994442,0.09001249999994375,0.08621249999994611,0.05931249999996293,0.057399999999964126,0.058249999999963595,0.09108124999994308,0.09043749999994348,0.0876937499999452,0.08098749999994938,0.07393749999995379,0.07614999999995241
tag.txt,0.028249999999982345,0.025918749999983802,0.02364374999998522,0.045687499999971445,0.039999999999975,0.04281874999997324,0.05485624999996572,0.04969374999996894,0.05394374999996628,0.15876249999990077,0.16541249999989663,0.16904374999989435,0.20929999999986917,0.23717499999985175,0.24249999999984845,0.17588124999989008,0.18376874999988516,0.18564374999988398,0.09703749999993935,0.09731249999993918,0.09508749999994057,0.06252499999996092,0.056181249999964884,0.053562499999966526,0.08536874999994665,0.07563749999995273,0.0675124999999578,0.08233124999994854,0.06889999999995694,0.06624374999995859
tag.txt,0.02705624999998309,0.025531249999984042,0.023574999999985264,0.045706249999971436,0.040968749999974394,0.042418749999973485,0.05026249999996858,0.04563124999997148,0.04770624999997018,0.15113124999990554,0.15396249999990377,0.15593124999990254,0.23931249999985044,0.26360624999983523,0.2740687499998287,0.17598124999989,0.1849499999998844,0.19031249999988106,0.08776874999994515,0.08661874999994586,0.08108124999994933,0.058324999999963545,0.052618749999967115,0.05102499999996811,0.0851124999999468,0.07769999999995143,0.06786874999995758,0.0793437499999504,0.06841249999995724,0.06601249999995874
tag.txt,0.02674999999998328,0.026118749999983676,0.023956249999985028,0.042674999999973325,0.03864374999997585,0.04009999999997494,0.05531874999996542,0.05095624999996815,0.054656249999965836,0.16649374999989594,0.16776249999989515,0.17162499999989272,0.23203124999985497,0.25188124999984257,0.2547687499998408,0.17715624999988927,0.18356874999988526,0.18772499999988268,0.09399999999994126,0.09300624999994186,0.09273749999994203,0.05766249999996396,0.05376874999996639,0.05044999999996847,0.07358124999995401,0.06882499999995699,0.06113124999996179,0.07433124999995354,0.06546874999995908,0.06284999999996072
tag.txt,0.024806249999984497,0.024356249999984775,0.022287499999986072,0.04391874999997255,0.0388812499999757,0.04073749999997454,0.05053124999996842,0.047143749999970536,0.04916249999996927,0.1569437499999019,0.1611124999998993,0.15992499999990004,0.24851249999984468,0.2666687499998333,0.27799374999982623,0.17869374999988832,0.1846437499998846,0.18857499999988214,0.08519999999994675,0.08492499999994692,0.07993124999995005,0.05625624999996484,0.0519999999999675,0.050312499999968556,0.08005624999994997,0.07549374999995281,0.0678562499999576,0.07508124999995307,0.06477499999995952,0.0632187499999605
tag.txt,0.020324999999987298,0.022518749999985925,0.02326249999998546,0.03767499999997645,0.03502499999997811,0.04221249999997362,0.05638749999996476,0.04918124999996926,0.05770624999996393,0.17910624999988806,0.1763249999998898,0.17316874999989176,0.2597937499998376,0.2709874999998306,0.25109999999984306,0.20868124999986956,0.1996499999998752,0.18583124999988385,0.09348124999994158,0.09308124999994183,0.09107499999994308,0.04547499999997158,0.04666874999997083,0.05325624999996671,0.04186249999997384,0.048168749999969895,0.054918749999965676,0.05721249999996424,0.0583937499999635,0.06746874999995783
tag.txt,0.019506249999987808,0.02116874999998677,0.021949999999986283,0.03879999999997575,0.03366249999997896,0.04214999999997365,0.04649374999997094,0.04566249999997146,0.049787499999968884,0.16043124999989972,0.16438749999989727,0.16151249999989906,0.3107124999998058,0.307206249999808,0.29369999999981644,0.20807499999986995,0.20485624999987195,0.19096249999988066,0.07719374999995175,0.07988124999995007,0.07677499999995202,0.04243124999997348,0.042968749999973146,0.04837499999996977,0.04169374999997394,0.04711249999997055,0.05237499999996727,0.054662499999965836,0.05309374999996681,0.06241249999996099
tag.txt,0.022043749999986224,0.023131249999985542,0.022999999999985626,0.03861249999997587,0.03409999999997869,0.03975624999997515,0.05882499999996323,0.050387499999968506,0.05741249999996412,0.17769374999988893,0.17779999999988888,0.17601249999989,0.2636874999998352,0.28310624999982303,0.2693187499998317,0.20280624999987323,0.19944999999987534,0.18918124999988176,0.0907249999999433,0.08957499999994402,0.08648124999994596,0.04583749999997135,0.044156249999972405,0.04924374999996922,0.04137499999997414,0.0435187499999728,0.04769374999997019,0.0583937499999635,0.05477499999996577,0.06189999999996131
tag.txt,0.018356249999988528,0.02073749999998704,0.021212499999986742,0.034762499999978276,0.03185624999998009,0.03876874999997577,0.04673749999997079,0.0441624999999724,0.048762499999969525,0.16451874999989718,0.1644937499998972,0.1625812499998984,0.32698749999979565,0.323193749999798,0.30971249999980643,0.21212499999986742,0.20466874999987208,0.1918624999998801,0.07195624999995502,0.07709999999995182,0.0742374999999536,0.03827499999997608,0.04065624999997459,0.04565624999997146,0.036987499999976886,0.04316874999997302,0.0483124999999698,0.04929374999996919,0.049962499999968775,0.05889374999996319
tag.txt,0.020324999999987298,0.022518749999985925,0.02326249999998546,0.03767499999997645,0.03502499999997811,0.04221249999997362,0.05638749999996476,0.04918124999996926,0.05770624999996393,0.17910624999988806,0.1763249999998898,0.17316874999989176,0.2597937499998376,0.2709874999998306,0.25109999999984306,0.20868124999986956,0.1996499999998752,0.18583124999988385,0.09348124999994158,0.09308124999994183,0.09107499999994308,0.04547499999997158,0.04666874999997083,0.05325624999996671,0.04186249999997384,0.048168749999969895,0.054918749999965676,0.05721249999996424,0.0583937499999635,0.06746874999995783
tag.txt,0.019506249999987808,0.02116874999998677,0.021949999999986283,0.03879999999997575,0.03366249999997896,0.04214999999997365,0.04649374999997094,0.04566249999997146,0.049787499999968884,0.16043124999989972,0.16438749999989727,0.16151249999989906,0.3107124999998058,0.307206249999808,0.29369999999981644,0.20807499999986995,0.20485624999987195,0.19096249999988066,0.07719374999995175,0.07988124999995007,0.07677499999995202,0.04243124999997348,0.042968749999973146,0.04837499999996977,0.04169374999997394,0.04711249999997055,0.05237499999996727,0.054662499999965836,0.05309374999996681,0.06241249999996099
tag.txt,0.022043749999986224,0.023131249999985542,0.022999999999985626,0.03861249999997587,0.03409999999997869,0.03975624999997515,0.05882499999996323,0.050387499999968506,0.05741249999996412,0.17769374999988893,0.17779999999988888,0.17601249999989,0.2636874999998352,0.28310624999982303,0.2693187499998317,0.20280624999987323,0.19944999999987534,0.18918124999988176,0.0907249999999433,0.08957499999994402,0.08648124999994596,0.04583749999997135,0.044156249999972405,0.04924374999996922,0.04137499999997414,0.0435187499999728,0.04769374999997019,0.0583937499999635,0.05477499999996577,0.06189999999996131
tag.txt,0.018356249999988528,0.02073749999998704,0.021212499999986742,0.034762499999978276,0.03185624999998009,0.03876874999997577,0.04673749999997079,0.0441624999999724,0.048762499999969525,0.16451874999989718,0.1644937499998972,0.1625812499998984,0.32698749999979565,0.323193749999798,0.30971249999980643,0.21212499999986742,0.20466874999987208,0.1918624999998801,0.07195624999995502,0.07709999999995182,0.0742374999999536,0.03827499999997608,0.04065624999997459,0.04565624999997146,0.036987499999976886,0.04316874999997302,0.0483124999999698,0.04929374999996919,0.049962499999968775,0.05889374999996319
tag.txt,0.01658749999998963,0.016118749999989926,0.015049999999990593,0.02606249999998371,0.025224999999984236,0.026068749999983706,0.04579999999997138,0.04452499999997217,0.04503124999997186,0.1825687499998859,0.1820749999998862,0.18633749999988353,0.33043124999979345,0.34407499999978497,0.342449999999786,0.22806874999985746,0.2326437499998546,0.22805624999985746,0.07748749999995157,0.07102499999995561,0.07259999999995463,0.03004999999998122,0.027112499999983053,0.027718749999982674,0.02358749999998526,0.020762499999987024,0.020649999999987095,0.039356249999975404,0.036437499999977224,0.036037499999977476
tag.txt,0.015906249999990057,0.0151999999999905,0.014712499999990804,0.028999999999981874,0.027281249999982948,0.02961249999998149,0.0409562499999744,0.039287499999975446,0.03996874999997502,0.1590374999999006,0.15972499999990017,0.15876874999990076,0.3697374999997689,0.3863374999997585,0.3873937499997579,0.2215937499998615,0.22259999999986088,0.21757499999986402,0.06753749999995778,0.06355624999996028,0.0630437499999606,0.030581249999980888,0.02723124999998298,0.029724999999981423,0.025431249999984105,0.022556249999985904,0.02265624999998584,0.040218749999974865,0.03622499999997736,0.03654374999997716
tag.txt,0.01718124999998926,0.0169624999999894,0.015799999999990124,0.028468749999982206,0.02708749999998307,0.027674999999982703,0.04471874999997205,0.04279999999997325,0.04521249999997174,0.1800249999998875,0.18051874999988718,0.18294999999988565,0.3320874999997924,0.34729999999978295,0.3434999999997853,0.23021874999985611,0.2283187499998573,0.2291562499998568,0.07481874999995324,0.07128749999995544,0.0707374999999558,0.03030624999998106,0.027962499999982522,0.028118749999982425,0.02302499999998561,0.02033749999998729,0.020187499999987382,0.03914999999997553,0.03742499999997661,0.03666249999997709
tag.txt,0.015012499999990617,0.014187499999991133,0.014231249999991105,0.02761249999998274,0.02556249999998402,0.02777499999998264,0.038399999999976,0.03767499999997645,0.03820624999997612,0.1609687499998994,0.16264374999989833,0.1606437499998996,0.38651249999975845,0.39933749999975043,0.39941249999975037,0.2217499999998614,0.22264374999986083,0.2179312499998638,0.06205624999996121,0.05924999999996297,0.05843124999996348,0.028331249999982294,0.02601874999998374,0.027618749999982737,0.02230624999998606,0.01940624999998787,0.020518749999987176,0.037049999999976845,0.0332749999999792,0.03523124999997798
tag.txt,0.013381249999991636,0.014106249999991183,0.013224999999991735,0.023699999999985188,0.02326249999998546,0.025524999999984047,0.040137499999974915,0.03853124999997592,0.044568749999972145,0.1857312499998839,0.18551249999988406,0.18713124999988304,0.3499687499997813,0.3556187499997777,0.34953749999978156,0.22423749999985984,0.22518124999985925,0.21882499999986324,0.07283749999995448,0.0718374999999551,0.07061874999995586,0.029587499999981507,0.0279999999999825,0.030387499999981006,0.025031249999984354,0.023581249999985263,0.0247999999999845,0.03538749999997788,0.03436874999997852,0.03538124999997789
tag.txt,0.013831249999991356,0.014487499999990945,0.013493749999991566,0.02478749999998451,0.02376249999998515,0.027512499999982804,0.03749374999997657,0.03681874999997699,0.0395187499999753,0.16153124999989904,0.1636374999998977,0.16327499999989795,0.3966124999997521,0.4020312499997487,0.3964562499997522,0.21788124999986383,0.21716874999986427,0.21369374999986643,0.06128749999996169,0.060199999999962374,0.05929374999996294,0.029306249999981684,0.026474999999983453,0.029318749999981675,0.023768749999985146,0.022887499999985694,0.02364374999998522,0.03349999999997906,0.03253124999997967,0.033793749999978875
tag.txt,0.014449999999990968,0.014837499999990726,0.013956249999991278,0.023656249999985213,0.022724999999985798,0.024756249999984527,0.04084374999997447,0.03989374999997507,0.04418124999997239,0.18858749999988214,0.18825624999988233,0.19049999999988093,0.3530999999997793,0.360056249999775,0.35369374999977893,0.222418749999861,0.2225437499998609,0.219199999999863,0.07144999999995534,0.06964999999995647,0.06938124999995664,0.02926249999998171,0.02721874999998299,0.02905624999998184,0.02273749999998579,0.021637499999986477,0.02209374999998619,0.03349374999997907,0.03318124999997926,0.03318124999997926
tag.txt,0.013262499999991711,0.01329374999999169,0.013343749999991661,0.024587499999984632,0.02374374999998516,0.027068749999983082,0.0366374999999771,0.03672499999997705,0.038849999999975716,0.16333124999989793,0.16564999999989646,0.1659062499998963,0.39946874999975035,0.4012187499997492,0.39509374999975305,0.215999999999865,0.21674374999986454,0.21259374999986713,0.059606249999962745,0.05971249999996268,0.059543749999962786,0.028618749999982113,0.026818749999983238,0.02951874999998155,0.0254374999999841,0.024356249999984775,0.024593749999984628,0.033049999999979346,0.031737499999980164,0.03348749999997907
tag.txt,0.021381249999986637,0.019256249999987964,0.018437499999988477,0.032862499999979464,0.029674999999981452,0.032674999999979575,0.05084374999996822,0.04585624999997134,0.051987499999967504,0.18118124999988677,0.17940624999988786,0.18519374999988425,0.2947437499998158,0.32469999999979704,0.3086187499998071,0.2009437499998744,0.2136187499998665,0.211224999999868,0.08449999999994719,0.07964374999995022,0.07980624999995012,0.041224999999974234,0.03428124999997857,0.036443749999977224,0.039031249999975606,0.029756249999981402,0.03016249999998115,0.053287499999966695,0.043806249999972624,0.045449999999971596
tag.txt,0.020968749999986894,0.018824999999988233,0.017574999999989016,0.031593749999980256,0.029468749999981583,0.03290624999997943,0.04766249999997021,0.04331249999997293,0.04808124999996995,0.16882499999989448,0.16698124999989564,0.1707249999998933,0.331143749999793,0.35801249999977625,0.34541249999978413,0.20475624999987202,0.21293124999986693,0.20838749999986975,0.07353124999995404,0.06938124999995664,0.06903124999995686,0.03916249999997552,0.03271249999997956,0.035206249999978,0.034481249999978446,0.027037499999983103,0.028724999999982046,0.04787499999997008,0.041337499999974166,0.04394999999997253
tag.txt,0.021724999999986422,0.01979374999998763,0.018393749999988503,0.03171249999998018,0.02902499999998186,0.03189374999998006,0.05161874999996774,0.04741874999997036,0.05386249999996633,0.1818937499998863,0.18164999999988646,0.18612499999988366,0.30213124999981117,0.3272437499997955,0.31129999999980545,0.20628124999987107,0.21428749999986607,0.2137937499998664,0.08166874999994896,0.07723749999995172,0.07761874999995148,0.03881874999997574,0.03325624999997921,0.03478749999997826,0.034156249999978655,0.027274999999982952,0.02819374999998238,0.04999374999996875,0.04281249999997324,0.04403124999997248
tag.txt,0.02163124999998648,0.018918749999988174,0.01889374999998819,0.030612499999980867,0.028987499999981882,0.03325624999997921,0.04812499999996992,0.04453749999997216,0.04814374999996991,0.16994374999989378,0.16776249999989515,0.169587499999894,0.33264374999979207,0.35731249999977666,0.343993749999785,0.20371874999987266,0.21124999999986796,0.20681874999987074,0.07266874999995458,0.06862499999995711,0.06847499999995721,0.03723124999997673,0.03309374999997931,0.035437499999977855,0.03538124999997789,0.02843124999998223,0.030406249999980997,0.04804374999996997,0.041081249999974326,0.04498749999997188
tag.txt,0.02588749999998382,0.023431249999985356,0.02199999999998625,0.045787499999971386,0.03873749999997579,0.04154999999997403,0.05053124999996842,0.04529374999997169,0.04977499999996889,0.15332499999990418,0.15607499999990246,0.16506874999989682,0.22129374999986168,0.25699999999983936,0.2507937499998433,0.1847999999998845,0.1934562499998791,0.1966437499998771,0.09321249999994174,0.0899249999999438,0.08908124999994432,0.05947499999996283,0.05265624999996709,0.04951874999996905,0.08641249999994599,0.0766374999999521,0.07118749999995551,0.07927499999995045,0.06678749999995826,0.06438124999995976
tag.txt,0.02519999999998425,0.023256249999985466,0.021656249999986464,0.04460624999997212,0.03900624999997562,0.04173124999997392,0.0492812499999692,0.04497499999997189,0.04887499999996945,0.15453124999990342,0.15509999999990307,0.15926874999990046,0.23495624999985315,0.2696062499998315,0.2694312499998316,0.18471874999988455,0.19369374999987893,0.19849999999987594,0.09134999999994291,0.08978749999994388,0.08706874999994559,0.05714999999996428,0.050724999999968295,0.04902499999996936,0.08103124999994936,0.07116874999995552,0.06348749999996033,0.07717499999995177,0.06268124999996083,0.0609562499999619
tag.txt,0.02406249999998496,0.0233624999999854,0.021143749999986784,0.04280624999997325,0.038487499999975944,0.04039999999997475,0.05086249999996821,0.045943749999971285,0.04967499999996895,0.16131874999989917,0.15940624999990036,0.16676249999989579,0.2364437499998522,0.2617999999998364,0.2638812499998351,0.18873749999988204,0.19211874999987993,0.1929687499998794,0.09245624999994222,0.08692499999994567,0.08899374999994437,0.05526249999996546,0.05237499999996727,0.04886874999996946,0.07657499999995214,0.07441249999995349,0.06531874999995918,0.07147499999995532,0.06516874999995927,0.061987499999961254
tag.txt,0.023437499999985352,0.02350624999998531,0.021518749999986552,0.0427249999999733,0.038499999999975935,0.04123124999997423,0.04881874999996949,0.04461249999997212,0.04890624999996943,0.15619374999990238,0.15830624999990106,0.15987499999990007,0.2426937499998483,0.2632874999998354,0.2667499999998333,0.18920624999988175,0.1914812499998803,0.1963249999998773,0.0894374999999441,0.08709374999994557,0.08526249999994671,0.056274999999964825,0.051418749999967865,0.05003124999996873,0.07920624999995049,0.07570624999995268,0.06704999999995809,0.072006249999955,0.0660874999999587,0.0630499999999606
tag.txt,0.022668749999985832,0.022362499999986022,0.021381249999986637,0.03734374999997666,0.03595624999997753,0.03811874999997618,0.05626874999996483,0.05349374999996657,0.05767499999996395,0.18003749999988747,0.1771374999998893,0.17956249999988777,0.2710812499998306,0.29074999999981826,0.2796749999998252,0.18634999999988353,0.190424999999881,0.19142499999988036,0.0872062499999455,0.08519374999994675,0.08514374999994678,0.04809999999996994,0.044562499999972145,0.04625624999997109,0.049443749999969096,0.04364999999997272,0.04392499999997255,0.061499999999961565,0.05646874999996471,0.05683749999996448
tag.txt,0.021718749999986426,0.021031249999986856,0.02065624999998709,0.03573749999997766,0.03478124999997826,0.03597499999997752,0.05538749999996538,0.053781249999966384,0.05668749999996457,0.17934374999988792,0.17819374999988863,0.18041874999988725,0.28812499999981994,0.3028499999998107,0.29491874999981565,0.1895874999998815,0.1931062499998793,0.1927999999998795,0.08315624999994803,0.08164999999994897,0.08139374999994912,0.04504999999997184,0.04271249999997331,0.042424999999973484,0.04540624999997162,0.04040624999997475,0.041162499999974275,0.0564874999999647,0.05148749999996782,0.053562499999966526
tag.txt,0.023799999999985125,0.024162499999984897,0.02297499999998564,0.037131249999976794,0.03649374999997719,0.037124999999976795,0.05814374999996366,0.0561562499999649,0.059606249999962745,0.17996249999988753,0.17668749999988956,0.1825687499998859,0.27658124999982714,0.29225624999981736,0.2806374999998246,0.18873749999988204,0.18856874999988216,0.18999999999988124,0.0857624999999464,0.08302499999994811,0.08325624999994796,0.04658124999997089,0.04459999999997213,0.04561874999997149,0.04475624999997203,0.042443749999973475,0.04153749999997404,0.05854374999996341,0.055606249999965246,0.05667499999996458
tag.txt,0.021274999999986704,0.020968749999986894,0.020187499999987382,0.034562499999978395,0.033368749999979144,0.03459999999997838,0.05565624999996521,0.05486874999996571,0.057218749999964236,0.17857499999988838,0.17718749999988925,0.1815999999998865,0.2963374999998148,0.307231249999808,0.30013749999981243,0.19197499999988002,0.1924687499998797,0.19198749999988002,0.08109374999994931,0.08059374999994963,0.07973749999995017,0.04334374999997291,0.041574999999974015,0.042781249999973264,0.04357499999997277,0.04104374999997435,0.04069999999997456,0.05360624999996649,0.05069374999996831,0.05104999999996809
tag.txt,0.0267187499999833,0.024731249999984543,0.02403124999998498,0.04539374999997163,0.039956249999975026,0.04289374999997319,0.0563187499999648,0.05083124999996823,0.05748749999996407,0.16324374999989796,0.16711874999989554,0.17037499999989353,0.21398124999986626,0.2452687499998467,0.2321312499998549,0.1748812499998907,0.18387499999988507,0.1831749999998855,0.0972687499999392,0.09530624999994043,0.09388124999994132,0.06120624999996174,0.05409374999996619,0.05626874999996483,0.08100624999994938,0.07076874999995576,0.07033749999995603,0.07998124999995002,0.06804999999995746,0.06941874999995662
tag.txt,0.02529374999998419,0.023706249999985184,0.023449999999985344,0.04341249999997287,0.03726874999997671,0.0412812499999742,0.0539187499999663,0.05142499999996786,0.0537624999999664,0.16281874999989823,0.16522499999989673,0.16635624999989604,0.23708749999985182,0.2644249999998347,0.25881249999983824,0.18070624999988705,0.18890624999988193,0.18520624999988425,0.0899124999999438,0.08888749999994444,0.0873562499999454,0.05691249999996443,0.05078749999996826,0.0523187499999673,0.0758374999999526,0.06610624999995868,0.06534999999995915,0.07409999999995369,0.06326249999996046,0.06610624999995868
tag.txt,0.025793749999983878,0.025043749999984346,0.02425624999998484,0.043124999999973046,0.038774999999975766,0.04056249999997465,0.05746874999996408,0.05283749999996697,0.05736249999996415,0.16724999999989545,0.16882499999989448,0.1719687499998925,0.22253749999986092,0.24643124999984597,0.24061249999984963,0.17783749999988885,0.1829062499998857,0.18292499999988568,0.09803749999993873,0.0958437499999401,0.09508124999994057,0.05751249999996406,0.05417499999996614,0.054231249999966105,0.07523124999995298,0.06866249999995709,0.06603124999995873,0.075206249999953,0.06649999999995844,0.06696874999995814
tag.txt,0.02396874999998502,0.02310624999998556,0.02238749999998601,0.04138749999997413,0.038581249999975885,0.04150624999997406,0.052099999999967436,0.05053124999996842,0.05256249999996715,0.16406874999989746,0.16486874999989695,0.1668687499998957,0.2523249999998423,0.26740624999983287,0.2660874999998337,0.1842999999998848,0.18759999999988275,0.18582499999988386,0.08843749999994473,0.0878499999999451,0.08483124999994698,0.05341249999996662,0.04998749999996876,0.05083749999996823,0.07131874999995542,0.06809374999995745,0.06713749999995804,0.06868124999995708,0.06197499999996126,0.06195624999996128
