filename,mean_R,mean_G,mean_B,contrast_R,dissimilarity_R,homogeneity_R,energy_R,correlation_R,asm_R,entropy_R,contrast_G,dissimilarity_G,homogeneity_G,energy_G,correlation_G,asm_G,entropy_G,contrast_B,dissimilarity_B,homogeneity_B,energy_B,correlation_B,asm_B,entropy_B
maxjenny_1.jpg,99.02796124939123,78.66516688572945,91.6466969155082,0.26351252309665735,0.22486408676332076,0.8911074007351187,0.3200096731077444,0.9902715136727779,0.10251264629680719,16.950731797648647,0.19970120187106186,0.1827521462770261,0.9102347867360169,0.3491828059301363,0.9885755321329919,0.12201557700547416,15.48661715776839,0.3612301044956317,0.30979924152762034,0.8500979542600057,0.2888444452633343,0.9818464606490105,0.08362470641918592,17.685043897187953
maxjenny_2.jpg,117.89518727404757,99.11957667116381,112.22913301107025,0.28032360046876764,0.24211184300973437,0.8823598817299823,0.2770283273239243,0.9903851841249349,0.07684491423965678,17.98604934123485,0.24791169636643773,0.21016823752238817,0.8981972211646236,0.30090319491343404,0.9888048926270382,0.09062843189145432,16.970207231882554,0.4025850879904207,0.32968687651599204,0.8418388662698366,0.2558055365574644,0.9823190512040849,0.06560110330406328,18.695954977162017
maxjenny_3.jpg,102.41541963562744,102.55678104174547,111.59831792408755,0.306876802847956,0.24593732795741352,0.8826282061582837,0.3146183612300301,0.9834089837780424,0.09910754523021487,16.86619191236834,0.2895137148575978,0.22172462777052757,0.89521680159986,0.3340420158026993,0.9843394637708508,0.11167926051000274,16.267549556786324,0.48994431369959335,0.35519540434757146,0.834467114486007,0.2714647293107415,0.9774189001176629,0.07388104280914737,18.36672234239205
maxjenny_4.jpg,98.3802869196037,99.03933306171314,107.77982571209142,0.35551699453956304,0.264933354031027,0.8745799072007265,0.2693105712725896,0.9852241229629405,0.07261205494325634,17.92945443987862,0.3271554533785611,0.23336537773918675,0.8903891449573886,0.2834462182297304,0.9865888056672938,0.080406527227455,17.421130600369647,0.5373604917851309,0.3750295577578343,0.8252712981869222,0.23430545473043482,0.9808933941022971,0.05502066141126823,19.47653306424753
